sid,lon,lat,modell,period,population,n_timmar,fingeravtryck_c,sd_c
201,17.84313,59.24745,A2,vinter,"yta<=+5C, timvis, vakter #75/#234 (prep.py)",677,0.594,0.979
202,17.44746,59.05332,A2,vinter,"yta<=+5C, timvis, vakter #75/#234 (prep.py)",3274,-0.216,1.013
203,17.64272,59.18437,A2,vinter,"yta<=+5C, timvis, vakter #75/#234 (prep.py)",2808,0.182,0.934
206,17.66354,59.19915,A2,vinter,"yta<=+5C, timvis, vakter #75/#234 (prep.py)",3021,-0.489,0.785
207,17.76257,59.21243,A2,vinter,"yta<=+5C, timvis, vakter #75/#234 (prep.py)",3152,-0.147,1.122
208,17.80685,59.17678,A2,vinter,"yta<=+5C, timvis, vakter #75/#234 (prep.py)",3125,-0.515,0.943
209,17.91823,59.20973,A2,vinter,"yta<=+5C, timvis, vakter #75/#234 (prep.py)",2877,0.176,1.199
210,17.79342,59.09575,A2,vinter,"yta<=+5C, timvis, vakter #75/#234 (prep.py)",3254,-0.464,0.863
214,18.39315,59.14079,A2,vinter,"yta<=+5C, timvis, vakter #75/#234 (prep.py)",3150,0.508,0.947
215,18.12075,59.23986,A2,vinter,"yta<=+5C, timvis, vakter #75/#234 (prep.py)",2772,0.532,0.921
216,18.16655,59.25792,A2,vinter,"yta<=+5C, timvis, vakter #75/#234 (prep.py)",2924,-0.134,0.819
218,18.31442,59.32924,A2,vinter,"yta<=+5C, timvis, vakter #75/#234 (prep.py)",3004,-0.827,1.047
219,18.22338,59.4285,A2,vinter,"yta<=+5C, timvis, vakter #75/#234 (prep.py)",3189,-0.224,0.843
220,18.22075,59.4958,A2,vinter,"yta<=+5C, timvis, vakter #75/#234 (prep.py)",3062,-0.705,1.061
221,18.64384,59.57512,A2,vinter,"yta<=+5C, timvis, vakter #75/#234 (prep.py)",3192,0.247,0.859
222,18.04221,59.38437,A2,vinter,"yta<=+5C, timvis, vakter #75/#234 (prep.py)",2881,0.41,0.997
223,18.16462,59.48921,A2,vinter,"yta<=+5C, timvis, vakter #75/#234 (prep.py)",2904,0.332,0.839
224,18.34007,59.65588,A2,vinter,"yta<=+5C, timvis, vakter #75/#234 (prep.py)",3087,-0.294,0.966
226,17.91777,59.47614,A2,vinter,"yta<=+5C, timvis, vakter #75/#234 (prep.py)",2644,0.939,0.978
227,17.89332,59.64336,A2,vinter,"yta<=+5C, timvis, vakter #75/#234 (prep.py)",2913,-0.598,1.263
229,18.0469,59.74758,A2,vinter,"yta<=+5C, timvis, vakter #75/#234 (prep.py)",3080,-0.254,0.906
230,18.93107,59.71923,A2,vinter,"yta<=+5C, timvis, vakter #75/#234 (prep.py)",3220,-0.073,1.205
231,17.74555,59.62774,A2,vinter,"yta<=+5C, timvis, vakter #75/#234 (prep.py)",3126,0.142,0.971
232,17.8647,59.40587,A2,vinter,"yta<=+5C, timvis, vakter #75/#234 (prep.py)",2606,0.865,1.007
233,17.76478,59.48371,A2,vinter,"yta<=+5C, timvis, vakter #75/#234 (prep.py)",2881,0.279,0.885
234,17.5717,59.5608,A2,vinter,"yta<=+5C, timvis, vakter #75/#234 (prep.py)",443,0.32,0.886
236,18.02088,59.30288,A2,vinter,"yta<=+5C, timvis, vakter #75/#234 (prep.py)",2577,0.775,0.91
237,18.01109,59.34099,A2,vinter,"yta<=+5C, timvis, vakter #75/#234 (prep.py)",2606,0.992,1.079
238,18.63276,59.89256,A2,vinter,"yta<=+5C, timvis, vakter #75/#234 (prep.py)",3366,-0.043,1.118
239,18.80948,59.98992,A2,vinter,"yta<=+5C, timvis, vakter #75/#234 (prep.py)",3148,-0.182,0.92
240,17.85471,59.3024,A2,vinter,"yta<=+5C, timvis, vakter #75/#234 (prep.py)",3001,-0.167,0.977
241,17.75933,59.27802,A2,vinter,"yta<=+5C, timvis, vakter #75/#234 (prep.py)",2860,0.552,0.791
242,18.47932,59.34467,A2,vinter,"yta<=+5C, timvis, vakter #75/#234 (prep.py)",3272,-0.074,0.823
243,18.01997,59.36857,A2,vinter,"yta<=+5C, timvis, vakter #75/#234 (prep.py)",2831,0.205,0.827
244,17.59579,59.08173,A2,vinter,"yta<=+5C, timvis, vakter #75/#234 (prep.py)",2705,0.512,0.912
245,18.2319,59.56339,A2,vinter,"yta<=+5C, timvis, vakter #75/#234 (prep.py)",3044,-0.203,1.111
246,17.43894,59.19397,A2,vinter,"yta<=+5C, timvis, vakter #75/#234 (prep.py)",2863,0.013,0.831
247,18.14261,59.1299,A2,vinter,"yta<=+5C, timvis, vakter #75/#234 (prep.py)",2953,-0.156,0.903
248,17.92358,58.93432,A2,vinter,"yta<=+5C, timvis, vakter #75/#234 (prep.py)",2954,-0.434,0.98
249,18.00268,59.04415,A2,vinter,"yta<=+5C, timvis, vakter #75/#234 (prep.py)",3294,-0.205,1.094
251,18.10454,59.35688,A2,vinter,"yta<=+5C, timvis, vakter #75/#234 (prep.py)",2812,-0.08,0.84
257,18.48878,59.70307,A2,vinter,"yta<=+5C, timvis, vakter #75/#234 (prep.py)",3205,-1.176,1.209
301,17.48843,59.81709,A2,vinter,"yta<=+5C, timvis, vakter #75/#234 (prep.py)",2989,0.05,0.733
302,17.28482,59.87777,A2,vinter,"yta<=+5C, timvis, vakter #75/#234 (prep.py)",3245,0.131,1.386
303,17.56706,59.99548,A2,vinter,"yta<=+5C, timvis, vakter #75/#234 (prep.py)",3098,-0.18,0.87
305,17.4103,60.42,A2,vinter,"yta<=+5C, timvis, vakter #75/#234 (prep.py)",3232,0.155,1.166
306,18.05399,60.05141,A2,vinter,"yta<=+5C, timvis, vakter #75/#234 (prep.py)",3179,-0.09,1.066
307,18.29812,60.23655,A2,vinter,"yta<=+5C, timvis, vakter #75/#234 (prep.py)",3392,-0.756,1.015
308,18.17542,59.88074,A2,vinter,"yta<=+5C, timvis, vakter #75/#234 (prep.py)",3259,0.142,0.855
309,18.4994,60.03803,A2,vinter,"yta<=+5C, timvis, vakter #75/#234 (prep.py)",3337,-0.708,0.894
310,17.45239,60.60235,A2,vinter,"yta<=+5C, timvis, vakter #75/#234 (prep.py)",3240,-0.703,0.853
311,17.73935,60.48604,A2,vinter,"yta<=+5C, timvis, vakter #75/#234 (prep.py)",3160,0.153,0.94
313,17.7549,59.81608,A2,vinter,"yta<=+5C, timvis, vakter #75/#234 (prep.py)",2907,0.066,0.883
316,17.26433,59.66158,A2,vinter,"yta<=+5C, timvis, vakter #75/#234 (prep.py)",2949,-0.204,0.79
317,17.38179,59.62309,A2,vinter,"yta<=+5C, timvis, vakter #75/#234 (prep.py)",2986,0.227,0.884
319,16.89506,59.77428,A2,vinter,"yta<=+5C, timvis, vakter #75/#234 (prep.py)",2953,0.226,0.768
320,17.83397,60.1951,A2,vinter,"yta<=+5C, timvis, vakter #75/#234 (prep.py)",3203,-0.306,0.857
322,17.79602,59.76167,A2,vinter,"yta<=+5C, timvis, vakter #75/#234 (prep.py)",3100,-0.098,0.792
323,16.99639,59.58524,A2,vinter,"yta<=+5C, timvis, vakter #75/#234 (prep.py)",2965,0.483,0.881
325,17.87957,60.40186,A2,vinter,"yta<=+5C, timvis, vakter #75/#234 (prep.py)",3319,-0.572,0.832
326,17.65582,59.94895,A2,vinter,"yta<=+5C, timvis, vakter #75/#234 (prep.py)",3068,-0.274,0.765
327,17.62225,60.04968,A2,vinter,"yta<=+5C, timvis, vakter #75/#234 (prep.py)",3088,0.011,0.719
328,17.49551,60.21591,A2,vinter,"yta<=+5C, timvis, vakter #75/#234 (prep.py)",3129,-0.126,0.744
329,17.51135,60.32439,A2,vinter,"yta<=+5C, timvis, vakter #75/#234 (prep.py)",3244,-0.617,0.855
330,16.85856,59.63481,A2,vinter,"yta<=+5C, timvis, vakter #75/#234 (prep.py)",2783,0.155,0.738
402,16.85329,58.75713,A2,vinter,"yta<=+5C, timvis, vakter #75/#234 (prep.py)",2866,0.078,0.9
403,17.14962,58.82191,A2,vinter,"yta<=+5C, timvis, vakter #75/#234 (prep.py)",2798,0.104,0.775
404,17.54102,59.00632,A2,vinter,"yta<=+5C, timvis, vakter #75/#234 (prep.py)",2925,-0.576,0.855
405,17.33014,58.9081,A2,vinter,"yta<=+5C, timvis, vakter #75/#234 (prep.py)",1524,-0.467,0.968
406,16.75354,58.83006,A2,vinter,"yta<=+5C, timvis, vakter #75/#234 (prep.py)",3008,-0.192,0.754
409,17.22561,59.05559,A2,vinter,"yta<=+5C, timvis, vakter #75/#234 (prep.py)",3114,0.018,0.97
410,16.83437,59.08184,A2,vinter,"yta<=+5C, timvis, vakter #75/#234 (prep.py)",2879,0.4,0.799
411,16.55832,59.03738,A2,vinter,"yta<=+5C, timvis, vakter #75/#234 (prep.py)",3148,-0.119,0.885
412,16.53666,58.90833,A2,vinter,"yta<=+5C, timvis, vakter #75/#234 (prep.py)",2946,0.064,0.797
413,16.19792,58.84261,A2,vinter,"yta<=+5C, timvis, vakter #75/#234 (prep.py)",2734,0.17,0.98
414,15.86829,59.06712,A2,vinter,"yta<=+5C, timvis, vakter #75/#234 (prep.py)",2991,-0.649,0.856
417,16.60295,59.24119,A2,vinter,"yta<=+5C, timvis, vakter #75/#234 (prep.py)",2981,0.579,0.878
418,16.371,59.40762,A2,vinter,"yta<=+5C, timvis, vakter #75/#234 (prep.py)",785,-0.75,1.396
420,16.82301,59.20472,A2,vinter,"yta<=+5C, timvis, vakter #75/#234 (prep.py)",3018,0.019,0.757
421,17.1767,59.24178,A2,vinter,"yta<=+5C, timvis, vakter #75/#234 (prep.py)",2839,0.095,0.783
422,17.01225,59.44863,A2,vinter,"yta<=+5C, timvis, vakter #75/#234 (prep.py)",2975,0.428,0.847
423,16.92078,59.36031,A2,vinter,"yta<=+5C, timvis, vakter #75/#234 (prep.py)",2729,0.238,0.844
424,16.8522,58.95001,A2,vinter,"yta<=+5C, timvis, vakter #75/#234 (prep.py)",3064,-0.12,0.762
425,16.47254,58.74248,A2,vinter,"yta<=+5C, timvis, vakter #75/#234 (prep.py)",2701,0.544,0.896
426,17.04798,58.69095,A2,vinter,"yta<=+5C, timvis, vakter #75/#234 (prep.py)",2925,-0.293,0.874
427,16.22177,59.05229,A2,vinter,"yta<=+5C, timvis, vakter #75/#234 (prep.py)",2917,0.051,0.908
429,16.78683,59.37887,A2,vinter,"yta<=+5C, timvis, vakter #75/#234 (prep.py)",2825,0.239,0.753
523,16.28378,58.67749,A2,vinter,"yta<=+5C, timvis, vakter #75/#234 (prep.py)",2881,0.131,0.866
524,16.16469,58.71628,A2,vinter,"yta<=+5C, timvis, vakter #75/#234 (prep.py)",2944,-0.442,0.89
527,15.61933,58.43383,A2,vinter,"yta<=+5C, timvis, vakter #75/#234 (prep.py)",2601,-0.024,0.843
528,16.03046,58.53154,A2,vinter,"yta<=+5C, timvis, vakter #75/#234 (prep.py)",2507,-0.141,1.222
529,14.97674,58.43858,A2,vinter,"yta<=+5C, timvis, vakter #75/#234 (prep.py)",2851,-0.433,0.847
531,16.53458,58.14137,A2,vinter,"yta<=+5C, timvis, vakter #75/#234 (prep.py)",2995,-0.229,0.948
532,16.36514,58.44882,A2,vinter,"yta<=+5C, timvis, vakter #75/#234 (prep.py)",2769,0.025,0.892
533,15.16164,57.79896,A2,vinter,"yta<=+5C, timvis, vakter #75/#234 (prep.py)",3096,-0.423,0.949
534,15.08343,58.24846,A2,vinter,"yta<=+5C, timvis, vakter #75/#234 (prep.py)",2806,-0.08,1.045
535,15.69264,57.91148,A2,vinter,"yta<=+5C, timvis, vakter #75/#234 (prep.py)",3177,-0.425,1.063
536,15.61917,58.23925,A2,vinter,"yta<=+5C, timvis, vakter #75/#234 (prep.py)",3060,0.074,0.936
537,14.94874,58.30111,A2,vinter,"yta<=+5C, timvis, vakter #75/#234 (prep.py)",2553,0.678,0.962
539,15.81174,58.37349,A2,vinter,"yta<=+5C, timvis, vakter #75/#234 (prep.py)",2792,-0.157,0.981
540,15.51887,58.76549,A2,vinter,"yta<=+5C, timvis, vakter #75/#234 (prep.py)",2993,-0.138,0.806
541,16.06282,58.16255,A2,vinter,"yta<=+5C, timvis, vakter #75/#234 (prep.py)",3062,-0.357,1.138
542,16.51286,58.5754,A2,vinter,"yta<=+5C, timvis, vakter #75/#234 (prep.py)",2965,-0.276,1.013
543,15.91217,58.69465,A2,vinter,"yta<=+5C, timvis, vakter #75/#234 (prep.py)",2925,-0.219,0.96
544,14.69192,58.23123,A2,vinter,"yta<=+5C, timvis, vakter #75/#234 (prep.py)",2697,-0.933,1.208
546,15.33283,58.37723,A2,vinter,"yta<=+5C, timvis, vakter #75/#234 (prep.py)",2687,-0.377,0.78
547,14.98801,58.57393,A2,vinter,"yta<=+5C, timvis, vakter #75/#234 (prep.py)",990,-1.132,1.064
548,15.35787,58.49096,A2,vinter,"yta<=+5C, timvis, vakter #75/#234 (prep.py)",2829,-0.106,0.82
549,16.47907,58.31747,A2,vinter,"yta<=+5C, timvis, vakter #75/#234 (prep.py)",2864,-0.413,1.056
550,16.89748,58.492,A2,vinter,"yta<=+5C, timvis, vakter #75/#234 (prep.py)",3028,-0.166,1.033
552,16.01379,58.66651,A2,vinter,"yta<=+5C, timvis, vakter #75/#234 (prep.py)",2929,-0.031,0.976
553,15.28293,58.57303,A2,vinter,"yta<=+5C, timvis, vakter #75/#234 (prep.py)",3053,-0.453,0.766
554,15.0498,58.46851,A2,vinter,"yta<=+5C, timvis, vakter #75/#234 (prep.py)",2711,0.832,0.846
601,14.44188,57.99484,A2,vinter,"yta<=+5C, timvis, vakter #75/#234 (prep.py)",2516,0.672,0.958
602,14.34147,57.94626,A2,vinter,"yta<=+5C, timvis, vakter #75/#234 (prep.py)",2868,-0.19,0.91
604,14.78556,57.38834,A2,vinter,"yta<=+5C, timvis, vakter #75/#234 (prep.py)",3073,-0.076,0.751
605,14.15961,57.68915,A2,vinter,"yta<=+5C, timvis, vakter #75/#234 (prep.py)",2776,0.132,0.895
607,14.26726,57.5396,A2,vinter,"yta<=+5C, timvis, vakter #75/#234 (prep.py)",3052,0.222,0.877
611,14.25498,57.75673,A2,vinter,"yta<=+5C, timvis, vakter #75/#234 (prep.py)",2956,-0.434,0.871
614,13.99871,57.75756,A2,vinter,"yta<=+5C, timvis, vakter #75/#234 (prep.py)",3148,-0.557,1.197
616,13.84111,57.67232,A2,vinter,"yta<=+5C, timvis, vakter #75/#234 (prep.py)",2952,0.028,0.841
617,14.10016,57.82997,A2,vinter,"yta<=+5C, timvis, vakter #75/#234 (prep.py)",2804,0.238,1.013
618,14.52885,58.06883,A2,vinter,"yta<=+5C, timvis, vakter #75/#234 (prep.py)",2756,0.365,0.791
627,13.79289,57.33462,A2,vinter,"yta<=+5C, timvis, vakter #75/#234 (prep.py)",3141,-0.704,0.861
630,13.77624,57.16828,A2,vinter,"yta<=+5C, timvis, vakter #75/#234 (prep.py)",2748,0.536,0.819
631,13.97445,57.1845,A2,vinter,"yta<=+5C, timvis, vakter #75/#234 (prep.py)",2780,0.052,0.824
632,14.06288,57.07867,A2,vinter,"yta<=+5C, timvis, vakter #75/#234 (prep.py)",2683,-0.174,0.859
633,14.07749,57.23603,A2,vinter,"yta<=+5C, timvis, vakter #75/#234 (prep.py)",2752,-0.041,0.894
634,14.2728,57.002,A2,vinter,"yta<=+5C, timvis, vakter #75/#234 (prep.py)",2876,-0.078,0.723
635,14.33634,57.32534,A2,vinter,"yta<=+5C, timvis, vakter #75/#234 (prep.py)",2894,-0.129,0.764
636,14.51549,57.21369,A2,vinter,"yta<=+5C, timvis, vakter #75/#234 (prep.py)",2976,0.091,0.692
639,14.75434,57.46356,A2,vinter,"yta<=+5C, timvis, vakter #75/#234 (prep.py)",2978,0.037,0.872
640,14.65297,58.01212,A2,vinter,"yta<=+5C, timvis, vakter #75/#234 (prep.py)",3002,0.356,0.811
641,14.73242,57.65382,A2,vinter,"yta<=+5C, timvis, vakter #75/#234 (prep.py)",3028,-0.115,0.866
642,15.06459,57.64397,A2,vinter,"yta<=+5C, timvis, vakter #75/#234 (prep.py)",3159,-0.272,0.663
643,15.0023,57.50777,A2,vinter,"yta<=+5C, timvis, vakter #75/#234 (prep.py)",2935,0.039,0.788
644,15.13169,57.28582,A2,vinter,"yta<=+5C, timvis, vakter #75/#234 (prep.py)",2826,0.485,0.803
645,14.52073,57.67535,A2,vinter,"yta<=+5C, timvis, vakter #75/#234 (prep.py)",3041,0.182,0.831
646,14.09819,57.45602,A2,vinter,"yta<=+5C, timvis, vakter #75/#234 (prep.py)",2888,-0.249,0.866
647,13.66306,57.47933,A2,vinter,"yta<=+5C, timvis, vakter #75/#234 (prep.py)",2975,-0.104,0.97
648,14.26385,57.79037,A2,vinter,"yta<=+5C, timvis, vakter #75/#234 (prep.py)",2642,0.006,0.923
649,14.95136,58.03265,A2,vinter,"yta<=+5C, timvis, vakter #75/#234 (prep.py)",2835,0.157,0.759
651,14.10719,57.75742,A2,vinter,"yta<=+5C, timvis, vakter #75/#234 (prep.py)",2775,0.234,1.001
652,13.47901,57.25984,A2,vinter,"yta<=+5C, timvis, vakter #75/#234 (prep.py)",2731,-0.142,0.882
653,14.11573,57.75093,A2,vinter,"yta<=+5C, timvis, vakter #75/#234 (prep.py)",2668,0.091,0.863
654,14.8669,57.84756,A2,vinter,"yta<=+5C, timvis, vakter #75/#234 (prep.py)",2866,0.09,0.978
655,14.67848,57.78851,A2,vinter,"yta<=+5C, timvis, vakter #75/#234 (prep.py)",2965,0.172,0.857
657,13.9348,57.87394,A2,vinter,"yta<=+5C, timvis, vakter #75/#234 (prep.py)",2900,0.092,0.826
702,13.71439,56.75617,A2,vinter,"yta<=+5C, timvis, vakter #75/#234 (prep.py)",2648,0.087,0.768
703,13.99538,56.93932,A2,vinter,"yta<=+5C, timvis, vakter #75/#234 (prep.py)",2636,0.208,0.72
704,14.16355,56.87238,A2,vinter,"yta<=+5C, timvis, vakter #75/#234 (prep.py)",2761,-0.176,0.716
705,14.05709,56.5512,A2,vinter,"yta<=+5C, timvis, vakter #75/#234 (prep.py)",2820,-0.037,0.837
706,14.55003,56.5178,A2,vinter,"yta<=+5C, timvis, vakter #75/#234 (prep.py)",2854,-0.005,0.916
707,14.43481,56.71193,A2,vinter,"yta<=+5C, timvis, vakter #75/#234 (prep.py)",2735,0.244,0.862
708,14.69168,56.82573,A2,vinter,"yta<=+5C, timvis, vakter #75/#234 (prep.py)",2884,-0.014,0.792
709,14.71286,56.89818,A2,vinter,"yta<=+5C, timvis, vakter #75/#234 (prep.py)",2850,-0.257,1.082
710,14.63957,57.09455,A2,vinter,"yta<=+5C, timvis, vakter #75/#234 (prep.py)",2902,0.176,0.665
712,14.8829,56.81089,A2,vinter,"yta<=+5C, timvis, vakter #75/#234 (prep.py)",2833,-0.057,0.829
714,14.94066,56.9566,A2,vinter,"yta<=+5C, timvis, vakter #75/#234 (prep.py)",2526,0.403,0.887
715,15.24502,57.12038,A2,vinter,"yta<=+5C, timvis, vakter #75/#234 (prep.py)",3003,0.026,0.771
716,13.76299,56.61594,A2,vinter,"yta<=+5C, timvis, vakter #75/#234 (prep.py)",2216,-0.035,0.964
717,14.95516,56.54841,A2,vinter,"yta<=+5C, timvis, vakter #75/#234 (prep.py)",2836,0.135,0.758
718,15.13831,56.79012,A2,vinter,"yta<=+5C, timvis, vakter #75/#234 (prep.py)",2761,0.531,0.798
719,15.2667,56.55308,A2,vinter,"yta<=+5C, timvis, vakter #75/#234 (prep.py)",2760,0.13,0.89
720,14.54612,56.92254,A2,vinter,"yta<=+5C, timvis, vakter #75/#234 (prep.py)",2651,0.312,0.748
721,14.90223,56.38469,A2,vinter,"yta<=+5C, timvis, vakter #75/#234 (prep.py)",2639,0.285,0.893
722,13.6529,56.50588,A2,vinter,"yta<=+5C, timvis, vakter #75/#234 (prep.py)",2542,-0.26,0.751
723,15.27145,57.00413,A2,vinter,"yta<=+5C, timvis, vakter #75/#234 (prep.py)",2930,0.11,0.857
802,16.61841,56.56934,A2,vinter,"yta<=+5C, timvis, vakter #75/#234 (prep.py)",2650,-0.226,0.939
804,16.55952,56.76099,A2,vinter,"yta<=+5C, timvis, vakter #75/#234 (prep.py)",2653,-0.203,0.891
805,17.01562,57.33878,A2,vinter,"yta<=+5C, timvis, vakter #75/#234 (prep.py)",2702,0.38,0.798
806,16.21562,56.63826,A2,vinter,"yta<=+5C, timvis, vakter #75/#234 (prep.py)",2561,0.063,0.855
807,16.08381,56.53142,A2,vinter,"yta<=+5C, timvis, vakter #75/#234 (prep.py)",2477,0.295,0.956
809,15.6034,56.50224,A2,vinter,"yta<=+5C, timvis, vakter #75/#234 (prep.py)",2673,0.302,0.771
811,16.1503,56.68526,A2,vinter,"yta<=+5C, timvis, vakter #75/#234 (prep.py)",2674,-0.563,0.829
812,15.51939,56.73684,A2,vinter,"yta<=+5C, timvis, vakter #75/#234 (prep.py)",2853,-0.102,0.755
813,15.5462,56.9071,A2,vinter,"yta<=+5C, timvis, vakter #75/#234 (prep.py)",3045,0.187,0.803
814,16.3394,56.78152,A2,vinter,"yta<=+5C, timvis, vakter #75/#234 (prep.py)",2686,-0.357,0.919
815,15.9295,56.92821,A2,vinter,"yta<=+5C, timvis, vakter #75/#234 (prep.py)",2862,-0.743,1.049
816,16.48495,57.12576,A2,vinter,"yta<=+5C, timvis, vakter #75/#234 (prep.py)",2944,-0.598,0.979
817,16.24542,57.04218,A2,vinter,"yta<=+5C, timvis, vakter #75/#234 (prep.py)",2745,-0.139,1.053
818,15.60767,57.14977,A2,vinter,"yta<=+5C, timvis, vakter #75/#234 (prep.py)",3103,-0.358,0.906
819,15.5674,57.29442,A2,vinter,"yta<=+5C, timvis, vakter #75/#234 (prep.py)",2906,-0.487,0.772
821,16.08126,57.262,A2,vinter,"yta<=+5C, timvis, vakter #75/#234 (prep.py)",2921,-0.953,1.925
822,16.45862,57.29351,A2,vinter,"yta<=+5C, timvis, vakter #75/#234 (prep.py)",2846,-0.546,1.067
823,16.47321,57.60982,A2,vinter,"yta<=+5C, timvis, vakter #75/#234 (prep.py)",2875,-0.24,0.943
826,15.62516,57.63533,A2,vinter,"yta<=+5C, timvis, vakter #75/#234 (prep.py)",3062,-0.678,1.102
827,15.82524,57.42323,A2,vinter,"yta<=+5C, timvis, vakter #75/#234 (prep.py)",2864,-0.07,0.901
828,16.20318,58.05519,A2,vinter,"yta<=+5C, timvis, vakter #75/#234 (prep.py)",3085,-0.478,1.166
829,16.49526,58.00814,A2,vinter,"yta<=+5C, timvis, vakter #75/#234 (prep.py)",2987,-0.429,1.251
832,16.46101,56.66693,A2,vinter,"yta<=+5C, timvis, vakter #75/#234 (prep.py)",3103,-2.141,1.217
833,15.91562,56.72643,A2,vinter,"yta<=+5C, timvis, vakter #75/#234 (prep.py)",2719,0.276,0.903
834,15.83667,57.67282,A2,vinter,"yta<=+5C, timvis, vakter #75/#234 (prep.py)",2911,-0.591,0.894
835,15.57707,57.40869,A2,vinter,"yta<=+5C, timvis, vakter #75/#234 (prep.py)",2778,-0.324,0.922
836,16.50226,57.80555,A2,vinter,"yta<=+5C, timvis, vakter #75/#234 (prep.py)",2984,-0.396,1.018
837,16.7322,56.88985,A2,vinter,"yta<=+5C, timvis, vakter #75/#234 (prep.py)",2671,-0.122,0.84
838,16.40657,56.32072,A2,vinter,"yta<=+5C, timvis, vakter #75/#234 (prep.py)",2611,0.404,0.901
839,16.28228,57.69671,A2,vinter,"yta<=+5C, timvis, vakter #75/#234 (prep.py)",3182,-1.121,0.977
840,16.71417,57.90735,A2,vinter,"yta<=+5C, timvis, vakter #75/#234 (prep.py)",3012,-0.618,0.977
903,18.4252,57.54391,A2,vinter,"yta<=+5C, timvis, vakter #75/#234 (prep.py)",2366,-0.25,0.858
904,18.82076,57.4284,A2,vinter,"yta<=+5C, timvis, vakter #75/#234 (prep.py)",2695,-0.119,0.837
905,18.28024,57.1313,A2,vinter,"yta<=+5C, timvis, vakter #75/#234 (prep.py)",2620,-0.202,0.861
906,18.37971,57.3321,A2,vinter,"yta<=+5C, timvis, vakter #75/#234 (prep.py)",2912,-0.076,0.938
907,18.53916,57.63388,A2,vinter,"yta<=+5C, timvis, vakter #75/#234 (prep.py)",2819,0.27,0.83
909,18.91674,57.83317,A2,vinter,"yta<=+5C, timvis, vakter #75/#234 (prep.py)",2303,0.083,0.885
910,18.27452,57.62329,A2,vinter,"yta<=+5C, timvis, vakter #75/#234 (prep.py)",2700,-0.037,0.874
911,18.46715,57.76062,A2,vinter,"yta<=+5C, timvis, vakter #75/#234 (prep.py)",2898,-0.398,0.916
912,18.7465,57.58913,A2,vinter,"yta<=+5C, timvis, vakter #75/#234 (prep.py)",2855,-0.455,0.96
913,18.61617,57.32709,A2,vinter,"yta<=+5C, timvis, vakter #75/#234 (prep.py)",0,,
914,19.23691,57.9576,A2,vinter,"yta<=+5C, timvis, vakter #75/#234 (prep.py)",2820,-0.5,0.923
1001,15.92265,56.23595,A2,vinter,"yta<=+5C, timvis, vakter #75/#234 (prep.py)",2526,0.133,0.787
1004,15.58156,56.21324,A2,vinter,"yta<=+5C, timvis, vakter #75/#234 (prep.py)",2480,-0.238,0.868
1005,15.21282,56.22175,A2,vinter,"yta<=+5C, timvis, vakter #75/#234 (prep.py)",2479,-0.29,0.922
1007,15.07646,56.40534,A2,vinter,"yta<=+5C, timvis, vakter #75/#234 (prep.py)",2920,-0.471,0.924
1012,14.52867,56.2582,A2,vinter,"yta<=+5C, timvis, vakter #75/#234 (prep.py)",2579,-0.41,1.245
1017,14.39957,56.39047,A2,vinter,"yta<=+5C, timvis, vakter #75/#234 (prep.py)",2896,-0.684,1.049
1018,14.55171,56.06482,A2,vinter,"yta<=+5C, timvis, vakter #75/#234 (prep.py)",2562,-0.662,1.171
1019,14.90455,56.18801,A2,vinter,"yta<=+5C, timvis, vakter #75/#234 (prep.py)",2473,-0.04,0.991
1020,15.17377,56.32266,A2,vinter,"yta<=+5C, timvis, vakter #75/#234 (prep.py)",2679,0.509,0.821
1021,15.58133,56.30454,A2,vinter,"yta<=+5C, timvis, vakter #75/#234 (prep.py)",2671,-0.11,0.903
1022,15.3724,56.43346,A2,vinter,"yta<=+5C, timvis, vakter #75/#234 (prep.py)",2836,0.17,0.844
1023,14.73224,56.17752,A2,vinter,"yta<=+5C, timvis, vakter #75/#234 (prep.py)",2406,0.002,1.024
1024,15.74281,56.13741,A2,vinter,"yta<=+5C, timvis, vakter #75/#234 (prep.py)",2398,0.044,0.899
1026,15.11305,56.21701,A2,vinter,"yta<=+5C, timvis, vakter #75/#234 (prep.py)",2418,0.45,0.916
1101,13.3512,56.13423,A2,vinter,"yta<=+5C, timvis, vakter #75/#234 (prep.py)",2541,0.06,0.984
1103,12.94354,56.40401,A2,vinter,"yta<=+5C, timvis, vakter #75/#234 (prep.py)",2208,0.301,0.949
1104,12.95447,56.43987,A2,vinter,"yta<=+5C, timvis, vakter #75/#234 (prep.py)",2015,0.243,0.818
1106,13.02323,56.18141,A2,vinter,"yta<=+5C, timvis, vakter #75/#234 (prep.py)",1671,0.25,0.888
1111,14.10275,56.0239,A2,vinter,"yta<=+5C, timvis, vakter #75/#234 (prep.py)",2325,0.393,0.772
1112,13.68793,56.31459,A2,vinter,"yta<=+5C, timvis, vakter #75/#234 (prep.py)",2576,-0.292,1.041
1113,13.76364,56.08563,A2,vinter,"yta<=+5C, timvis, vakter #75/#234 (prep.py)",2537,0.551,0.867
1114,13.94019,56.25934,A2,vinter,"yta<=+5C, timvis, vakter #75/#234 (prep.py)",2517,0.443,0.748
1115,14.12254,56.50001,A2,vinter,"yta<=+5C, timvis, vakter #75/#234 (prep.py)",2596,0.076,0.905
1117,14.0933,55.72301,A2,vinter,"yta<=+5C, timvis, vakter #75/#234 (prep.py)",2430,0.703,0.887
1118,13.92695,55.9565,A2,vinter,"yta<=+5C, timvis, vakter #75/#234 (prep.py)",2278,0.423,0.777
1121,14.22989,55.63866,A2,vinter,"yta<=+5C, timvis, vakter #75/#234 (prep.py)",2386,-0.27,0.835
1122,14.12036,55.49531,A2,vinter,"yta<=+5C, timvis, vakter #75/#234 (prep.py)",2381,-0.111,0.958
1123,13.1499,56.22857,A2,vinter,"yta<=+5C, timvis, vakter #75/#234 (prep.py)",2341,0.368,0.882
1125,13.51021,56.38603,A2,vinter,"yta<=+5C, timvis, vakter #75/#234 (prep.py)",2490,-0.014,0.954
1126,14.24952,56.36816,A2,vinter,"yta<=+5C, timvis, vakter #75/#234 (prep.py)",2893,0.005,0.779
1127,14.26996,55.91338,A2,vinter,"yta<=+5C, timvis, vakter #75/#234 (prep.py)",2341,0.358,0.852
1128,12.8927,56.18254,A2,vinter,"yta<=+5C, timvis, vakter #75/#234 (prep.py)",2682,-0.338,1.012
1129,14.32617,56.18188,A2,vinter,"yta<=+5C, timvis, vakter #75/#234 (prep.py)",2662,-0.085,0.976
1130,14.25555,55.4479,A2,vinter,"yta<=+5C, timvis, vakter #75/#234 (prep.py)",2230,0.275,0.83
1131,13.87537,56.43083,A2,vinter,"yta<=+5C, timvis, vakter #75/#234 (prep.py)",2591,0.156,0.804
1139,13.56001,56.22063,A2,vinter,"yta<=+5C, timvis, vakter #75/#234 (prep.py)",2654,-0.295,0.894
1144,12.7222,56.4337,A2,vinter,"yta<=+5C, timvis, vakter #75/#234 (prep.py)",2531,-0.542,1.067
1146,14.07317,56.22339,A2,vinter,"yta<=+5C, timvis, vakter #75/#234 (prep.py)",2489,0.212,0.935
1200,13.40638,55.65469,A2,vinter,"yta<=+5C, timvis, vakter #75/#234 (prep.py)",2413,-0.171,0.837
1202,13.35538,55.33904,A2,vinter,"yta<=+5C, timvis, vakter #75/#234 (prep.py)",2330,0.291,1.074
1203,13.08482,55.55881,A2,vinter,"yta<=+5C, timvis, vakter #75/#234 (prep.py)",2280,-0.13,0.752
1204,13.32586,55.50842,A2,vinter,"yta<=+5C, timvis, vakter #75/#234 (prep.py)",2377,-0.283,1.248
1206,13.66835,55.47412,A2,vinter,"yta<=+5C, timvis, vakter #75/#234 (prep.py)",2288,0.195,0.845
1207,13.91451,55.56067,A2,vinter,"yta<=+5C, timvis, vakter #75/#234 (prep.py)",2335,0.216,0.881
1209,13.2242,55.71807,A2,vinter,"yta<=+5C, timvis, vakter #75/#234 (prep.py)",58,-0.181,0.51
1210,13.10679,55.64147,A2,vinter,"yta<=+5C, timvis, vakter #75/#234 (prep.py)",2263,-0.104,0.835
1211,13.01544,55.74926,A2,vinter,"yta<=+5C, timvis, vakter #75/#234 (prep.py)",2047,0.102,0.807
1212,13.131,55.7912,A2,vinter,"yta<=+5C, timvis, vakter #75/#234 (prep.py)",2210,0.624,0.846
1213,13.3044,55.76772,A2,vinter,"yta<=+5C, timvis, vakter #75/#234 (prep.py)",2260,-0.146,0.777
1214,13.72786,55.9005,A2,vinter,"yta<=+5C, timvis, vakter #75/#234 (prep.py)",2497,0.73,0.69
1215,13.64239,55.85583,A2,vinter,"yta<=+5C, timvis, vakter #75/#234 (prep.py)",2416,-0.06,0.941
1216,13.60991,55.98556,A2,vinter,"yta<=+5C, timvis, vakter #75/#234 (prep.py)",2623,-0.128,1.132
1217,13.28244,55.99556,A2,vinter,"yta<=+5C, timvis, vakter #75/#234 (prep.py)",2488,-0.004,0.911
1218,12.94881,55.99942,A2,vinter,"yta<=+5C, timvis, vakter #75/#234 (prep.py)",2393,0.453,0.967
1219,12.8885,55.85769,A2,vinter,"yta<=+5C, timvis, vakter #75/#234 (prep.py)",1959,0.165,0.78
1220,12.82087,55.93618,A2,vinter,"yta<=+5C, timvis, vakter #75/#234 (prep.py)",2197,-0.026,0.803
1222,12.78523,56.08747,A2,vinter,"yta<=+5C, timvis, vakter #75/#234 (prep.py)",2248,0.101,0.758
1224,12.56263,56.18271,A2,vinter,"yta<=+5C, timvis, vakter #75/#234 (prep.py)",2321,-0.371,0.955
1225,13.67515,55.77952,A2,vinter,"yta<=+5C, timvis, vakter #75/#234 (prep.py)",2503,0.324,0.675
1226,13.50002,55.58467,A2,vinter,"yta<=+5C, timvis, vakter #75/#234 (prep.py)",2546,0.292,0.911
1232,13.33155,55.90092,A2,vinter,"yta<=+5C, timvis, vakter #75/#234 (prep.py)",2481,0.096,0.809
1233,13.10841,55.92927,A2,vinter,"yta<=+5C, timvis, vakter #75/#234 (prep.py)",2383,0.559,0.869
1234,13.00702,55.45453,A2,vinter,"yta<=+5C, timvis, vakter #75/#234 (prep.py)",2241,0.201,0.83
1235,13.77309,55.61339,A2,vinter,"yta<=+5C, timvis, vakter #75/#234 (prep.py)",2357,0.605,0.817
1237,13.07605,55.39007,A2,vinter,"yta<=+5C, timvis, vakter #75/#234 (prep.py)",2151,0.02,0.71
1302,11.96758,57.5506,A2,vinter,"yta<=+5C, timvis, vakter #75/#234 (prep.py)",2570,-0.434,0.998
1305,12.21556,57.28403,A2,vinter,"yta<=+5C, timvis, vakter #75/#234 (prep.py)",2319,-0.425,0.945
1306,12.32142,57.24271,A2,vinter,"yta<=+5C, timvis, vakter #75/#234 (prep.py)",2409,0.062,0.998
1307,12.28902,57.07145,A2,vinter,"yta<=+5C, timvis, vakter #75/#234 (prep.py)",2374,-0.316,0.974
1308,12.59042,57.15218,A2,vinter,"yta<=+5C, timvis, vakter #75/#234 (prep.py)",2760,0.095,0.925
1311,12.79389,56.95058,A2,vinter,"yta<=+5C, timvis, vakter #75/#234 (prep.py)",2827,-0.064,1.298
1314,12.70202,56.72434,A2,vinter,"yta<=+5C, timvis, vakter #75/#234 (prep.py)",2627,-0.522,0.92
1315,13.37187,57.09672,A2,vinter,"yta<=+5C, timvis, vakter #75/#234 (prep.py)",2773,0.1,0.941
1317,12.95216,56.77581,A2,vinter,"yta<=+5C, timvis, vakter #75/#234 (prep.py)",2475,0.677,0.926
1318,12.88275,56.72412,A2,vinter,"yta<=+5C, timvis, vakter #75/#234 (prep.py)",2379,-0.077,1.03
1320,12.96606,56.52382,A2,vinter,"yta<=+5C, timvis, vakter #75/#234 (prep.py)",2132,0.393,0.885
1321,13.38066,56.49619,A2,vinter,"yta<=+5C, timvis, vakter #75/#234 (prep.py)",2745,0.115,1.005
1322,13.15111,56.38994,A2,vinter,"yta<=+5C, timvis, vakter #75/#234 (prep.py)",2567,0.341,0.833
1323,13.06551,56.92288,A2,vinter,"yta<=+5C, timvis, vakter #75/#234 (prep.py)",1652,0.447,1.011
1327,12.38559,57.02854,A2,vinter,"yta<=+5C, timvis, vakter #75/#234 (prep.py)",2218,-0.139,0.894
1328,12.08143,57.45995,A2,vinter,"yta<=+5C, timvis, vakter #75/#234 (prep.py)",2225,-0.078,0.933
1330,13.44676,57.00116,A2,vinter,"yta<=+5C, timvis, vakter #75/#234 (prep.py)",2777,0.095,1.026
1331,13.32662,56.72066,A2,vinter,"yta<=+5C, timvis, vakter #75/#234 (prep.py)",2767,-0.373,1.126
1332,12.93935,57.11995,A2,vinter,"yta<=+5C, timvis, vakter #75/#234 (prep.py)",2706,0.006,1.076
1333,12.65512,57.06879,A2,vinter,"yta<=+5C, timvis, vakter #75/#234 (prep.py)",2472,0.306,1.012
1334,13.14617,56.71937,A2,vinter,"yta<=+5C, timvis, vakter #75/#234 (prep.py)",2793,-0.018,1.239
1335,12.66302,56.86238,A2,vinter,"yta<=+5C, timvis, vakter #75/#234 (prep.py)",2280,-0.049,0.973
1336,12.80515,56.77877,A2,vinter,"yta<=+5C, timvis, vakter #75/#234 (prep.py)",2309,0.081,0.973
1337,12.9848,56.58983,A2,vinter,"yta<=+5C, timvis, vakter #75/#234 (prep.py)",2458,-0.551,0.927
1338,11.97951,57.40758,A2,vinter,"yta<=+5C, timvis, vakter #75/#234 (prep.py)",2302,0.012,1.014
1339,12.1906,57.38759,A2,vinter,"yta<=+5C, timvis, vakter #75/#234 (prep.py)",2314,-0.264,0.97
1340,12.24922,57.20089,A2,vinter,"yta<=+5C, timvis, vakter #75/#234 (prep.py)",2279,-0.167,0.984
1341,12.87792,57.27538,A2,vinter,"yta<=+5C, timvis, vakter #75/#234 (prep.py)",2683,0.002,1.198
1342,12.90382,56.64022,A2,vinter,"yta<=+5C, timvis, vakter #75/#234 (prep.py)",2144,-0.076,1.0
1401,12.05344,57.55174,A2,vinter,"yta<=+5C, timvis, vakter #75/#234 (prep.py)",2182,-0.013,1.009
1402,11.97834,57.86199,A2,vinter,"yta<=+5C, timvis, vakter #75/#234 (prep.py)",2359,-0.64,1.02
1403,11.84119,57.9791,A2,vinter,"yta<=+5C, timvis, vakter #75/#234 (prep.py)",2241,-0.112,1.204
1404,11.97531,58.15282,A2,vinter,"yta<=+5C, timvis, vakter #75/#234 (prep.py)",2905,-0.596,1.079
1406,11.68935,58.1912,A2,vinter,"yta<=+5C, timvis, vakter #75/#234 (prep.py)",2563,-0.342,1.381
1407,11.78093,58.05927,A2,vinter,"yta<=+5C, timvis, vakter #75/#234 (prep.py)",2464,-0.371,1.589
1413,12.13453,57.74009,A2,vinter,"yta<=+5C, timvis, vakter #75/#234 (prep.py)",2476,-0.115,1.136
1414,12.06925,57.67407,A2,vinter,"yta<=+5C, timvis, vakter #75/#234 (prep.py)",2224,0.126,1.029
1417,11.89231,57.79282,A2,vinter,"yta<=+5C, timvis, vakter #75/#234 (prep.py)",2353,0.25,0.984
1418,12.3929,57.69677,A2,vinter,"yta<=+5C, timvis, vakter #75/#234 (prep.py)",2775,0.191,0.992
1421,11.99854,57.79973,A2,vinter,"yta<=+5C, timvis, vakter #75/#234 (prep.py)",2556,-0.125,1.065
1422,11.27981,58.41295,A2,vinter,"yta<=+5C, timvis, vakter #75/#234 (prep.py)",2617,-0.001,1.172
1424,11.48181,58.31182,A2,vinter,"yta<=+5C, timvis, vakter #75/#234 (prep.py)",2524,0.256,1.056
1425,11.87924,58.11465,A2,vinter,"yta<=+5C, timvis, vakter #75/#234 (prep.py)",2358,0.39,0.934
1426,11.49825,58.15973,A2,vinter,"yta<=+5C, timvis, vakter #75/#234 (prep.py)",2758,-0.854,1.354
1427,11.68119,58.01463,A2,vinter,"yta<=+5C, timvis, vakter #75/#234 (prep.py)",2414,0.082,1.114
1428,11.59826,58.80433,A2,vinter,"yta<=+5C, timvis, vakter #75/#234 (prep.py)",2853,0.018,0.936
1429,11.88375,58.2789,A2,vinter,"yta<=+5C, timvis, vakter #75/#234 (prep.py)",2488,-0.464,1.288
1430,12.37147,57.6707,A2,vinter,"yta<=+5C, timvis, vakter #75/#234 (prep.py)",2540,-0.176,1.077
1431,11.83904,58.32756,A2,vinter,"yta<=+5C, timvis, vakter #75/#234 (prep.py)",2500,-0.117,1.033
1432,11.56399,58.29175,A2,vinter,"yta<=+5C, timvis, vakter #75/#234 (prep.py)",2461,-0.015,1.157
1433,12.02085,57.65095,A2,vinter,"yta<=+5C, timvis, vakter #75/#234 (prep.py)",2251,-0.175,1.009
1436,11.23927,59.02018,A2,vinter,"yta<=+5C, timvis, vakter #75/#234 (prep.py)",2773,-0.295,1.078
1437,11.47645,58.5647,A2,vinter,"yta<=+5C, timvis, vakter #75/#234 (prep.py)",2463,0.588,1.024
1438,12.07677,58.33095,A2,vinter,"yta<=+5C, timvis, vakter #75/#234 (prep.py)",2686,-0.256,1.172
1439,11.25226,59.09292,A2,vinter,"yta<=+5C, timvis, vakter #75/#234 (prep.py)",2506,0.334,1.385
1440,11.92694,57.69788,A2,vinter,"yta<=+5C, timvis, vakter #75/#234 (prep.py)",2251,0.159,0.989
1441,11.27528,58.8764,A2,vinter,"yta<=+5C, timvis, vakter #75/#234 (prep.py)",2554,-0.335,1.015
1442,11.94128,57.64602,A2,vinter,"yta<=+5C, timvis, vakter #75/#234 (prep.py)",2150,-0.552,1.134
1443,11.66164,58.45711,A2,vinter,"yta<=+5C, timvis, vakter #75/#234 (prep.py)",1360,-0.749,1.084
1501,13.4718,57.38772,A2,vinter,"yta<=+5C, timvis, vakter #75/#234 (prep.py)",3016,-0.276,0.79
1502,13.14119,57.60835,A2,vinter,"yta<=+5C, timvis, vakter #75/#234 (prep.py)",2942,-0.628,1.081
1503,12.59233,57.50803,A2,vinter,"yta<=+5C, timvis, vakter #75/#234 (prep.py)",2778,-0.13,0.932
1504,12.47049,57.58524,A2,vinter,"yta<=+5C, timvis, vakter #75/#234 (prep.py)",2680,-0.222,1.313
1506,12.54185,57.66438,A2,vinter,"yta<=+5C, timvis, vakter #75/#234 (prep.py)",2558,-0.236,1.312
1507,12.69623,57.67733,A2,vinter,"yta<=+5C, timvis, vakter #75/#234 (prep.py)",2752,-0.754,1.087
1508,12.8853,57.71248,A2,vinter,"yta<=+5C, timvis, vakter #75/#234 (prep.py)",2628,-0.594,1.162
1509,12.84788,57.757,A2,vinter,"yta<=+5C, timvis, vakter #75/#234 (prep.py)",3128,-0.603,0.949
1512,13.50452,57.80146,A2,vinter,"yta<=+5C, timvis, vakter #75/#234 (prep.py)",2426,1.529,1.028
1513,13.67684,57.77605,A2,vinter,"yta<=+5C, timvis, vakter #75/#234 (prep.py)",2971,-0.348,0.81
1514,12.19413,57.74217,A2,vinter,"yta<=+5C, timvis, vakter #75/#234 (prep.py)",2313,0.446,0.947
1515,12.32818,57.88645,A2,vinter,"yta<=+5C, timvis, vakter #75/#234 (prep.py)",2676,0.017,1.04
1516,12.45101,57.83962,A2,vinter,"yta<=+5C, timvis, vakter #75/#234 (prep.py)",2654,-0.127,1.073
1520,12.01358,57.82452,A2,vinter,"yta<=+5C, timvis, vakter #75/#234 (prep.py)",2356,0.568,1.135
1522,12.13222,57.96451,A2,vinter,"yta<=+5C, timvis, vakter #75/#234 (prep.py)",2337,0.805,1.04
1523,12.15405,58.19976,A2,vinter,"yta<=+5C, timvis, vakter #75/#234 (prep.py)",2364,0.528,1.089
1524,12.2356,58.23814,A2,vinter,"yta<=+5C, timvis, vakter #75/#234 (prep.py)",2432,0.224,0.889
1527,12.47896,58.36418,A2,vinter,"yta<=+5C, timvis, vakter #75/#234 (prep.py)",3097,-1.083,1.453
1529,12.27987,58.44641,A2,vinter,"yta<=+5C, timvis, vakter #75/#234 (prep.py)",2801,-0.208,1.042
1530,12.41298,58.60068,A2,vinter,"yta<=+5C, timvis, vakter #75/#234 (prep.py)",2623,0.315,0.955
1531,12.50682,58.78001,A2,vinter,"yta<=+5C, timvis, vakter #75/#234 (prep.py)",2669,0.14,0.949
1532,12.67693,59.05306,A2,vinter,"yta<=+5C, timvis, vakter #75/#234 (prep.py)",2873,-0.162,0.954
1534,11.99112,58.50847,A2,vinter,"yta<=+5C, timvis, vakter #75/#234 (prep.py)",2893,0.158,0.991
1536,11.86621,58.87572,A2,vinter,"yta<=+5C, timvis, vakter #75/#234 (prep.py)",3087,-0.17,1.023
1537,12.48993,59.05335,A2,vinter,"yta<=+5C, timvis, vakter #75/#234 (prep.py)",3126,-0.742,1.302
1539,12.52558,58.30369,A2,vinter,"yta<=+5C, timvis, vakter #75/#234 (prep.py)",2717,-0.068,1.165
1540,12.84793,57.9411,A2,vinter,"yta<=+5C, timvis, vakter #75/#234 (prep.py)",2647,0.305,0.83
1541,12.96634,57.48908,A2,vinter,"yta<=+5C, timvis, vakter #75/#234 (prep.py)",2693,-0.128,1.182
1542,13.19335,57.94644,A2,vinter,"yta<=+5C, timvis, vakter #75/#234 (prep.py)",2689,-0.051,0.975
1543,13.02697,57.41912,A2,vinter,"yta<=+5C, timvis, vakter #75/#234 (prep.py)",2801,-0.215,0.953
1544,13.51947,57.95454,A2,vinter,"yta<=+5C, timvis, vakter #75/#234 (prep.py)",2862,0.28,1.045
1545,13.43095,57.67339,A2,vinter,"yta<=+5C, timvis, vakter #75/#234 (prep.py)",2929,0.147,0.856
1546,12.81466,57.37576,A2,vinter,"yta<=+5C, timvis, vakter #75/#234 (prep.py)",2739,0.428,0.844
1548,12.01967,58.58064,A2,vinter,"yta<=+5C, timvis, vakter #75/#234 (prep.py)",2886,-0.64,1.546
1552,12.10703,59.19603,A2,vinter,"yta<=+5C, timvis, vakter #75/#234 (prep.py)",2743,-0.332,1.004
1553,12.18171,58.7872,A2,vinter,"yta<=+5C, timvis, vakter #75/#234 (prep.py)",2805,-0.094,0.993
1554,12.55323,57.90569,A2,vinter,"yta<=+5C, timvis, vakter #75/#234 (prep.py)",2598,-0.15,1.339
1555,12.74234,57.51286,A2,vinter,"yta<=+5C, timvis, vakter #75/#234 (prep.py)",2591,0.209,1.077
1556,12.44534,58.13707,A2,vinter,"yta<=+5C, timvis, vakter #75/#234 (prep.py)",2843,-0.232,0.98
1558,13.06149,57.74338,A2,vinter,"yta<=+5C, timvis, vakter #75/#234 (prep.py)",2844,-0.224,0.75
1559,13.34506,57.81732,A2,vinter,"yta<=+5C, timvis, vakter #75/#234 (prep.py)",2818,0.269,0.973
1560,12.46181,57.35535,A2,vinter,"yta<=+5C, timvis, vakter #75/#234 (prep.py)",2501,0.415,0.95
1602,13.07089,58.29612,A2,vinter,"yta<=+5C, timvis, vakter #75/#234 (prep.py)",2527,0.343,0.963
1603,13.46248,58.40419,A2,vinter,"yta<=+5C, timvis, vakter #75/#234 (prep.py)",2735,0.259,0.998
1604,12.79072,58.31912,A2,vinter,"yta<=+5C, timvis, vakter #75/#234 (prep.py)",2639,0.267,0.833
1605,12.8908,58.42964,A2,vinter,"yta<=+5C, timvis, vakter #75/#234 (prep.py)",2703,0.103,0.909
1606,13.24527,58.44701,A2,vinter,"yta<=+5C, timvis, vakter #75/#234 (prep.py)",2654,0.405,0.923
1607,13.80851,58.55244,A2,vinter,"yta<=+5C, timvis, vakter #75/#234 (prep.py)",2680,-0.052,0.802
1608,13.64841,58.60894,A2,vinter,"yta<=+5C, timvis, vakter #75/#234 (prep.py)",2700,-0.68,0.966
1609,14.09947,58.80486,A2,vinter,"yta<=+5C, timvis, vakter #75/#234 (prep.py)",2683,-0.349,0.961
1610,14.31777,58.89297,A2,vinter,"yta<=+5C, timvis, vakter #75/#234 (prep.py)",2926,-0.646,0.921
1612,14.30406,58.46764,A2,vinter,"yta<=+5C, timvis, vakter #75/#234 (prep.py)",2782,0.379,0.944
1614,14.1445,58.01682,A2,vinter,"yta<=+5C, timvis, vakter #75/#234 (prep.py)",2781,-0.052,0.927
1615,13.83507,58.03624,A2,vinter,"yta<=+5C, timvis, vakter #75/#234 (prep.py)",2875,0.238,1.139
1616,13.78451,58.07955,A2,vinter,"yta<=+5C, timvis, vakter #75/#234 (prep.py)",2745,0.792,1.212
1617,13.5819,58.1579,A2,vinter,"yta<=+5C, timvis, vakter #75/#234 (prep.py)",2882,-0.057,0.921
1618,13.79436,58.29451,A2,vinter,"yta<=+5C, timvis, vakter #75/#234 (prep.py)",2910,-0.079,0.984
1619,13.46387,58.30824,A2,vinter,"yta<=+5C, timvis, vakter #75/#234 (prep.py)",2957,0.289,0.736
1620,13.45325,58.16376,A2,vinter,"yta<=+5C, timvis, vakter #75/#234 (prep.py)",2866,0.017,0.864
1622,13.74892,58.38795,A2,vinter,"yta<=+5C, timvis, vakter #75/#234 (prep.py)",2993,-0.374,0.876
1623,14.12302,58.34589,A2,vinter,"yta<=+5C, timvis, vakter #75/#234 (prep.py)",2837,0.31,0.955
1627,13.63035,58.39416,A2,vinter,"yta<=+5C, timvis, vakter #75/#234 (prep.py)",2811,0.264,0.997
1628,13.40779,58.51089,A2,vinter,"yta<=+5C, timvis, vakter #75/#234 (prep.py)",2615,-0.72,1.555
1629,14.01107,58.61324,A2,vinter,"yta<=+5C, timvis, vakter #75/#234 (prep.py)",2768,-0.452,0.952
1630,14.09442,58.98836,A2,vinter,"yta<=+5C, timvis, vakter #75/#234 (prep.py)",2927,-0.27,1.009
1631,14.33808,58.68268,A2,vinter,"yta<=+5C, timvis, vakter #75/#234 (prep.py)",2883,-0.201,0.93
1633,13.11978,58.56907,A2,vinter,"yta<=+5C, timvis, vakter #75/#234 (prep.py)",2651,0.313,0.739
1634,13.97871,58.06277,A2,vinter,"yta<=+5C, timvis, vakter #75/#234 (prep.py)",2979,0.213,0.953
1635,13.84679,58.78122,A2,vinter,"yta<=+5C, timvis, vakter #75/#234 (prep.py)",2780,-0.287,0.993
1636,12.86425,58.14418,A2,vinter,"yta<=+5C, timvis, vakter #75/#234 (prep.py)",2533,0.05,0.895
1701,13.98515,59.37442,A2,vinter,"yta<=+5C, timvis, vakter #75/#234 (prep.py)",2806,0.165,1.04
1702,13.26903,59.39096,A2,vinter,"yta<=+5C, timvis, vakter #75/#234 (prep.py)",2835,-0.144,0.865
1703,12.99542,59.25535,A2,vinter,"yta<=+5C, timvis, vakter #75/#234 (prep.py)",2880,-0.409,1.045
1704,12.46399,59.28568,A2,vinter,"yta<=+5C, timvis, vakter #75/#234 (prep.py)",3185,-0.55,1.055
1707,13.80741,59.6105,A2,vinter,"yta<=+5C, timvis, vakter #75/#234 (prep.py)",3155,-0.237,0.971
1708,13.46294,59.54196,A2,vinter,"yta<=+5C, timvis, vakter #75/#234 (prep.py)",2925,0.26,1.167
1709,12.90176,59.6663,A2,vinter,"yta<=+5C, timvis, vakter #75/#234 (prep.py)",3186,-0.717,1.197
1710,13.56298,59.90514,A2,vinter,"yta<=+5C, timvis, vakter #75/#234 (prep.py)",3361,0.179,1.57
1712,14.29202,59.30978,A2,vinter,"yta<=+5C, timvis, vakter #75/#234 (prep.py)",3221,-0.349,1.256
1713,14.07169,59.6851,A2,vinter,"yta<=+5C, timvis, vakter #75/#234 (prep.py)",3226,0.075,0.956
1714,14.17572,60.11296,A2,vinter,"yta<=+5C, timvis, vakter #75/#234 (prep.py)",3327,-0.098,1.025
1715,13.17176,60.35375,A2,vinter,"yta<=+5C, timvis, vakter #75/#234 (prep.py)",3400,1.126,1.373
1716,12.27461,59.91077,A2,vinter,"yta<=+5C, timvis, vakter #75/#234 (prep.py)",3312,-0.536,1.151
1717,12.62267,60.02018,A2,vinter,"yta<=+5C, timvis, vakter #75/#234 (prep.py)",3502,0.048,1.42
1719,12.50797,61.02176,A2,vinter,"yta<=+5C, timvis, vakter #75/#234 (prep.py)",3568,1.047,1.778
1720,13.25744,60.42345,A2,vinter,"yta<=+5C, timvis, vakter #75/#234 (prep.py)",3300,-0.881,1.377
1721,12.77232,60.75702,A2,vinter,"yta<=+5C, timvis, vakter #75/#234 (prep.py)",3074,-1.169,1.585
1722,14.18282,59.19912,A2,vinter,"yta<=+5C, timvis, vakter #75/#234 (prep.py)",3016,-0.17,0.839
1723,14.19634,59.68604,A2,vinter,"yta<=+5C, timvis, vakter #75/#234 (prep.py)",3194,0.414,0.828
1724,13.9089,60.02189,A2,vinter,"yta<=+5C, timvis, vakter #75/#234 (prep.py)",3527,-0.183,1.574
1725,13.25258,60.20662,A2,vinter,"yta<=+5C, timvis, vakter #75/#234 (prep.py)",3525,-0.001,1.427
1726,12.6148,60.3851,A2,vinter,"yta<=+5C, timvis, vakter #75/#234 (prep.py)",3539,0.229,1.382
1727,13.0968,59.99261,A2,vinter,"yta<=+5C, timvis, vakter #75/#234 (prep.py)",3309,0.967,1.231
1728,12.23626,59.57759,A2,vinter,"yta<=+5C, timvis, vakter #75/#234 (prep.py)",3233,-0.403,1.054
1729,13.40264,59.86734,A2,vinter,"yta<=+5C, timvis, vakter #75/#234 (prep.py)",3335,1.082,1.069
1730,12.78825,59.40579,A2,vinter,"yta<=+5C, timvis, vakter #75/#234 (prep.py)",3116,-0.107,0.971
1731,13.59619,59.39983,A2,vinter,"yta<=+5C, timvis, vakter #75/#234 (prep.py)",2868,0.05,0.964
1732,13.39538,60.28845,A2,vinter,"yta<=+5C, timvis, vakter #75/#234 (prep.py)",3334,-0.542,1.177
1733,12.17169,59.3878,A2,vinter,"yta<=+5C, timvis, vakter #75/#234 (prep.py)",3020,-0.567,1.062
1734,14.23533,59.44107,A2,vinter,"yta<=+5C, timvis, vakter #75/#234 (prep.py)",3002,0.714,0.935
1735,13.70538,59.81202,A2,vinter,"yta<=+5C, timvis, vakter #75/#234 (prep.py)",3353,0.392,0.945
1736,12.60872,60.20856,A2,vinter,"yta<=+5C, timvis, vakter #75/#234 (prep.py)",3412,-0.452,1.224
1737,12.70407,60.65446,A2,vinter,"yta<=+5C, timvis, vakter #75/#234 (prep.py)",3474,0.916,1.279
1738,13.13367,59.72571,A2,vinter,"yta<=+5C, timvis, vakter #75/#234 (prep.py)",3027,0.71,1.055
1739,12.55393,59.7097,A2,vinter,"yta<=+5C, timvis, vakter #75/#234 (prep.py)",3045,0.362,1.057
1740,13.01138,60.24733,A2,vinter,"yta<=+5C, timvis, vakter #75/#234 (prep.py)",3280,1.013,1.422
1741,14.3313,59.78517,A2,vinter,"yta<=+5C, timvis, vakter #75/#234 (prep.py)",3269,-0.492,0.964
1745,11.81582,59.50657,A2,vinter,"yta<=+5C, timvis, vakter #75/#234 (prep.py)",3030,-0.971,1.162
1802,14.92733,58.83945,A2,vinter,"yta<=+5C, timvis, vakter #75/#234 (prep.py)",2852,0.431,0.823
1803,15.23628,59.13025,A2,vinter,"yta<=+5C, timvis, vakter #75/#234 (prep.py)",3087,-0.195,1.134
1804,15.48433,59.46093,A2,vinter,"yta<=+5C, timvis, vakter #75/#234 (prep.py)",3140,-0.808,1.009
1805,14.39915,59.32109,A2,vinter,"yta<=+5C, timvis, vakter #75/#234 (prep.py)",3071,-0.623,1.095
1806,15.01808,59.89607,A2,vinter,"yta<=+5C, timvis, vakter #75/#234 (prep.py)",3253,-0.25,1.215
1807,15.41206,59.23004,A2,vinter,"yta<=+5C, timvis, vakter #75/#234 (prep.py)",2982,0.138,0.797
1808,15.12504,59.19265,A2,vinter,"yta<=+5C, timvis, vakter #75/#234 (prep.py)",2599,0.832,0.907
1809,15.0086,59.2435,A2,vinter,"yta<=+5C, timvis, vakter #75/#234 (prep.py)",2832,0.061,0.783
1813,14.72963,59.00833,A2,vinter,"yta<=+5C, timvis, vakter #75/#234 (prep.py)",2864,0.471,0.944
1814,15.03675,59.01531,A2,vinter,"yta<=+5C, timvis, vakter #75/#234 (prep.py)",1997,-0.309,0.887
1817,14.46499,59.19336,A2,vinter,"yta<=+5C, timvis, vakter #75/#234 (prep.py)",2917,0.391,0.953
1818,14.81104,59.25935,A2,vinter,"yta<=+5C, timvis, vakter #75/#234 (prep.py)",2874,0.848,1.008
1819,15.13371,59.4561,A2,vinter,"yta<=+5C, timvis, vakter #75/#234 (prep.py)",2892,0.305,0.802
1820,15.13717,59.64346,A2,vinter,"yta<=+5C, timvis, vakter #75/#234 (prep.py)",3051,0.077,0.819
1821,14.46917,58.94775,A2,vinter,"yta<=+5C, timvis, vakter #75/#234 (prep.py)",2833,0.055,1.03
1822,14.99338,58.76905,A2,vinter,"yta<=+5C, timvis, vakter #75/#234 (prep.py)",2884,0.164,0.797
1823,15.41173,58.86538,A2,vinter,"yta<=+5C, timvis, vakter #75/#234 (prep.py)",2793,0.147,0.879
1825,15.47218,59.76081,A2,vinter,"yta<=+5C, timvis, vakter #75/#234 (prep.py)",3243,-0.124,0.813
1826,14.97861,60.02542,A2,vinter,"yta<=+5C, timvis, vakter #75/#234 (prep.py)",3056,0.159,0.785
1827,14.65541,59.81675,A2,vinter,"yta<=+5C, timvis, vakter #75/#234 (prep.py)",3217,-0.239,1.137
1828,14.71316,59.42773,A2,vinter,"yta<=+5C, timvis, vakter #75/#234 (prep.py)",3042,0.797,1.056
1829,14.65981,59.60277,A2,vinter,"yta<=+5C, timvis, vakter #75/#234 (prep.py)",3371,0.547,1.005
1830,14.59621,59.31758,A2,vinter,"yta<=+5C, timvis, vakter #75/#234 (prep.py)",2949,0.24,1.001
1901,15.98738,59.40687,A2,vinter,"yta<=+5C, timvis, vakter #75/#234 (prep.py)",2800,0.537,0.893
1903,16.30543,59.48335,A2,vinter,"yta<=+5C, timvis, vakter #75/#234 (prep.py)",2850,0.108,0.888
1904,16.05002,59.55642,A2,vinter,"yta<=+5C, timvis, vakter #75/#234 (prep.py)",2750,0.414,0.828
1905,16.19885,59.63191,A2,vinter,"yta<=+5C, timvis, vakter #75/#234 (prep.py)",3038,-0.242,0.835
1908,15.77119,59.671,A2,vinter,"yta<=+5C, timvis, vakter #75/#234 (prep.py)",3194,0.287,0.987
1909,16.23854,59.71932,A2,vinter,"yta<=+5C, timvis, vakter #75/#234 (prep.py)",3023,0.305,0.875
1910,16.56223,59.77214,A2,vinter,"yta<=+5C, timvis, vakter #75/#234 (prep.py)",2932,0.939,0.851
1911,15.57859,59.84512,A2,vinter,"yta<=+5C, timvis, vakter #75/#234 (prep.py)",3318,-0.778,0.834
1912,15.95162,59.91839,A2,vinter,"yta<=+5C, timvis, vakter #75/#234 (prep.py)",3225,-0.392,0.9
1913,16.63289,59.86078,A2,vinter,"yta<=+5C, timvis, vakter #75/#234 (prep.py)",3088,0.04,0.82
1915,15.91547,60.06724,A2,vinter,"yta<=+5C, timvis, vakter #75/#234 (prep.py)",3226,-0.216,0.828
1916,16.36495,60.02016,A2,vinter,"yta<=+5C, timvis, vakter #75/#234 (prep.py)",3142,0.198,0.769
1917,16.95893,60.24063,A2,vinter,"yta<=+5C, timvis, vakter #75/#234 (prep.py)",3329,-0.471,0.847
1918,17.20328,60.14499,A2,vinter,"yta<=+5C, timvis, vakter #75/#234 (prep.py)",3331,-0.463,0.881
1921,15.65741,59.38135,A2,vinter,"yta<=+5C, timvis, vakter #75/#234 (prep.py)",2777,0.072,0.743
1922,16.82582,59.93722,A2,vinter,"yta<=+5C, timvis, vakter #75/#234 (prep.py)",3044,0.23,1.073
1923,16.66186,59.62021,A2,vinter,"yta<=+5C, timvis, vakter #75/#234 (prep.py)",3000,-0.536,1.515
1924,16.51121,59.61718,A2,vinter,"yta<=+5C, timvis, vakter #75/#234 (prep.py)",2772,0.917,0.774
2001,15.6589,60.38464,A2,vinter,"yta<=+5C, timvis, vakter #75/#234 (prep.py)",3273,0.498,0.903
2003,16.35921,60.25084,A2,vinter,"yta<=+5C, timvis, vakter #75/#234 (prep.py)",3200,0.34,0.929
2004,15.97345,60.56871,A2,vinter,"yta<=+5C, timvis, vakter #75/#234 (prep.py)",3330,-0.002,0.868
2005,15.56767,60.54666,A2,vinter,"yta<=+5C, timvis, vakter #75/#234 (prep.py)",3174,0.295,0.954
2006,15.06947,60.82718,A2,vinter,"yta<=+5C, timvis, vakter #75/#234 (prep.py)",3360,-0.031,1.19
2007,14.79805,61.3877,A2,vinter,"yta<=+5C, timvis, vakter #75/#234 (prep.py)",3494,0.446,1.069
2009,13.49569,60.51606,A2,vinter,"yta<=+5C, timvis, vakter #75/#234 (prep.py)",3421,-0.064,1.029
2010,13.95575,60.50087,A2,vinter,"yta<=+5C, timvis, vakter #75/#234 (prep.py)",3349,0.622,1.089
2011,15.12289,60.12292,A2,vinter,"yta<=+5C, timvis, vakter #75/#234 (prep.py)",3242,-0.344,0.83
2012,15.3182,60.329,A2,vinter,"yta<=+5C, timvis, vakter #75/#234 (prep.py)",3246,0.104,0.833
2015,13.11398,61.15832,A2,vinter,"yta<=+5C, timvis, vakter #75/#234 (prep.py)",3528,1.079,1.103
2016,14.83506,60.92175,A2,vinter,"yta<=+5C, timvis, vakter #75/#234 (prep.py)",3330,-0.605,1.217
2020,14.28152,61.10679,A2,vinter,"yta<=+5C, timvis, vakter #75/#234 (prep.py)",3495,0.251,1.328
2021,13.47749,61.41966,A2,vinter,"yta<=+5C, timvis, vakter #75/#234 (prep.py)",3473,0.29,1.084
2025,15.31488,60.53019,A2,vinter,"yta<=+5C, timvis, vakter #75/#234 (prep.py)",3274,0.045,0.85
2026,14.19978,60.32658,A2,vinter,"yta<=+5C, timvis, vakter #75/#234 (prep.py)",3399,0.688,1.061
2027,13.43257,60.79871,A2,vinter,"yta<=+5C, timvis, vakter #75/#234 (prep.py)",3436,0.111,1.281
2028,13.61997,61.07876,A2,vinter,"yta<=+5C, timvis, vakter #75/#234 (prep.py)",3486,-0.292,1.52
2029,14.67408,60.46694,A2,vinter,"yta<=+5C, timvis, vakter #75/#234 (prep.py)",3385,0.702,1.336
2030,15.46065,60.71369,A2,vinter,"yta<=+5C, timvis, vakter #75/#234 (prep.py)",3390,-0.199,0.945
2031,15.66647,59.99664,A2,vinter,"yta<=+5C, timvis, vakter #75/#234 (prep.py)",3171,0.204,0.833
2032,15.13507,61.16663,A2,vinter,"yta<=+5C, timvis, vakter #75/#234 (prep.py)",3447,-0.321,1.297
2033,12.28758,61.84026,A2,vinter,"yta<=+5C, timvis, vakter #75/#234 (prep.py)",3523,-0.059,1.579
2035,14.84721,61.49486,A2,vinter,"yta<=+5C, timvis, vakter #75/#234 (prep.py)",3531,0.108,1.253
2036,16.08531,60.84889,A2,vinter,"yta<=+5C, timvis, vakter #75/#234 (prep.py)",3570,-0.035,1.203
2037,13.073,61.38492,A2,vinter,"yta<=+5C, timvis, vakter #75/#234 (prep.py)",3530,0.499,1.413
2039,14.52263,60.1602,A2,vinter,"yta<=+5C, timvis, vakter #75/#234 (prep.py)",3511,0.066,1.345
2040,14.57236,61.00965,A2,vinter,"yta<=+5C, timvis, vakter #75/#234 (prep.py)",3288,1.109,1.086
2041,14.61004,60.60374,A2,vinter,"yta<=+5C, timvis, vakter #75/#234 (prep.py)",0,,
2042,14.33417,60.85978,A2,vinter,"yta<=+5C, timvis, vakter #75/#234 (prep.py)",3521,-0.281,1.315
2043,15.25262,60.82338,A2,vinter,"yta<=+5C, timvis, vakter #75/#234 (prep.py)",3427,-0.167,0.94
2044,16.02826,60.24094,A2,vinter,"yta<=+5C, timvis, vakter #75/#234 (prep.py)",3024,-0.115,1.083
2101,16.91662,60.29538,A2,vinter,"yta<=+5C, timvis, vakter #75/#234 (prep.py)",3215,0.175,0.842
2102,16.90422,60.6258,A2,vinter,"yta<=+5C, timvis, vakter #75/#234 (prep.py)",3181,0.045,0.861
2104,17.09528,61.76464,A2,vinter,"yta<=+5C, timvis, vakter #75/#234 (prep.py)",3268,0.09,1.385
2105,16.32031,60.55791,A2,vinter,"yta<=+5C, timvis, vakter #75/#234 (prep.py)",3338,0.189,1.039
2106,16.98676,61.0053,A2,vinter,"yta<=+5C, timvis, vakter #75/#234 (prep.py)",3088,0.274,0.96
2107,16.77012,61.19249,A2,vinter,"yta<=+5C, timvis, vakter #75/#234 (prep.py)",3378,0.088,1.013
2108,17.03194,61.23234,A2,vinter,"yta<=+5C, timvis, vakter #75/#234 (prep.py)",3234,0.517,1.21
2111,17.05474,61.61682,A2,vinter,"yta<=+5C, timvis, vakter #75/#234 (prep.py)",3258,-0.218,1.075
2112,17.07296,61.70624,A2,vinter,"yta<=+5C, timvis, vakter #75/#234 (prep.py)",3249,0.562,1.113
2113,17.18516,61.90038,A2,vinter,"yta<=+5C, timvis, vakter #75/#234 (prep.py)",3301,1.092,1.123
2114,17.24117,61.97238,A2,vinter,"yta<=+5C, timvis, vakter #75/#234 (prep.py)",3199,0.7,1.174
2115,17.27754,62.0778,A2,vinter,"yta<=+5C, timvis, vakter #75/#234 (prep.py)",3327,-0.101,1.105
2116,16.78866,61.75801,A2,vinter,"yta<=+5C, timvis, vakter #75/#234 (prep.py)",3145,-1.16,1.995
2117,16.17699,61.13231,A2,vinter,"yta<=+5C, timvis, vakter #75/#234 (prep.py)",3433,-0.078,1.313
2118,16.19347,61.81609,A2,vinter,"yta<=+5C, timvis, vakter #75/#234 (prep.py)",3421,-1.114,1.427
2119,15.81385,61.79915,A2,vinter,"yta<=+5C, timvis, vakter #75/#234 (prep.py)",3296,-0.471,1.391
2120,16.16065,61.75329,A2,vinter,"yta<=+5C, timvis, vakter #75/#234 (prep.py)",3404,-0.773,1.271
2121,16.31745,61.57569,A2,vinter,"yta<=+5C, timvis, vakter #75/#234 (prep.py)",3438,-0.905,1.317
2122,16.51295,61.3508,A2,vinter,"yta<=+5C, timvis, vakter #75/#234 (prep.py)",3321,-0.134,1.126
2123,17.02963,60.89522,A2,vinter,"yta<=+5C, timvis, vakter #75/#234 (prep.py)",3213,-0.444,0.968
2125,15.54248,61.33549,A2,vinter,"yta<=+5C, timvis, vakter #75/#234 (prep.py)",3470,0.472,1.384
2126,14.73568,61.69752,A2,vinter,"yta<=+5C, timvis, vakter #75/#234 (prep.py)",3442,-0.502,1.202
2127,15.2103,61.85417,A2,vinter,"yta<=+5C, timvis, vakter #75/#234 (prep.py)",3518,0.804,1.137
2128,15.67114,62.26322,A2,vinter,"yta<=+5C, timvis, vakter #75/#234 (prep.py)",3466,0.093,1.22
2129,16.56565,62.07392,A2,vinter,"yta<=+5C, timvis, vakter #75/#234 (prep.py)",3533,0.054,1.019
2130,16.74834,60.76107,A2,vinter,"yta<=+5C, timvis, vakter #75/#234 (prep.py)",3375,-0.506,1.138
2131,17.30748,60.50476,A2,vinter,"yta<=+5C, timvis, vakter #75/#234 (prep.py)",3028,-0.821,1.155
2132,17.08122,60.74456,A2,vinter,"yta<=+5C, timvis, vakter #75/#234 (prep.py)",3187,-0.063,0.956
2134,16.02407,61.81902,A2,vinter,"yta<=+5C, timvis, vakter #75/#234 (prep.py)",3424,0.445,1.078
2135,16.53741,60.57883,A2,vinter,"yta<=+5C, timvis, vakter #75/#234 (prep.py)",3255,-0.489,1.143
2136,16.03359,61.33787,A2,vinter,"yta<=+5C, timvis, vakter #75/#234 (prep.py)",3456,-0.193,1.265
2137,16.98209,61.51511,A2,vinter,"yta<=+5C, timvis, vakter #75/#234 (prep.py)",3281,-0.014,0.941
2138,17.09141,60.67351,A2,vinter,"yta<=+5C, timvis, vakter #75/#234 (prep.py)",3117,0.629,0.935
2139,15.7963,61.07116,A2,vinter,"yta<=+5C, timvis, vakter #75/#234 (prep.py)",3331,0.573,1.104
2140,17.03914,61.68189,A2,vinter,"yta<=+5C, timvis, vakter #75/#234 (prep.py)",3295,0.117,0.965
2141,15.3148,61.98233,A2,vinter,"yta<=+5C, timvis, vakter #75/#234 (prep.py)",3504,-0.367,1.162
2201,17.36961,62.19534,A2,vinter,"yta<=+5C, timvis, vakter #75/#234 (prep.py)",2909,0.202,0.91
2202,17.34482,62.43064,A2,vinter,"yta<=+5C, timvis, vakter #75/#234 (prep.py)",3259,1.061,1.182
2204,17.70954,62.56162,A2,vinter,"yta<=+5C, timvis, vakter #75/#234 (prep.py)",3457,-1.014,1.115
2207,18.29064,63.01178,A2,vinter,"yta<=+5C, timvis, vakter #75/#234 (prep.py)",3410,0.797,1.194
2208,18.38751,63.11516,A2,vinter,"yta<=+5C, timvis, vakter #75/#234 (prep.py)",3502,-0.732,0.875
2210,19.11791,63.34339,A2,vinter,"yta<=+5C, timvis, vakter #75/#234 (prep.py)",3327,-1.384,3.061
2212,16.87648,62.37616,A2,vinter,"yta<=+5C, timvis, vakter #75/#234 (prep.py)",3420,-0.092,1.358
2213,17.04746,62.36276,A2,vinter,"yta<=+5C, timvis, vakter #75/#234 (prep.py)",3464,-0.253,1.194
2214,17.12191,62.55283,A2,vinter,"yta<=+5C, timvis, vakter #75/#234 (prep.py)",3513,-1.851,1.373
2216,17.3137,62.47091,A2,vinter,"yta<=+5C, timvis, vakter #75/#234 (prep.py)",3430,0.343,1.149
2217,18.43926,63.17608,A2,vinter,"yta<=+5C, timvis, vakter #75/#234 (prep.py)",3355,-0.509,1.254
2218,18.67241,63.2954,A2,vinter,"yta<=+5C, timvis, vakter #75/#234 (prep.py)",3515,-0.302,1.255
2219,17.6701,63.03237,A2,vinter,"yta<=+5C, timvis, vakter #75/#234 (prep.py)",3522,-1.081,1.559
2220,16.86308,63.48617,A2,vinter,"yta<=+5C, timvis, vakter #75/#234 (prep.py)",3498,0.069,1.277
2221,17.45301,62.51646,A2,vinter,"yta<=+5C, timvis, vakter #75/#234 (prep.py)",3398,-0.259,1.235
2222,16.73914,62.76284,A2,vinter,"yta<=+5C, timvis, vakter #75/#234 (prep.py)",3563,-0.244,1.238
2223,17.97234,63.27099,A2,vinter,"yta<=+5C, timvis, vakter #75/#234 (prep.py)",3551,0.379,0.971
2224,17.21393,63.88879,A2,vinter,"yta<=+5C, timvis, vakter #75/#234 (prep.py)",3508,0.244,1.214
2225,15.48949,62.48681,A2,vinter,"yta<=+5C, timvis, vakter #75/#234 (prep.py)",3451,1.25,1.197
2226,15.85131,62.55525,A2,vinter,"yta<=+5C, timvis, vakter #75/#234 (prep.py)",3442,-1.217,1.853
2227,17.0136,63.11954,A2,vinter,"yta<=+5C, timvis, vakter #75/#234 (prep.py)",3535,-0.843,1.449
2228,17.23215,62.9353,A2,vinter,"yta<=+5C, timvis, vakter #75/#234 (prep.py)",3216,-1.387,1.361
2229,17.68126,63.77018,A2,vinter,"yta<=+5C, timvis, vakter #75/#234 (prep.py)",3514,0.318,1.031
2230,16.17365,63.59451,A2,vinter,"yta<=+5C, timvis, vakter #75/#234 (prep.py)",3297,1.051,1.384
2231,16.7094,63.28752,A2,vinter,"yta<=+5C, timvis, vakter #75/#234 (prep.py)",3409,-1.193,1.402
2233,17.69184,63.15141,A2,vinter,"yta<=+5C, timvis, vakter #75/#234 (prep.py)",3441,0.136,1.398
2234,19.01686,63.59045,A2,vinter,"yta<=+5C, timvis, vakter #75/#234 (prep.py)",3545,-0.099,1.581
2235,17.93824,62.79775,A2,vinter,"yta<=+5C, timvis, vakter #75/#234 (prep.py)",2891,0.831,1.764
2237,17.84698,62.68591,A2,vinter,"yta<=+5C, timvis, vakter #75/#234 (prep.py)",3172,-0.246,1.254
2238,18.0975,62.9271,A2,vinter,"yta<=+5C, timvis, vakter #75/#234 (prep.py)",3383,0.279,1.353
2239,18.2542,63.41774,A2,vinter,"yta<=+5C, timvis, vakter #75/#234 (prep.py)",3463,0.066,1.226
2240,19.05551,63.32863,A2,vinter,"yta<=+5C, timvis, vakter #75/#234 (prep.py)",3423,-0.135,1.066
2241,16.36673,62.4734,A2,vinter,"yta<=+5C, timvis, vakter #75/#234 (prep.py)",3466,-0.679,1.431
2242,18.44596,62.87643,A2,vinter,"yta<=+5C, timvis, vakter #75/#234 (prep.py)",3420,0.271,1.009
2243,16.87831,63.44002,A2,vinter,"yta<=+5C, timvis, vakter #75/#234 (prep.py)",3543,-1.202,1.771
2244,17.34096,62.38865,A2,vinter,"yta<=+5C, timvis, vakter #75/#234 (prep.py)",0,,
2245,17.34481,62.27648,A2,vinter,"yta<=+5C, timvis, vakter #75/#234 (prep.py)",3249,1.391,1.073
2246,14.99271,62.42945,A2,vinter,"yta<=+5C, timvis, vakter #75/#234 (prep.py)",2835,-0.114,1.531
2251,17.51769,63.09903,A2,vinter,"yta<=+5C, timvis, vakter #75/#234 (prep.py)",3584,0.054,1.772
2312,12.38533,63.26783,A2,vinter,"yta<=+5C, timvis, vakter #75/#234 (prep.py)",3501,0.572,1.343
2313,12.7017,63.36647,A2,vinter,"yta<=+5C, timvis, vakter #75/#234 (prep.py)",3521,0.102,1.45
2316,12.23492,62.57038,A2,vinter,"yta<=+5C, timvis, vakter #75/#234 (prep.py)",3578,0.4,1.203
2317,13.87663,63.30547,A2,vinter,"yta<=+5C, timvis, vakter #75/#234 (prep.py)",3434,0.052,1.047
2318,15.00113,63.61424,A2,vinter,"yta<=+5C, timvis, vakter #75/#234 (prep.py)",3551,0.09,1.283
2319,15.58156,62.68552,A2,vinter,"yta<=+5C, timvis, vakter #75/#234 (prep.py)",2701,-0.389,1.112
2320,15.99327,63.14861,A2,vinter,"yta<=+5C, timvis, vakter #75/#234 (prep.py)",3426,0.754,1.082
2321,12.7276,62.72792,A2,vinter,"yta<=+5C, timvis, vakter #75/#234 (prep.py)",0,,
2322,12.93904,62.17469,A2,vinter,"yta<=+5C, timvis, vakter #75/#234 (prep.py)",3551,0.039,1.546
2323,14.44999,62.51325,A2,vinter,"yta<=+5C, timvis, vakter #75/#234 (prep.py)",3512,-0.339,1.345
2324,15.49267,63.74515,A2,vinter,"yta<=+5C, timvis, vakter #75/#234 (prep.py)",3506,-0.68,1.287
2325,14.93756,63.01819,A2,vinter,"yta<=+5C, timvis, vakter #75/#234 (prep.py)",3558,-0.789,1.453
2327,14.85313,63.26642,A2,vinter,"yta<=+5C, timvis, vakter #75/#234 (prep.py)",3522,-0.423,1.368
2328,14.57243,62.98301,A2,vinter,"yta<=+5C, timvis, vakter #75/#234 (prep.py)",3277,-0.619,1.242
2329,14.38937,62.68376,A2,vinter,"yta<=+5C, timvis, vakter #75/#234 (prep.py)",3443,-0.244,1.234
2331,14.95222,61.99926,A2,vinter,"yta<=+5C, timvis, vakter #75/#234 (prep.py)",3550,-0.12,1.037
2332,14.03971,64.77191,A2,vinter,"yta<=+5C, timvis, vakter #75/#234 (prep.py)",3603,-0.521,1.435
2333,14.66694,64.36281,A2,vinter,"yta<=+5C, timvis, vakter #75/#234 (prep.py)",3417,0.667,1.229
2334,16.73011,63.04099,A2,vinter,"yta<=+5C, timvis, vakter #75/#234 (prep.py)",3478,0.632,1.146
2335,13.87308,62.1957,A2,vinter,"yta<=+5C, timvis, vakter #75/#234 (prep.py)",3508,1.18,1.327
2336,14.1453,64.0654,A2,vinter,"yta<=+5C, timvis, vakter #75/#234 (prep.py)",3464,0.93,1.209
2338,13.16064,63.37374,A2,vinter,"yta<=+5C, timvis, vakter #75/#234 (prep.py)",3493,0.371,1.5
2339,16.27726,64.16534,A2,vinter,"yta<=+5C, timvis, vakter #75/#234 (prep.py)",3560,0.874,1.075
2341,14.07164,62.47962,A2,vinter,"yta<=+5C, timvis, vakter #75/#234 (prep.py)",3582,0.962,1.456
2342,15.16571,63.19345,A2,vinter,"yta<=+5C, timvis, vakter #75/#234 (prep.py)",3533,-0.797,1.346
2343,13.21465,63.26193,A2,vinter,"yta<=+5C, timvis, vakter #75/#234 (prep.py)",3577,1.141,1.436
2345,12.4024,63.52372,A2,vinter,"yta<=+5C, timvis, vakter #75/#234 (prep.py)",3536,1.286,1.27
2346,15.1236,63.43446,A2,vinter,"yta<=+5C, timvis, vakter #75/#234 (prep.py)",3494,-0.411,1.339
2347,12.954,62.40071,A2,vinter,"yta<=+5C, timvis, vakter #75/#234 (prep.py)",3564,-1.076,1.507
2348,14.81715,62.25957,A2,vinter,"yta<=+5C, timvis, vakter #75/#234 (prep.py)",3470,-0.985,1.365
2349,15.67918,62.92543,A2,vinter,"yta<=+5C, timvis, vakter #75/#234 (prep.py)",3519,-0.367,1.302
2350,14.72438,63.16598,A2,vinter,"yta<=+5C, timvis, vakter #75/#234 (prep.py)",3510,-0.355,1.09
2351,15.8574,63.97011,A2,vinter,"yta<=+5C, timvis, vakter #75/#234 (prep.py)",3511,0.283,1.218
2352,14.293,63.0761,A2,vinter,"yta<=+5C, timvis, vakter #75/#234 (prep.py)",3465,-0.048,1.288
2353,13.02034,63.56908,A2,vinter,"yta<=+5C, timvis, vakter #75/#234 (prep.py)",3459,0.164,1.17
2354,13.85875,63.66569,A2,vinter,"yta<=+5C, timvis, vakter #75/#234 (prep.py)",3539,-0.586,1.412
2355,13.78964,63.09901,A2,vinter,"yta<=+5C, timvis, vakter #75/#234 (prep.py)",3559,1.221,1.034
2356,16.40409,63.8461,A2,vinter,"yta<=+5C, timvis, vakter #75/#234 (prep.py)",3492,-0.049,1.314
2358,12.08744,63.3178,A2,vinter,"yta<=+5C, timvis, vakter #75/#234 (prep.py)",3570,1.292,1.164
2359,16.66254,63.01157,A2,vinter,"yta<=+5C, timvis, vakter #75/#234 (prep.py)",3113,0.523,2.016
2401,20.98781,64.8453,A2,vinter,"yta<=+5C, timvis, vakter #75/#234 (prep.py)",3492,0.829,1.482
2402,21.27981,64.43595,A2,vinter,"yta<=+5C, timvis, vakter #75/#234 (prep.py)",3539,0.198,1.541
2404,20.03746,63.99501,A2,vinter,"yta<=+5C, timvis, vakter #75/#234 (prep.py)",3497,1.256,1.24
2405,18.16868,64.75711,A2,vinter,"yta<=+5C, timvis, vakter #75/#234 (prep.py)",3514,-0.328,1.36
2406,15.09514,66.01046,A2,vinter,"yta<=+5C, timvis, vakter #75/#234 (prep.py)",3562,-0.502,1.904
2407,20.37368,64.89635,A2,vinter,"yta<=+5C, timvis, vakter #75/#234 (prep.py)",3545,-0.193,1.18
2408,20.67919,64.80764,A2,vinter,"yta<=+5C, timvis, vakter #75/#234 (prep.py)",3266,0.544,1.16
2409,21.05257,64.27449,A2,vinter,"yta<=+5C, timvis, vakter #75/#234 (prep.py)",3351,-0.953,1.306
2410,20.70839,63.96865,A2,vinter,"yta<=+5C, timvis, vakter #75/#234 (prep.py)",3434,0.027,1.249
2411,19.89699,63.90224,A2,vinter,"yta<=+5C, timvis, vakter #75/#234 (prep.py)",3500,-0.31,0.955
2412,19.67621,64.04967,A2,vinter,"yta<=+5C, timvis, vakter #75/#234 (prep.py)",3296,-0.317,1.286
2413,18.06065,64.425,A2,vinter,"yta<=+5C, timvis, vakter #75/#234 (prep.py)",3519,0.177,1.226
2414,17.40331,64.73432,A2,vinter,"yta<=+5C, timvis, vakter #75/#234 (prep.py)",3454,0.393,1.104
2415,19.44012,63.57175,A2,vinter,"yta<=+5C, timvis, vakter #75/#234 (prep.py)",3440,0.8,1.291
2416,20.06001,63.71248,A2,vinter,"yta<=+5C, timvis, vakter #75/#234 (prep.py)",3574,0.398,1.687
2418,20.68828,64.49138,A2,vinter,"yta<=+5C, timvis, vakter #75/#234 (prep.py)",3449,0.234,1.334
2419,20.27178,64.88797,A2,vinter,"yta<=+5C, timvis, vakter #75/#234 (prep.py)",3591,0.113,1.157
2420,19.74408,64.9725,A2,vinter,"yta<=+5C, timvis, vakter #75/#234 (prep.py)",3577,-0.69,1.31
2422,16.9911,64.87458,A2,vinter,"yta<=+5C, timvis, vakter #75/#234 (prep.py)",3347,-0.629,1.225
2423,18.37734,64.07201,A2,vinter,"yta<=+5C, timvis, vakter #75/#234 (prep.py)",3554,0.082,1.121
2424,16.79644,64.43596,A2,vinter,"yta<=+5C, timvis, vakter #75/#234 (prep.py)",3517,-0.991,1.429
2425,19.23951,64.68265,A2,vinter,"yta<=+5C, timvis, vakter #75/#234 (prep.py)",3515,-0.055,1.202
2426,20.22874,64.26622,A2,vinter,"yta<=+5C, timvis, vakter #75/#234 (prep.py)",3578,-0.329,1.235
2427,15.90064,65.48067,A2,vinter,"yta<=+5C, timvis, vakter #75/#234 (prep.py)",3545,-0.813,1.694
2428,19.05483,65.05477,A2,vinter,"yta<=+5C, timvis, vakter #75/#234 (prep.py)",3550,-0.033,1.149
2429,16.21224,65.95607,A2,vinter,"yta<=+5C, timvis, vakter #75/#234 (prep.py)",3545,-2.288,1.925
2430,17.1039,65.52031,A2,vinter,"yta<=+5C, timvis, vakter #75/#234 (prep.py)",3571,-0.664,1.19
2431,14.81495,65.42227,A2,vinter,"yta<=+5C, timvis, vakter #75/#234 (prep.py)",3618,0.636,2.22
2432,19.70408,65.24462,A2,vinter,"yta<=+5C, timvis, vakter #75/#234 (prep.py)",3531,-0.534,1.236
2433,15.37878,64.96776,A2,vinter,"yta<=+5C, timvis, vakter #75/#234 (prep.py)",3591,-1.191,1.376
2434,19.03595,64.40163,A2,vinter,"yta<=+5C, timvis, vakter #75/#234 (prep.py)",3547,-1.061,1.403
2435,18.11518,65.24643,A2,vinter,"yta<=+5C, timvis, vakter #75/#234 (prep.py)",3556,-0.788,1.498
2436,16.56652,65.3552,A2,vinter,"yta<=+5C, timvis, vakter #75/#234 (prep.py)",3573,-0.638,1.35
2437,19.96772,64.61368,A2,vinter,"yta<=+5C, timvis, vakter #75/#234 (prep.py)",3609,1.126,2.125
2438,18.7966,64.82426,A2,vinter,"yta<=+5C, timvis, vakter #75/#234 (prep.py)",3580,0.402,1.66
2439,15.19118,64.82152,A2,vinter,"yta<=+5C, timvis, vakter #75/#234 (prep.py)",3542,-0.76,1.462
2440,20.35683,63.712,A2,vinter,"yta<=+5C, timvis, vakter #75/#234 (prep.py)",3574,0.22,1.987
2441,20.6659,65.13633,A2,vinter,"yta<=+5C, timvis, vakter #75/#234 (prep.py)",0,,
2442,19.31765,63.93495,A2,vinter,"yta<=+5C, timvis, vakter #75/#234 (prep.py)",3497,0.308,1.024
2443,19.59428,64.31308,A2,vinter,"yta<=+5C, timvis, vakter #75/#234 (prep.py)",3463,0.537,1.364
2444,21.13018,64.65151,A2,vinter,"yta<=+5C, timvis, vakter #75/#234 (prep.py)",3481,-0.101,1.04
2445,17.64195,65.02058,A2,vinter,"yta<=+5C, timvis, vakter #75/#234 (prep.py)",3564,-1.296,1.424
2446,18.45865,65.4361,A2,vinter,"yta<=+5C, timvis, vakter #75/#234 (prep.py)",3564,-0.199,1.762
2447,17.49861,64.19857,A2,vinter,"yta<=+5C, timvis, vakter #75/#234 (prep.py)",3374,0.323,1.341
2448,18.84674,64.20992,A2,vinter,"yta<=+5C, timvis, vakter #75/#234 (prep.py)",3509,-0.119,1.446
2449,19.30894,63.77245,A2,vinter,"yta<=+5C, timvis, vakter #75/#234 (prep.py)",3345,0.101,1.085
2450,21.25805,64.5074,A2,vinter,"yta<=+5C, timvis, vakter #75/#234 (prep.py)",3247,0.168,1.154
2451,20.45339,63.87147,A2,vinter,"yta<=+5C, timvis, vakter #75/#234 (prep.py)",3465,0.311,1.357
2452,15.88401,64.54342,A2,vinter,"yta<=+5C, timvis, vakter #75/#234 (prep.py)",3553,0.988,2.183
2453,14.80457,66.11838,A2,vinter,"yta<=+5C, timvis, vakter #75/#234 (prep.py)",3592,-0.167,1.372
2454,17.63416,65.20836,A2,vinter,"yta<=+5C, timvis, vakter #75/#234 (prep.py)",3566,-0.081,1.309
2455,19.9229,64.43465,A2,vinter,"yta<=+5C, timvis, vakter #75/#234 (prep.py)",0,,
2456,17.876,64.64089,A2,vinter,"yta<=+5C, timvis, vakter #75/#234 (prep.py)",3581,-0.894,1.089
2457,19.82462,63.61553,A2,vinter,"yta<=+5C, timvis, vakter #75/#234 (prep.py)",3538,0.077,1.024
2501,23.9912,65.80951,A2,vinter,"yta<=+5C, timvis, vakter #75/#234 (prep.py)",3588,-0.658,1.483
2502,23.43694,65.83687,A2,vinter,"yta<=+5C, timvis, vakter #75/#234 (prep.py)",3607,-0.429,1.37
2503,22.96527,65.88341,A2,vinter,"yta<=+5C, timvis, vakter #75/#234 (prep.py)",2774,-0.838,1.448
2504,22.6116,65.90197,A2,vinter,"yta<=+5C, timvis, vakter #75/#234 (prep.py)",3557,-1.096,1.797
2505,22.31332,65.84931,A2,vinter,"yta<=+5C, timvis, vakter #75/#234 (prep.py)",3531,-0.532,1.465
2506,21.83118,65.69458,A2,vinter,"yta<=+5C, timvis, vakter #75/#234 (prep.py)",3544,-0.818,1.568
2507,21.77514,65.51313,A2,vinter,"yta<=+5C, timvis, vakter #75/#234 (prep.py)",3541,0.091,1.106
2508,21.49879,65.17207,A2,vinter,"yta<=+5C, timvis, vakter #75/#234 (prep.py)",3503,0.075,0.996
2509,21.76374,65.7576,A2,vinter,"yta<=+5C, timvis, vakter #75/#234 (prep.py)",3541,0.351,1.336
2510,21.45077,65.39206,A2,vinter,"yta<=+5C, timvis, vakter #75/#234 (prep.py)",3572,-0.071,1.67
2512,19.67458,66.50505,A2,vinter,"yta<=+5C, timvis, vakter #75/#234 (prep.py)",3582,-0.412,1.601
2513,21.75469,68.044,A2,vinter,"yta<=+5C, timvis, vakter #75/#234 (prep.py)",3598,-1.01,1.61
2514,18.53652,66.33968,A2,vinter,"yta<=+5C, timvis, vakter #75/#234 (prep.py)",0,,
2515,17.54373,65.85957,A2,vinter,"yta<=+5C, timvis, vakter #75/#234 (prep.py)",0,,
2516,16.41673,66.48595,A2,vinter,"yta<=+5C, timvis, vakter #75/#234 (prep.py)",3576,-1.415,1.707
2517,18.57499,68.4342,A2,vinter,"yta<=+5C, timvis, vakter #75/#234 (prep.py)",3586,0.393,1.204
2518,18.26902,68.42948,A2,vinter,"yta<=+5C, timvis, vakter #75/#234 (prep.py)",3585,0.471,1.452
2519,18.11643,68.43262,A2,vinter,"yta<=+5C, timvis, vakter #75/#234 (prep.py)",2554,0.543,1.512
2520,19.78166,68.14824,A2,vinter,"yta<=+5C, timvis, vakter #75/#234 (prep.py)",3592,-0.49,1.74
2521,21.87487,66.76504,A2,vinter,"yta<=+5C, timvis, vakter #75/#234 (prep.py)",3569,0.542,1.376
2522,18.44375,65.58448,A2,vinter,"yta<=+5C, timvis, vakter #75/#234 (prep.py)",3591,-0.751,1.18
2523,23.87031,66.75348,A2,vinter,"yta<=+5C, timvis, vakter #75/#234 (prep.py)",3590,1.512,1.273
2525,23.70938,66.19995,A2,vinter,"yta<=+5C, timvis, vakter #75/#234 (prep.py)",3582,0.313,1.314
2526,23.24254,67.7733,A2,vinter,"yta<=+5C, timvis, vakter #75/#234 (prep.py)",3122,-0.225,1.925
2528,19.82094,66.96028,A2,vinter,"yta<=+5C, timvis, vakter #75/#234 (prep.py)",3595,0.857,1.605
2529,20.72594,66.36436,A2,vinter,"yta<=+5C, timvis, vakter #75/#234 (prep.py)",3540,-1.945,2.1
2530,20.73824,65.32655,A2,vinter,"yta<=+5C, timvis, vakter #75/#234 (prep.py)",3524,-0.689,1.078
2531,22.14802,66.19946,A2,vinter,"yta<=+5C, timvis, vakter #75/#234 (prep.py)",0,,
2532,22.63156,67.15809,A2,vinter,"yta<=+5C, timvis, vakter #75/#234 (prep.py)",3579,-0.453,1.321
2533,19.02747,67.86012,A2,vinter,"yta<=+5C, timvis, vakter #75/#234 (prep.py)",3546,0.824,2.263
2534,18.36681,67.4741,A2,vinter,"yta<=+5C, timvis, vakter #75/#234 (prep.py)",3569,0.718,1.834
2535,17.72085,66.95166,A2,vinter,"yta<=+5C, timvis, vakter #75/#234 (prep.py)",3588,-0.406,1.781
2536,19.31239,65.70871,A2,vinter,"yta<=+5C, timvis, vakter #75/#234 (prep.py)",3577,-0.51,0.989
2539,21.3548,65.63538,A2,vinter,"yta<=+5C, timvis, vakter #75/#234 (prep.py)",3563,-0.913,1.148
2540,22.89922,66.68881,A2,vinter,"yta<=+5C, timvis, vakter #75/#234 (prep.py)",3597,0.061,1.379
2541,22.0513,67.45409,A2,vinter,"yta<=+5C, timvis, vakter #75/#234 (prep.py)",3591,-0.022,1.127
2542,22.80753,66.16889,A2,vinter,"yta<=+5C, timvis, vakter #75/#234 (prep.py)",3542,0.059,1.366
2543,19.98354,66.15222,A2,vinter,"yta<=+5C, timvis, vakter #75/#234 (prep.py)",3565,0.143,1.087
2544,19.95864,65.67301,A2,vinter,"yta<=+5C, timvis, vakter #75/#234 (prep.py)",3474,0.05,1.12
2545,21.02237,66.76056,A2,vinter,"yta<=+5C, timvis, vakter #75/#234 (prep.py)",3582,-1.755,1.627
2546,22.5191,68.43015,A2,vinter,"yta<=+5C, timvis, vakter #75/#234 (prep.py)",3579,-0.311,1.574
2547,21.29114,65.93131,A2,vinter,"yta<=+5C, timvis, vakter #75/#234 (prep.py)",3567,-1.135,1.316
2548,17.09409,66.32424,A2,vinter,"yta<=+5C, timvis, vakter #75/#234 (prep.py)",3576,-1.493,1.459
2549,15.88305,66.75991,A2,vinter,"yta<=+5C, timvis, vakter #75/#234 (prep.py)",3591,-1.027,1.843
2550,21.04867,67.27606,A2,vinter,"yta<=+5C, timvis, vakter #75/#234 (prep.py)",3572,0.184,1.173
2551,16.0113,66.73128,A2,vinter,"yta<=+5C, timvis, vakter #75/#234 (prep.py)",3582,-0.754,1.676
2552,20.67108,65.7858,A2,vinter,"yta<=+5C, timvis, vakter #75/#234 (prep.py)",3571,-1.427,1.406
2553,21.98351,66.01574,A2,vinter,"yta<=+5C, timvis, vakter #75/#234 (prep.py)",3527,0.042,1.965
2554,18.36792,65.89413,A2,vinter,"yta<=+5C, timvis, vakter #75/#234 (prep.py)",3563,-0.314,1.189
2555,23.48217,67.44146,A2,vinter,"yta<=+5C, timvis, vakter #75/#234 (prep.py)",3579,0.075,1.694
2556,21.19325,67.05215,A2,vinter,"yta<=+5C, timvis, vakter #75/#234 (prep.py)",3575,-0.929,1.694
2557,22.48294,66.48496,A2,vinter,"yta<=+5C, timvis, vakter #75/#234 (prep.py)",3540,-0.802,1.438
2558,23.6244,66.39659,A2,vinter,"yta<=+5C, timvis, vakter #75/#234 (prep.py)",3555,0.3,1.487
2559,23.50581,66.02773,A2,vinter,"yta<=+5C, timvis, vakter #75/#234 (prep.py)",3586,-0.477,1.388
2560,21.10576,67.61179,A2,vinter,"yta<=+5C, timvis, vakter #75/#234 (prep.py)",3585,-0.018,1.283
2561,21.67568,67.66733,A2,vinter,"yta<=+5C, timvis, vakter #75/#234 (prep.py)",3554,-1.569,1.922
2566,23.31109,68.12011,A2,vinter,"yta<=+5C, timvis, vakter #75/#234 (prep.py)",3576,-0.951,2.185
2567,21.87581,67.01018,A2,vinter,"yta<=+5C, timvis, vakter #75/#234 (prep.py)",3591,-0.396,1.486
2568,22.683,66.76414,A2,vinter,"yta<=+5C, timvis, vakter #75/#234 (prep.py)",3576,0.294,1.69
2569,22.40316,67.424,A2,vinter,"yta<=+5C, timvis, vakter #75/#234 (prep.py)",3576,0.723,2.223
2575,23.80691,65.74642,A2,vinter,"yta<=+5C, timvis, vakter #75/#234 (prep.py)",3533,-0.246,1.534
7101,12.72302,56.02482,A2,vinter,"yta<=+5C, timvis, vakter #75/#234 (prep.py)",0,,
7102,13.01448,55.61158,A2,vinter,"yta<=+5C, timvis, vakter #75/#234 (prep.py)",0,,
7103,13.15882,55.36937,A2,vinter,"yta<=+5C, timvis, vakter #75/#234 (prep.py)",0,,
7301,14.17775,57.76393,A2,vinter,"yta<=+5C, timvis, vakter #75/#234 (prep.py)",0,,
7501,17.14719,60.68384,A2,vinter,"yta<=+5C, timvis, vakter #75/#234 (prep.py)",0,,
7502,15.41958,60.47459,A2,vinter,"yta<=+5C, timvis, vakter #75/#234 (prep.py)",0,,
7503,16.50864,59.5959,A2,vinter,"yta<=+5C, timvis, vakter #75/#234 (prep.py)",0,,
7504,15.05991,59.06042,A2,vinter,"yta<=+5C, timvis, vakter #75/#234 (prep.py)",0,,
7601,15.64424,62.52549,A2,vinter,"yta<=+5C, timvis, vakter #75/#234 (prep.py)",0,,
201,17.84313,59.24745,A2,novdec,"yta<=+5C, timvis, vakter #75/#234 (prep.py)",0,,
202,17.44746,59.05332,A2,novdec,"yta<=+5C, timvis, vakter #75/#234 (prep.py)",1281,-0.071,0.744
203,17.64272,59.18437,A2,novdec,"yta<=+5C, timvis, vakter #75/#234 (prep.py)",1065,0.233,0.859
206,17.66354,59.19915,A2,novdec,"yta<=+5C, timvis, vakter #75/#234 (prep.py)",1202,-0.336,0.767
207,17.76257,59.21243,A2,novdec,"yta<=+5C, timvis, vakter #75/#234 (prep.py)",1194,0.095,0.736
208,17.80685,59.17678,A2,novdec,"yta<=+5C, timvis, vakter #75/#234 (prep.py)",1220,-0.293,0.719
209,17.91823,59.20973,A2,novdec,"yta<=+5C, timvis, vakter #75/#234 (prep.py)",1143,-0.058,0.891
210,17.79342,59.09575,A2,novdec,"yta<=+5C, timvis, vakter #75/#234 (prep.py)",1342,-0.641,0.745
214,18.39315,59.14079,A2,novdec,"yta<=+5C, timvis, vakter #75/#234 (prep.py)",1219,0.704,0.764
215,18.12075,59.23986,A2,novdec,"yta<=+5C, timvis, vakter #75/#234 (prep.py)",1042,0.614,0.946
216,18.16655,59.25792,A2,novdec,"yta<=+5C, timvis, vakter #75/#234 (prep.py)",1164,-0.262,0.747
218,18.31442,59.32924,A2,novdec,"yta<=+5C, timvis, vakter #75/#234 (prep.py)",1203,-0.816,0.912
219,18.22338,59.4285,A2,novdec,"yta<=+5C, timvis, vakter #75/#234 (prep.py)",1260,-0.159,0.732
220,18.22075,59.4958,A2,novdec,"yta<=+5C, timvis, vakter #75/#234 (prep.py)",1255,-0.862,1.021
221,18.64384,59.57512,A2,novdec,"yta<=+5C, timvis, vakter #75/#234 (prep.py)",1297,0.219,0.903
222,18.04221,59.38437,A2,novdec,"yta<=+5C, timvis, vakter #75/#234 (prep.py)",1118,0.394,0.835
223,18.16462,59.48921,A2,novdec,"yta<=+5C, timvis, vakter #75/#234 (prep.py)",1106,0.319,0.742
224,18.34007,59.65588,A2,novdec,"yta<=+5C, timvis, vakter #75/#234 (prep.py)",1270,-0.38,0.992
226,17.91777,59.47614,A2,novdec,"yta<=+5C, timvis, vakter #75/#234 (prep.py)",974,1.002,0.927
227,17.89332,59.64336,A2,novdec,"yta<=+5C, timvis, vakter #75/#234 (prep.py)",1051,0.106,0.911
229,18.0469,59.74758,A2,novdec,"yta<=+5C, timvis, vakter #75/#234 (prep.py)",1252,-0.264,0.856
230,18.93107,59.71923,A2,novdec,"yta<=+5C, timvis, vakter #75/#234 (prep.py)",1301,0.072,0.969
231,17.74555,59.62774,A2,novdec,"yta<=+5C, timvis, vakter #75/#234 (prep.py)",1232,0.262,0.881
232,17.8647,59.40587,A2,novdec,"yta<=+5C, timvis, vakter #75/#234 (prep.py)",953,1.095,0.982
233,17.76478,59.48371,A2,novdec,"yta<=+5C, timvis, vakter #75/#234 (prep.py)",1095,0.514,0.852
234,17.5717,59.5608,A2,novdec,"yta<=+5C, timvis, vakter #75/#234 (prep.py)",0,,
236,18.02088,59.30288,A2,novdec,"yta<=+5C, timvis, vakter #75/#234 (prep.py)",944,0.903,0.873
237,18.01109,59.34099,A2,novdec,"yta<=+5C, timvis, vakter #75/#234 (prep.py)",945,1.294,1.012
238,18.63276,59.89256,A2,novdec,"yta<=+5C, timvis, vakter #75/#234 (prep.py)",1399,-0.094,1.055
239,18.80948,59.98992,A2,novdec,"yta<=+5C, timvis, vakter #75/#234 (prep.py)",1304,-0.214,0.903
240,17.85471,59.3024,A2,novdec,"yta<=+5C, timvis, vakter #75/#234 (prep.py)",1184,-0.194,0.809
241,17.75933,59.27802,A2,novdec,"yta<=+5C, timvis, vakter #75/#234 (prep.py)",1100,0.517,0.771
242,18.47932,59.34467,A2,novdec,"yta<=+5C, timvis, vakter #75/#234 (prep.py)",1352,-0.081,0.689
243,18.01997,59.36857,A2,novdec,"yta<=+5C, timvis, vakter #75/#234 (prep.py)",1086,0.244,0.758
244,17.59579,59.08173,A2,novdec,"yta<=+5C, timvis, vakter #75/#234 (prep.py)",1004,0.512,0.933
245,18.2319,59.56339,A2,novdec,"yta<=+5C, timvis, vakter #75/#234 (prep.py)",1213,-0.226,1.099
246,17.43894,59.19397,A2,novdec,"yta<=+5C, timvis, vakter #75/#234 (prep.py)",1114,-0.002,0.841
247,18.14261,59.1299,A2,novdec,"yta<=+5C, timvis, vakter #75/#234 (prep.py)",1160,-0.22,0.877
248,17.92358,58.93432,A2,novdec,"yta<=+5C, timvis, vakter #75/#234 (prep.py)",1160,-0.513,1.007
249,18.00268,59.04415,A2,novdec,"yta<=+5C, timvis, vakter #75/#234 (prep.py)",1358,-0.437,1.154
251,18.10454,59.35688,A2,novdec,"yta<=+5C, timvis, vakter #75/#234 (prep.py)",1113,-0.242,0.761
257,18.48878,59.70307,A2,novdec,"yta<=+5C, timvis, vakter #75/#234 (prep.py)",1333,-1.169,1.3
301,17.48843,59.81709,A2,novdec,"yta<=+5C, timvis, vakter #75/#234 (prep.py)",1203,0.161,0.714
302,17.28482,59.87777,A2,novdec,"yta<=+5C, timvis, vakter #75/#234 (prep.py)",1349,0.239,1.187
303,17.56706,59.99548,A2,novdec,"yta<=+5C, timvis, vakter #75/#234 (prep.py)",1277,-0.221,0.863
305,17.4103,60.42,A2,novdec,"yta<=+5C, timvis, vakter #75/#234 (prep.py)",1362,-0.09,1.117
306,18.05399,60.05141,A2,novdec,"yta<=+5C, timvis, vakter #75/#234 (prep.py)",1316,0.116,0.874
307,18.29812,60.23655,A2,novdec,"yta<=+5C, timvis, vakter #75/#234 (prep.py)",1395,-0.656,0.826
308,18.17542,59.88074,A2,novdec,"yta<=+5C, timvis, vakter #75/#234 (prep.py)",1364,0.109,0.81
309,18.4994,60.03803,A2,novdec,"yta<=+5C, timvis, vakter #75/#234 (prep.py)",1395,-0.908,0.831
310,17.45239,60.60235,A2,novdec,"yta<=+5C, timvis, vakter #75/#234 (prep.py)",1378,-0.834,0.829
311,17.73935,60.48604,A2,novdec,"yta<=+5C, timvis, vakter #75/#234 (prep.py)",1339,-0.006,0.872
313,17.7549,59.81608,A2,novdec,"yta<=+5C, timvis, vakter #75/#234 (prep.py)",1127,0.177,0.898
316,17.26433,59.66158,A2,novdec,"yta<=+5C, timvis, vakter #75/#234 (prep.py)",1160,-0.136,0.832
317,17.38179,59.62309,A2,novdec,"yta<=+5C, timvis, vakter #75/#234 (prep.py)",1136,0.362,0.827
319,16.89506,59.77428,A2,novdec,"yta<=+5C, timvis, vakter #75/#234 (prep.py)",1188,0.156,0.761
320,17.83397,60.1951,A2,novdec,"yta<=+5C, timvis, vakter #75/#234 (prep.py)",1362,-0.445,0.858
322,17.79602,59.76167,A2,novdec,"yta<=+5C, timvis, vakter #75/#234 (prep.py)",1230,-0.069,0.752
323,16.99639,59.58524,A2,novdec,"yta<=+5C, timvis, vakter #75/#234 (prep.py)",1212,0.377,0.899
325,17.87957,60.40186,A2,novdec,"yta<=+5C, timvis, vakter #75/#234 (prep.py)",1413,-0.673,0.823
326,17.65582,59.94895,A2,novdec,"yta<=+5C, timvis, vakter #75/#234 (prep.py)",1259,-0.265,0.716
327,17.62225,60.04968,A2,novdec,"yta<=+5C, timvis, vakter #75/#234 (prep.py)",1274,-0.058,0.664
328,17.49551,60.21591,A2,novdec,"yta<=+5C, timvis, vakter #75/#234 (prep.py)",1316,-0.242,0.734
329,17.51135,60.32439,A2,novdec,"yta<=+5C, timvis, vakter #75/#234 (prep.py)",1389,-0.927,0.836
330,16.85856,59.63481,A2,novdec,"yta<=+5C, timvis, vakter #75/#234 (prep.py)",1081,0.041,0.723
402,16.85329,58.75713,A2,novdec,"yta<=+5C, timvis, vakter #75/#234 (prep.py)",1067,0.001,0.813
403,17.14962,58.82191,A2,novdec,"yta<=+5C, timvis, vakter #75/#234 (prep.py)",1076,-0.023,0.717
404,17.54102,59.00632,A2,novdec,"yta<=+5C, timvis, vakter #75/#234 (prep.py)",1160,-0.573,0.825
405,17.33014,58.9081,A2,novdec,"yta<=+5C, timvis, vakter #75/#234 (prep.py)",0,,
406,16.75354,58.83006,A2,novdec,"yta<=+5C, timvis, vakter #75/#234 (prep.py)",1176,-0.357,0.723
409,17.22561,59.05559,A2,novdec,"yta<=+5C, timvis, vakter #75/#234 (prep.py)",1220,0.064,0.863
410,16.83437,59.08184,A2,novdec,"yta<=+5C, timvis, vakter #75/#234 (prep.py)",1129,0.328,0.66
411,16.55832,59.03738,A2,novdec,"yta<=+5C, timvis, vakter #75/#234 (prep.py)",1218,0.091,0.664
412,16.53666,58.90833,A2,novdec,"yta<=+5C, timvis, vakter #75/#234 (prep.py)",1174,0.002,0.777
413,16.19792,58.84261,A2,novdec,"yta<=+5C, timvis, vakter #75/#234 (prep.py)",1077,0.046,0.864
414,15.86829,59.06712,A2,novdec,"yta<=+5C, timvis, vakter #75/#234 (prep.py)",1232,-0.716,0.821
417,16.60295,59.24119,A2,novdec,"yta<=+5C, timvis, vakter #75/#234 (prep.py)",1158,0.648,0.758
418,16.371,59.40762,A2,novdec,"yta<=+5C, timvis, vakter #75/#234 (prep.py)",0,,
420,16.82301,59.20472,A2,novdec,"yta<=+5C, timvis, vakter #75/#234 (prep.py)",1146,0.237,0.733
421,17.1767,59.24178,A2,novdec,"yta<=+5C, timvis, vakter #75/#234 (prep.py)",1093,0.175,0.811
422,17.01225,59.44863,A2,novdec,"yta<=+5C, timvis, vakter #75/#234 (prep.py)",1153,0.352,0.73
423,16.92078,59.36031,A2,novdec,"yta<=+5C, timvis, vakter #75/#234 (prep.py)",1009,0.253,0.842
424,16.8522,58.95001,A2,novdec,"yta<=+5C, timvis, vakter #75/#234 (prep.py)",1220,-0.165,0.8
425,16.47254,58.74248,A2,novdec,"yta<=+5C, timvis, vakter #75/#234 (prep.py)",1023,0.414,0.895
426,17.04798,58.69095,A2,novdec,"yta<=+5C, timvis, vakter #75/#234 (prep.py)",1173,-0.571,0.804
427,16.22177,59.05229,A2,novdec,"yta<=+5C, timvis, vakter #75/#234 (prep.py)",1177,-0.032,0.752
429,16.78683,59.37887,A2,novdec,"yta<=+5C, timvis, vakter #75/#234 (prep.py)",1095,0.159,0.711
523,16.28378,58.67749,A2,novdec,"yta<=+5C, timvis, vakter #75/#234 (prep.py)",1078,0.135,0.813
524,16.16469,58.71628,A2,novdec,"yta<=+5C, timvis, vakter #75/#234 (prep.py)",1152,-0.555,0.822
527,15.61933,58.43383,A2,novdec,"yta<=+5C, timvis, vakter #75/#234 (prep.py)",982,-0.217,0.822
528,16.03046,58.53154,A2,novdec,"yta<=+5C, timvis, vakter #75/#234 (prep.py)",917,-0.154,1.316
529,14.97674,58.43858,A2,novdec,"yta<=+5C, timvis, vakter #75/#234 (prep.py)",1065,-0.513,0.81
531,16.53458,58.14137,A2,novdec,"yta<=+5C, timvis, vakter #75/#234 (prep.py)",1209,-0.363,0.858
532,16.36514,58.44882,A2,novdec,"yta<=+5C, timvis, vakter #75/#234 (prep.py)",1067,0.052,0.869
533,15.16164,57.79896,A2,novdec,"yta<=+5C, timvis, vakter #75/#234 (prep.py)",1261,-0.548,0.841
534,15.08343,58.24846,A2,novdec,"yta<=+5C, timvis, vakter #75/#234 (prep.py)",1094,-0.201,0.973
535,15.69264,57.91148,A2,novdec,"yta<=+5C, timvis, vakter #75/#234 (prep.py)",1250,-0.415,0.971
536,15.61917,58.23925,A2,novdec,"yta<=+5C, timvis, vakter #75/#234 (prep.py)",1168,0.166,0.896
537,14.94874,58.30111,A2,novdec,"yta<=+5C, timvis, vakter #75/#234 (prep.py)",950,0.815,0.951
539,15.81174,58.37349,A2,novdec,"yta<=+5C, timvis, vakter #75/#234 (prep.py)",1080,-0.205,0.952
540,15.51887,58.76549,A2,novdec,"yta<=+5C, timvis, vakter #75/#234 (prep.py)",1170,-0.124,0.694
541,16.06282,58.16255,A2,novdec,"yta<=+5C, timvis, vakter #75/#234 (prep.py)",1247,-0.688,1.124
542,16.51286,58.5754,A2,novdec,"yta<=+5C, timvis, vakter #75/#234 (prep.py)",1133,-0.225,0.913
543,15.91217,58.69465,A2,novdec,"yta<=+5C, timvis, vakter #75/#234 (prep.py)",1150,-0.22,0.849
544,14.69192,58.23123,A2,novdec,"yta<=+5C, timvis, vakter #75/#234 (prep.py)",1026,-1.296,1.078
546,15.33283,58.37723,A2,novdec,"yta<=+5C, timvis, vakter #75/#234 (prep.py)",1011,-0.442,0.767
547,14.98801,58.57393,A2,novdec,"yta<=+5C, timvis, vakter #75/#234 (prep.py)",0,,
548,15.35787,58.49096,A2,novdec,"yta<=+5C, timvis, vakter #75/#234 (prep.py)",1086,-0.161,0.814
549,16.47907,58.31747,A2,novdec,"yta<=+5C, timvis, vakter #75/#234 (prep.py)",1110,-0.564,0.931
550,16.89748,58.492,A2,novdec,"yta<=+5C, timvis, vakter #75/#234 (prep.py)",1194,-0.189,0.875
552,16.01379,58.66651,A2,novdec,"yta<=+5C, timvis, vakter #75/#234 (prep.py)",1167,-0.127,0.89
553,15.28293,58.57303,A2,novdec,"yta<=+5C, timvis, vakter #75/#234 (prep.py)",1205,-0.48,0.763
554,15.0498,58.46851,A2,novdec,"yta<=+5C, timvis, vakter #75/#234 (prep.py)",1027,0.715,0.856
601,14.44188,57.99484,A2,novdec,"yta<=+5C, timvis, vakter #75/#234 (prep.py)",976,0.549,0.887
602,14.34147,57.94626,A2,novdec,"yta<=+5C, timvis, vakter #75/#234 (prep.py)",1102,-0.221,0.672
604,14.78556,57.38834,A2,novdec,"yta<=+5C, timvis, vakter #75/#234 (prep.py)",1206,0.046,0.606
605,14.15961,57.68915,A2,novdec,"yta<=+5C, timvis, vakter #75/#234 (prep.py)",1070,0.061,0.807
607,14.26726,57.5396,A2,novdec,"yta<=+5C, timvis, vakter #75/#234 (prep.py)",1190,0.125,0.829
611,14.25498,57.75673,A2,novdec,"yta<=+5C, timvis, vakter #75/#234 (prep.py)",1186,-0.607,0.708
614,13.99871,57.75756,A2,novdec,"yta<=+5C, timvis, vakter #75/#234 (prep.py)",1207,-0.355,0.658
616,13.84111,57.67232,A2,novdec,"yta<=+5C, timvis, vakter #75/#234 (prep.py)",1160,-0.123,0.786
617,14.10016,57.82997,A2,novdec,"yta<=+5C, timvis, vakter #75/#234 (prep.py)",1080,0.193,0.904
618,14.52885,58.06883,A2,novdec,"yta<=+5C, timvis, vakter #75/#234 (prep.py)",1061,0.142,0.664
627,13.79289,57.33462,A2,novdec,"yta<=+5C, timvis, vakter #75/#234 (prep.py)",1250,-0.767,0.721
630,13.77624,57.16828,A2,novdec,"yta<=+5C, timvis, vakter #75/#234 (prep.py)",1017,0.382,0.689
631,13.97445,57.1845,A2,novdec,"yta<=+5C, timvis, vakter #75/#234 (prep.py)",1041,-0.047,0.713
632,14.06288,57.07867,A2,novdec,"yta<=+5C, timvis, vakter #75/#234 (prep.py)",983,-0.393,0.803
633,14.07749,57.23603,A2,novdec,"yta<=+5C, timvis, vakter #75/#234 (prep.py)",1019,-0.193,0.734
634,14.2728,57.002,A2,novdec,"yta<=+5C, timvis, vakter #75/#234 (prep.py)",1089,-0.125,0.65
635,14.33634,57.32534,A2,novdec,"yta<=+5C, timvis, vakter #75/#234 (prep.py)",1116,-0.225,0.715
636,14.51549,57.21369,A2,novdec,"yta<=+5C, timvis, vakter #75/#234 (prep.py)",1167,-0.119,0.551
639,14.75434,57.46356,A2,novdec,"yta<=+5C, timvis, vakter #75/#234 (prep.py)",1183,-0.041,0.838
640,14.65297,58.01212,A2,novdec,"yta<=+5C, timvis, vakter #75/#234 (prep.py)",1170,0.29,0.676
641,14.73242,57.65382,A2,novdec,"yta<=+5C, timvis, vakter #75/#234 (prep.py)",1224,-0.123,0.755
642,15.06459,57.64397,A2,novdec,"yta<=+5C, timvis, vakter #75/#234 (prep.py)",1278,-0.321,0.581
643,15.0023,57.50777,A2,novdec,"yta<=+5C, timvis, vakter #75/#234 (prep.py)",1173,-0.093,0.716
644,15.13169,57.28582,A2,novdec,"yta<=+5C, timvis, vakter #75/#234 (prep.py)",1044,0.292,0.74
645,14.52073,57.67535,A2,novdec,"yta<=+5C, timvis, vakter #75/#234 (prep.py)",1217,0.126,0.676
646,14.09819,57.45602,A2,novdec,"yta<=+5C, timvis, vakter #75/#234 (prep.py)",1120,-0.427,0.802
647,13.66306,57.47933,A2,novdec,"yta<=+5C, timvis, vakter #75/#234 (prep.py)",1104,-0.088,0.741
648,14.26385,57.79037,A2,novdec,"yta<=+5C, timvis, vakter #75/#234 (prep.py)",988,-0.126,0.886
649,14.95136,58.03265,A2,novdec,"yta<=+5C, timvis, vakter #75/#234 (prep.py)",1121,0.207,0.743
651,14.10719,57.75742,A2,novdec,"yta<=+5C, timvis, vakter #75/#234 (prep.py)",1093,-0.237,0.761
652,13.47901,57.25984,A2,novdec,"yta<=+5C, timvis, vakter #75/#234 (prep.py)",994,-0.233,0.853
653,14.11573,57.75093,A2,novdec,"yta<=+5C, timvis, vakter #75/#234 (prep.py)",1004,-0.018,0.727
654,14.8669,57.84756,A2,novdec,"yta<=+5C, timvis, vakter #75/#234 (prep.py)",1134,0.093,0.853
655,14.67848,57.78851,A2,novdec,"yta<=+5C, timvis, vakter #75/#234 (prep.py)",1206,0.031,0.721
657,13.9348,57.87394,A2,novdec,"yta<=+5C, timvis, vakter #75/#234 (prep.py)",1156,0.014,0.754
702,13.71439,56.75617,A2,novdec,"yta<=+5C, timvis, vakter #75/#234 (prep.py)",970,-0.067,0.737
703,13.99538,56.93932,A2,novdec,"yta<=+5C, timvis, vakter #75/#234 (prep.py)",969,0.098,0.68
704,14.16355,56.87238,A2,novdec,"yta<=+5C, timvis, vakter #75/#234 (prep.py)",1035,-0.313,0.666
705,14.05709,56.5512,A2,novdec,"yta<=+5C, timvis, vakter #75/#234 (prep.py)",1012,0.077,0.829
706,14.55003,56.5178,A2,novdec,"yta<=+5C, timvis, vakter #75/#234 (prep.py)",1056,-0.265,0.848
707,14.43481,56.71193,A2,novdec,"yta<=+5C, timvis, vakter #75/#234 (prep.py)",1018,0.003,0.76
708,14.69168,56.82573,A2,novdec,"yta<=+5C, timvis, vakter #75/#234 (prep.py)",1073,-0.123,0.675
709,14.71286,56.89818,A2,novdec,"yta<=+5C, timvis, vakter #75/#234 (prep.py)",1048,-0.197,0.791
710,14.63957,57.09455,A2,novdec,"yta<=+5C, timvis, vakter #75/#234 (prep.py)",1110,0.07,0.587
712,14.8829,56.81089,A2,novdec,"yta<=+5C, timvis, vakter #75/#234 (prep.py)",1044,-0.169,0.823
714,14.94066,56.9566,A2,novdec,"yta<=+5C, timvis, vakter #75/#234 (prep.py)",1040,0.222,0.691
715,15.24502,57.12038,A2,novdec,"yta<=+5C, timvis, vakter #75/#234 (prep.py)",1217,-0.037,0.644
716,13.76299,56.61594,A2,novdec,"yta<=+5C, timvis, vakter #75/#234 (prep.py)",574,-0.149,1.331
717,14.95516,56.54841,A2,novdec,"yta<=+5C, timvis, vakter #75/#234 (prep.py)",1082,-0.058,0.612
718,15.13831,56.79012,A2,novdec,"yta<=+5C, timvis, vakter #75/#234 (prep.py)",1050,0.37,0.646
719,15.2667,56.55308,A2,novdec,"yta<=+5C, timvis, vakter #75/#234 (prep.py)",1068,-0.119,0.826
720,14.54612,56.92254,A2,novdec,"yta<=+5C, timvis, vakter #75/#234 (prep.py)",987,0.135,0.698
721,14.90223,56.38469,A2,novdec,"yta<=+5C, timvis, vakter #75/#234 (prep.py)",1008,0.052,0.884
722,13.6529,56.50588,A2,novdec,"yta<=+5C, timvis, vakter #75/#234 (prep.py)",894,-0.306,0.757
723,15.27145,57.00413,A2,novdec,"yta<=+5C, timvis, vakter #75/#234 (prep.py)",1175,-0.061,0.64
802,16.61841,56.56934,A2,novdec,"yta<=+5C, timvis, vakter #75/#234 (prep.py)",974,-0.229,0.934
804,16.55952,56.76099,A2,novdec,"yta<=+5C, timvis, vakter #75/#234 (prep.py)",993,-0.273,0.87
805,17.01562,57.33878,A2,novdec,"yta<=+5C, timvis, vakter #75/#234 (prep.py)",991,0.403,0.822
806,16.21562,56.63826,A2,novdec,"yta<=+5C, timvis, vakter #75/#234 (prep.py)",963,-0.019,0.793
807,16.08381,56.53142,A2,novdec,"yta<=+5C, timvis, vakter #75/#234 (prep.py)",907,0.149,0.986
809,15.6034,56.50224,A2,novdec,"yta<=+5C, timvis, vakter #75/#234 (prep.py)",1017,0.191,0.784
811,16.1503,56.68526,A2,novdec,"yta<=+5C, timvis, vakter #75/#234 (prep.py)",1018,-0.658,0.789
812,15.51939,56.73684,A2,novdec,"yta<=+5C, timvis, vakter #75/#234 (prep.py)",1132,-0.284,0.629
813,15.5462,56.9071,A2,novdec,"yta<=+5C, timvis, vakter #75/#234 (prep.py)",1177,0.25,0.745
814,16.3394,56.78152,A2,novdec,"yta<=+5C, timvis, vakter #75/#234 (prep.py)",1024,-0.417,0.858
815,15.9295,56.92821,A2,novdec,"yta<=+5C, timvis, vakter #75/#234 (prep.py)",1149,-0.93,1.002
816,16.48495,57.12576,A2,novdec,"yta<=+5C, timvis, vakter #75/#234 (prep.py)",1169,-0.688,1.039
817,16.24542,57.04218,A2,novdec,"yta<=+5C, timvis, vakter #75/#234 (prep.py)",1082,-0.211,1.099
818,15.60767,57.14977,A2,novdec,"yta<=+5C, timvis, vakter #75/#234 (prep.py)",1247,-0.345,0.74
819,15.5674,57.29442,A2,novdec,"yta<=+5C, timvis, vakter #75/#234 (prep.py)",1177,-0.471,0.687
821,16.08126,57.262,A2,novdec,"yta<=+5C, timvis, vakter #75/#234 (prep.py)",1204,-1.609,2.616
822,16.45862,57.29351,A2,novdec,"yta<=+5C, timvis, vakter #75/#234 (prep.py)",1130,-0.648,1.026
823,16.47321,57.60982,A2,novdec,"yta<=+5C, timvis, vakter #75/#234 (prep.py)",1138,-0.156,0.883
826,15.62516,57.63533,A2,novdec,"yta<=+5C, timvis, vakter #75/#234 (prep.py)",1255,-0.547,0.864
827,15.82524,57.42323,A2,novdec,"yta<=+5C, timvis, vakter #75/#234 (prep.py)",1136,-0.12,0.816
828,16.20318,58.05519,A2,novdec,"yta<=+5C, timvis, vakter #75/#234 (prep.py)",1296,-0.68,1.146
829,16.49526,58.00814,A2,novdec,"yta<=+5C, timvis, vakter #75/#234 (prep.py)",1218,-0.398,1.088
832,16.46101,56.66693,A2,novdec,"yta<=+5C, timvis, vakter #75/#234 (prep.py)",1096,-1.66,0.894
833,15.91562,56.72643,A2,novdec,"yta<=+5C, timvis, vakter #75/#234 (prep.py)",1034,0.159,0.863
834,15.83667,57.67282,A2,novdec,"yta<=+5C, timvis, vakter #75/#234 (prep.py)",1164,-0.718,0.794
835,15.57707,57.40869,A2,novdec,"yta<=+5C, timvis, vakter #75/#234 (prep.py)",1094,-0.477,0.845
836,16.50226,57.80555,A2,novdec,"yta<=+5C, timvis, vakter #75/#234 (prep.py)",1211,-0.335,0.858
837,16.7322,56.88985,A2,novdec,"yta<=+5C, timvis, vakter #75/#234 (prep.py)",991,-0.197,0.845
838,16.40657,56.32072,A2,novdec,"yta<=+5C, timvis, vakter #75/#234 (prep.py)",909,0.511,0.935
839,16.28228,57.69671,A2,novdec,"yta<=+5C, timvis, vakter #75/#234 (prep.py)",1291,-1.181,0.898
840,16.71417,57.90735,A2,novdec,"yta<=+5C, timvis, vakter #75/#234 (prep.py)",1225,-0.661,0.95
903,18.4252,57.54391,A2,novdec,"yta<=+5C, timvis, vakter #75/#234 (prep.py)",866,-0.407,0.765
904,18.82076,57.4284,A2,novdec,"yta<=+5C, timvis, vakter #75/#234 (prep.py)",1005,-0.345,0.764
905,18.28024,57.1313,A2,novdec,"yta<=+5C, timvis, vakter #75/#234 (prep.py)",971,-0.349,0.755
906,18.37971,57.3321,A2,novdec,"yta<=+5C, timvis, vakter #75/#234 (prep.py)",1119,-0.171,0.796
907,18.53916,57.63388,A2,novdec,"yta<=+5C, timvis, vakter #75/#234 (prep.py)",1062,0.214,0.694
909,18.91674,57.83317,A2,novdec,"yta<=+5C, timvis, vakter #75/#234 (prep.py)",617,-0.09,0.663
910,18.27452,57.62329,A2,novdec,"yta<=+5C, timvis, vakter #75/#234 (prep.py)",943,0.076,0.694
911,18.46715,57.76062,A2,novdec,"yta<=+5C, timvis, vakter #75/#234 (prep.py)",1070,-0.458,0.663
912,18.7465,57.58913,A2,novdec,"yta<=+5C, timvis, vakter #75/#234 (prep.py)",1076,-0.585,0.719
913,18.61617,57.32709,A2,novdec,"yta<=+5C, timvis, vakter #75/#234 (prep.py)",0,,
914,19.23691,57.9576,A2,novdec,"yta<=+5C, timvis, vakter #75/#234 (prep.py)",1062,-0.77,0.753
1001,15.92265,56.23595,A2,novdec,"yta<=+5C, timvis, vakter #75/#234 (prep.py)",889,-0.021,0.767
1004,15.58156,56.21324,A2,novdec,"yta<=+5C, timvis, vakter #75/#234 (prep.py)",862,-0.36,0.868
1005,15.21282,56.22175,A2,novdec,"yta<=+5C, timvis, vakter #75/#234 (prep.py)",855,-0.337,0.792
1007,15.07646,56.40534,A2,novdec,"yta<=+5C, timvis, vakter #75/#234 (prep.py)",1087,-0.451,0.827
1012,14.52867,56.2582,A2,novdec,"yta<=+5C, timvis, vakter #75/#234 (prep.py)",891,-0.402,1.253
1017,14.39957,56.39047,A2,novdec,"yta<=+5C, timvis, vakter #75/#234 (prep.py)",1060,-0.665,0.934
1018,14.55171,56.06482,A2,novdec,"yta<=+5C, timvis, vakter #75/#234 (prep.py)",859,-1.028,1.126
1019,14.90455,56.18801,A2,novdec,"yta<=+5C, timvis, vakter #75/#234 (prep.py)",859,-0.312,0.967
1020,15.17377,56.32266,A2,novdec,"yta<=+5C, timvis, vakter #75/#234 (prep.py)",1002,0.401,0.827
1021,15.58133,56.30454,A2,novdec,"yta<=+5C, timvis, vakter #75/#234 (prep.py)",1009,-0.3,0.832
1022,15.3724,56.43346,A2,novdec,"yta<=+5C, timvis, vakter #75/#234 (prep.py)",1074,-0.09,0.785
1023,14.73224,56.17752,A2,novdec,"yta<=+5C, timvis, vakter #75/#234 (prep.py)",853,-0.233,1.01
1024,15.74281,56.13741,A2,novdec,"yta<=+5C, timvis, vakter #75/#234 (prep.py)",795,-0.092,0.978
1026,15.11305,56.21701,A2,novdec,"yta<=+5C, timvis, vakter #75/#234 (prep.py)",836,0.214,0.765
1101,13.3512,56.13423,A2,novdec,"yta<=+5C, timvis, vakter #75/#234 (prep.py)",828,0.196,0.823
1103,12.94354,56.40401,A2,novdec,"yta<=+5C, timvis, vakter #75/#234 (prep.py)",701,0.503,0.886
1104,12.95447,56.43987,A2,novdec,"yta<=+5C, timvis, vakter #75/#234 (prep.py)",630,0.366,0.83
1106,13.02323,56.18141,A2,novdec,"yta<=+5C, timvis, vakter #75/#234 (prep.py)",147,0.192,0.66
1111,14.10275,56.0239,A2,novdec,"yta<=+5C, timvis, vakter #75/#234 (prep.py)",756,0.487,0.764
1112,13.68793,56.31459,A2,novdec,"yta<=+5C, timvis, vakter #75/#234 (prep.py)",901,-0.364,1.019
1113,13.76364,56.08563,A2,novdec,"yta<=+5C, timvis, vakter #75/#234 (prep.py)",818,0.29,0.909
1114,13.94019,56.25934,A2,novdec,"yta<=+5C, timvis, vakter #75/#234 (prep.py)",874,0.416,0.819
1115,14.12254,56.50001,A2,novdec,"yta<=+5C, timvis, vakter #75/#234 (prep.py)",911,0.112,0.826
1117,14.0933,55.72301,A2,novdec,"yta<=+5C, timvis, vakter #75/#234 (prep.py)",761,0.763,0.809
1118,13.92695,55.9565,A2,novdec,"yta<=+5C, timvis, vakter #75/#234 (prep.py)",748,0.383,0.824
1121,14.22989,55.63866,A2,novdec,"yta<=+5C, timvis, vakter #75/#234 (prep.py)",767,-0.299,0.659
1122,14.12036,55.49531,A2,novdec,"yta<=+5C, timvis, vakter #75/#234 (prep.py)",749,-0.211,0.905
1123,13.1499,56.22857,A2,novdec,"yta<=+5C, timvis, vakter #75/#234 (prep.py)",758,0.419,0.758
1125,13.51021,56.38603,A2,novdec,"yta<=+5C, timvis, vakter #75/#234 (prep.py)",845,0.08,0.805
1126,14.24952,56.36816,A2,novdec,"yta<=+5C, timvis, vakter #75/#234 (prep.py)",1041,0.044,0.813
1127,14.26996,55.91338,A2,novdec,"yta<=+5C, timvis, vakter #75/#234 (prep.py)",773,0.261,0.834
1128,12.8927,56.18254,A2,novdec,"yta<=+5C, timvis, vakter #75/#234 (prep.py)",872,-0.012,0.85
1129,14.32617,56.18188,A2,novdec,"yta<=+5C, timvis, vakter #75/#234 (prep.py)",928,-0.207,0.897
1130,14.25555,55.4479,A2,novdec,"yta<=+5C, timvis, vakter #75/#234 (prep.py)",656,0.17,0.811
1131,13.87537,56.43083,A2,novdec,"yta<=+5C, timvis, vakter #75/#234 (prep.py)",902,0.178,0.804
1139,13.56001,56.22063,A2,novdec,"yta<=+5C, timvis, vakter #75/#234 (prep.py)",913,-0.301,0.863
1144,12.7222,56.4337,A2,novdec,"yta<=+5C, timvis, vakter #75/#234 (prep.py)",783,-0.338,0.743
1146,14.07317,56.22339,A2,novdec,"yta<=+5C, timvis, vakter #75/#234 (prep.py)",855,0.045,0.964
1200,13.40638,55.65469,A2,novdec,"yta<=+5C, timvis, vakter #75/#234 (prep.py)",802,-0.23,0.788
1202,13.35538,55.33904,A2,novdec,"yta<=+5C, timvis, vakter #75/#234 (prep.py)",616,0.479,0.79
1203,13.08482,55.55881,A2,novdec,"yta<=+5C, timvis, vakter #75/#234 (prep.py)",720,-0.249,0.685
1204,13.32586,55.50842,A2,novdec,"yta<=+5C, timvis, vakter #75/#234 (prep.py)",727,-0.09,0.931
1206,13.66835,55.47412,A2,novdec,"yta<=+5C, timvis, vakter #75/#234 (prep.py)",713,0.109,0.686
1207,13.91451,55.56067,A2,novdec,"yta<=+5C, timvis, vakter #75/#234 (prep.py)",747,0.122,0.832
1209,13.2242,55.71807,A2,novdec,"yta<=+5C, timvis, vakter #75/#234 (prep.py)",0,,
1210,13.10679,55.64147,A2,novdec,"yta<=+5C, timvis, vakter #75/#234 (prep.py)",721,-0.293,0.786
1211,13.01544,55.74926,A2,novdec,"yta<=+5C, timvis, vakter #75/#234 (prep.py)",614,0.001,0.925
1212,13.131,55.7912,A2,novdec,"yta<=+5C, timvis, vakter #75/#234 (prep.py)",701,0.585,0.916
1213,13.3044,55.76772,A2,novdec,"yta<=+5C, timvis, vakter #75/#234 (prep.py)",720,-0.261,0.763
1214,13.72786,55.9005,A2,novdec,"yta<=+5C, timvis, vakter #75/#234 (prep.py)",813,0.692,0.679
1215,13.64239,55.85583,A2,novdec,"yta<=+5C, timvis, vakter #75/#234 (prep.py)",803,-0.282,0.904
1216,13.60991,55.98556,A2,novdec,"yta<=+5C, timvis, vakter #75/#234 (prep.py)",827,0.101,0.861
1217,13.28244,55.99556,A2,novdec,"yta<=+5C, timvis, vakter #75/#234 (prep.py)",835,-0.001,0.87
1218,12.94881,55.99942,A2,novdec,"yta<=+5C, timvis, vakter #75/#234 (prep.py)",798,0.194,0.972
1219,12.8885,55.85769,A2,novdec,"yta<=+5C, timvis, vakter #75/#234 (prep.py)",561,0.054,0.92
1220,12.82087,55.93618,A2,novdec,"yta<=+5C, timvis, vakter #75/#234 (prep.py)",706,-0.046,0.734
1222,12.78523,56.08747,A2,novdec,"yta<=+5C, timvis, vakter #75/#234 (prep.py)",722,-0.027,0.842
1224,12.56263,56.18271,A2,novdec,"yta<=+5C, timvis, vakter #75/#234 (prep.py)",721,-0.308,0.924
1225,13.67515,55.77952,A2,novdec,"yta<=+5C, timvis, vakter #75/#234 (prep.py)",835,0.271,0.626
1226,13.50002,55.58467,A2,novdec,"yta<=+5C, timvis, vakter #75/#234 (prep.py)",861,0.236,0.837
1232,13.33155,55.90092,A2,novdec,"yta<=+5C, timvis, vakter #75/#234 (prep.py)",810,0.042,0.894
1233,13.10841,55.92927,A2,novdec,"yta<=+5C, timvis, vakter #75/#234 (prep.py)",776,0.403,0.958
1234,13.00702,55.45453,A2,novdec,"yta<=+5C, timvis, vakter #75/#234 (prep.py)",659,0.286,0.687
1235,13.77309,55.61339,A2,novdec,"yta<=+5C, timvis, vakter #75/#234 (prep.py)",757,0.531,0.737
1237,13.07605,55.39007,A2,novdec,"yta<=+5C, timvis, vakter #75/#234 (prep.py)",614,-0.065,0.702
1302,11.96758,57.5506,A2,novdec,"yta<=+5C, timvis, vakter #75/#234 (prep.py)",834,-0.428,0.991
1305,12.21556,57.28403,A2,novdec,"yta<=+5C, timvis, vakter #75/#234 (prep.py)",763,-0.359,0.958
1306,12.32142,57.24271,A2,novdec,"yta<=+5C, timvis, vakter #75/#234 (prep.py)",787,0.02,1.049
1307,12.28902,57.07145,A2,novdec,"yta<=+5C, timvis, vakter #75/#234 (prep.py)",736,-0.288,0.987
1308,12.59042,57.15218,A2,novdec,"yta<=+5C, timvis, vakter #75/#234 (prep.py)",916,0.432,0.838
1311,12.79389,56.95058,A2,novdec,"yta<=+5C, timvis, vakter #75/#234 (prep.py)",937,0.457,0.916
1314,12.70202,56.72434,A2,novdec,"yta<=+5C, timvis, vakter #75/#234 (prep.py)",923,-0.584,0.903
1315,13.37187,57.09672,A2,novdec,"yta<=+5C, timvis, vakter #75/#234 (prep.py)",973,0.242,0.857
1317,12.95216,56.77581,A2,novdec,"yta<=+5C, timvis, vakter #75/#234 (prep.py)",815,0.82,0.893
1318,12.88275,56.72412,A2,novdec,"yta<=+5C, timvis, vakter #75/#234 (prep.py)",760,0.398,0.901
1320,12.96606,56.52382,A2,novdec,"yta<=+5C, timvis, vakter #75/#234 (prep.py)",616,0.63,0.806
1321,13.38066,56.49619,A2,novdec,"yta<=+5C, timvis, vakter #75/#234 (prep.py)",937,0.315,0.805
1322,13.15111,56.38994,A2,novdec,"yta<=+5C, timvis, vakter #75/#234 (prep.py)",827,0.584,0.706
1323,13.06551,56.92288,A2,novdec,"yta<=+5C, timvis, vakter #75/#234 (prep.py)",591,0.585,0.875
1327,12.38559,57.02854,A2,novdec,"yta<=+5C, timvis, vakter #75/#234 (prep.py)",681,-0.057,0.92
1328,12.08143,57.45995,A2,novdec,"yta<=+5C, timvis, vakter #75/#234 (prep.py)",692,0.067,0.937
1330,13.44676,57.00116,A2,novdec,"yta<=+5C, timvis, vakter #75/#234 (prep.py)",984,0.234,0.945
1331,13.32662,56.72066,A2,novdec,"yta<=+5C, timvis, vakter #75/#234 (prep.py)",982,-0.103,0.87
1332,12.93935,57.11995,A2,novdec,"yta<=+5C, timvis, vakter #75/#234 (prep.py)",947,0.257,0.892
1333,12.65512,57.06879,A2,novdec,"yta<=+5C, timvis, vakter #75/#234 (prep.py)",843,0.337,1.052
1334,13.14617,56.71937,A2,novdec,"yta<=+5C, timvis, vakter #75/#234 (prep.py)",923,0.443,0.908
1335,12.66302,56.86238,A2,novdec,"yta<=+5C, timvis, vakter #75/#234 (prep.py)",691,0.241,0.974
1336,12.80515,56.77877,A2,novdec,"yta<=+5C, timvis, vakter #75/#234 (prep.py)",733,0.291,0.958
1337,12.9848,56.58983,A2,novdec,"yta<=+5C, timvis, vakter #75/#234 (prep.py)",795,-0.374,0.825
1338,11.97951,57.40758,A2,novdec,"yta<=+5C, timvis, vakter #75/#234 (prep.py)",713,0.096,1.032
1339,12.1906,57.38759,A2,novdec,"yta<=+5C, timvis, vakter #75/#234 (prep.py)",776,-0.369,0.967
1340,12.24922,57.20089,A2,novdec,"yta<=+5C, timvis, vakter #75/#234 (prep.py)",729,-0.152,0.945
1341,12.87792,57.27538,A2,novdec,"yta<=+5C, timvis, vakter #75/#234 (prep.py)",979,-0.039,1.172
1342,12.90382,56.64022,A2,novdec,"yta<=+5C, timvis, vakter #75/#234 (prep.py)",641,0.191,0.909
1401,12.05344,57.55174,A2,novdec,"yta<=+5C, timvis, vakter #75/#234 (prep.py)",690,0.16,1.099
1402,11.97834,57.86199,A2,novdec,"yta<=+5C, timvis, vakter #75/#234 (prep.py)",831,-0.682,0.985
1403,11.84119,57.9791,A2,novdec,"yta<=+5C, timvis, vakter #75/#234 (prep.py)",745,-0.049,1.438
1404,11.97531,58.15282,A2,novdec,"yta<=+5C, timvis, vakter #75/#234 (prep.py)",1055,-0.362,1.012
1406,11.68935,58.1912,A2,novdec,"yta<=+5C, timvis, vakter #75/#234 (prep.py)",948,-0.444,1.481
1407,11.78093,58.05927,A2,novdec,"yta<=+5C, timvis, vakter #75/#234 (prep.py)",790,0.096,1.204
1413,12.13453,57.74009,A2,novdec,"yta<=+5C, timvis, vakter #75/#234 (prep.py)",851,-0.054,1.323
1414,12.06925,57.67407,A2,novdec,"yta<=+5C, timvis, vakter #75/#234 (prep.py)",708,0.257,1.095
1417,11.89231,57.79282,A2,novdec,"yta<=+5C, timvis, vakter #75/#234 (prep.py)",793,0.128,1.085
1418,12.3929,57.69677,A2,novdec,"yta<=+5C, timvis, vakter #75/#234 (prep.py)",971,0.319,0.964
1421,11.99854,57.79973,A2,novdec,"yta<=+5C, timvis, vakter #75/#234 (prep.py)",837,0.147,0.937
1422,11.27981,58.41295,A2,novdec,"yta<=+5C, timvis, vakter #75/#234 (prep.py)",871,0.301,0.887
1424,11.48181,58.31182,A2,novdec,"yta<=+5C, timvis, vakter #75/#234 (prep.py)",854,0.501,0.971
1425,11.87924,58.11465,A2,novdec,"yta<=+5C, timvis, vakter #75/#234 (prep.py)",796,0.636,0.971
1426,11.49825,58.15973,A2,novdec,"yta<=+5C, timvis, vakter #75/#234 (prep.py)",986,-0.542,1.164
1427,11.68119,58.01463,A2,novdec,"yta<=+5C, timvis, vakter #75/#234 (prep.py)",810,0.272,1.131
1428,11.59826,58.80433,A2,novdec,"yta<=+5C, timvis, vakter #75/#234 (prep.py)",1042,-0.009,0.893
1429,11.88375,58.2789,A2,novdec,"yta<=+5C, timvis, vakter #75/#234 (prep.py)",895,-0.675,1.532
1430,12.37147,57.6707,A2,novdec,"yta<=+5C, timvis, vakter #75/#234 (prep.py)",895,-0.006,1.053
1431,11.83904,58.32756,A2,novdec,"yta<=+5C, timvis, vakter #75/#234 (prep.py)",860,0.215,1.019
1432,11.56399,58.29175,A2,novdec,"yta<=+5C, timvis, vakter #75/#234 (prep.py)",853,0.026,1.252
1433,12.02085,57.65095,A2,novdec,"yta<=+5C, timvis, vakter #75/#234 (prep.py)",735,-0.225,1.086
1436,11.23927,59.02018,A2,novdec,"yta<=+5C, timvis, vakter #75/#234 (prep.py)",979,-0.492,0.928
1437,11.47645,58.5647,A2,novdec,"yta<=+5C, timvis, vakter #75/#234 (prep.py)",876,0.688,1.026
1438,12.07677,58.33095,A2,novdec,"yta<=+5C, timvis, vakter #75/#234 (prep.py)",969,0.157,1.002
1439,11.25226,59.09292,A2,novdec,"yta<=+5C, timvis, vakter #75/#234 (prep.py)",902,0.085,1.499
1440,11.92694,57.69788,A2,novdec,"yta<=+5C, timvis, vakter #75/#234 (prep.py)",726,0.094,1.06
1441,11.27528,58.8764,A2,novdec,"yta<=+5C, timvis, vakter #75/#234 (prep.py)",892,-0.327,1.065
1442,11.94128,57.64602,A2,novdec,"yta<=+5C, timvis, vakter #75/#234 (prep.py)",582,-0.278,1.04
1443,11.66164,58.45711,A2,novdec,"yta<=+5C, timvis, vakter #75/#234 (prep.py)",0,,
1501,13.4718,57.38772,A2,novdec,"yta<=+5C, timvis, vakter #75/#234 (prep.py)",1139,-0.208,0.547
1502,13.14119,57.60835,A2,novdec,"yta<=+5C, timvis, vakter #75/#234 (prep.py)",1089,-0.575,0.858
1503,12.59233,57.50803,A2,novdec,"yta<=+5C, timvis, vakter #75/#234 (prep.py)",968,0.078,0.832
1504,12.47049,57.58524,A2,novdec,"yta<=+5C, timvis, vakter #75/#234 (prep.py)",945,-0.111,1.318
1506,12.54185,57.66438,A2,novdec,"yta<=+5C, timvis, vakter #75/#234 (prep.py)",938,-0.373,1.368
1507,12.69623,57.67733,A2,novdec,"yta<=+5C, timvis, vakter #75/#234 (prep.py)",1038,-0.754,1.08
1508,12.8853,57.71248,A2,novdec,"yta<=+5C, timvis, vakter #75/#234 (prep.py)",870,-0.49,1.047
1509,12.84788,57.757,A2,novdec,"yta<=+5C, timvis, vakter #75/#234 (prep.py)",1166,-0.226,0.739
1512,13.50452,57.80146,A2,novdec,"yta<=+5C, timvis, vakter #75/#234 (prep.py)",991,1.124,0.683
1513,13.67684,57.77605,A2,novdec,"yta<=+5C, timvis, vakter #75/#234 (prep.py)",1169,-0.471,0.711
1514,12.19413,57.74217,A2,novdec,"yta<=+5C, timvis, vakter #75/#234 (prep.py)",795,0.515,0.883
1515,12.32818,57.88645,A2,novdec,"yta<=+5C, timvis, vakter #75/#234 (prep.py)",939,-0.055,1.088
1516,12.45101,57.83962,A2,novdec,"yta<=+5C, timvis, vakter #75/#234 (prep.py)",907,0.231,0.804
1520,12.01358,57.82452,A2,novdec,"yta<=+5C, timvis, vakter #75/#234 (prep.py)",785,0.747,1.003
1522,12.13222,57.96451,A2,novdec,"yta<=+5C, timvis, vakter #75/#234 (prep.py)",805,0.934,1.105
1523,12.15405,58.19976,A2,novdec,"yta<=+5C, timvis, vakter #75/#234 (prep.py)",810,0.726,1.192
1524,12.2356,58.23814,A2,novdec,"yta<=+5C, timvis, vakter #75/#234 (prep.py)",856,0.398,0.991
1527,12.47896,58.36418,A2,novdec,"yta<=+5C, timvis, vakter #75/#234 (prep.py)",1112,-0.847,1.07
1529,12.27987,58.44641,A2,novdec,"yta<=+5C, timvis, vakter #75/#234 (prep.py)",1021,0.03,0.992
1530,12.41298,58.60068,A2,novdec,"yta<=+5C, timvis, vakter #75/#234 (prep.py)",959,0.549,0.97
1531,12.50682,58.78001,A2,novdec,"yta<=+5C, timvis, vakter #75/#234 (prep.py)",975,0.116,0.839
1532,12.67693,59.05306,A2,novdec,"yta<=+5C, timvis, vakter #75/#234 (prep.py)",1095,-0.339,0.904
1534,11.99112,58.50847,A2,novdec,"yta<=+5C, timvis, vakter #75/#234 (prep.py)",1022,0.404,0.941
1536,11.86621,58.87572,A2,novdec,"yta<=+5C, timvis, vakter #75/#234 (prep.py)",1123,-0.072,0.916
1537,12.48993,59.05335,A2,novdec,"yta<=+5C, timvis, vakter #75/#234 (prep.py)",1155,-0.322,0.88
1539,12.52558,58.30369,A2,novdec,"yta<=+5C, timvis, vakter #75/#234 (prep.py)",985,0.132,1.081
1540,12.84793,57.9411,A2,novdec,"yta<=+5C, timvis, vakter #75/#234 (prep.py)",812,0.32,0.723
1541,12.96634,57.48908,A2,novdec,"yta<=+5C, timvis, vakter #75/#234 (prep.py)",954,-0.201,1.033
1542,13.19335,57.94644,A2,novdec,"yta<=+5C, timvis, vakter #75/#234 (prep.py)",1106,-0.119,0.921
1543,13.02697,57.41912,A2,novdec,"yta<=+5C, timvis, vakter #75/#234 (prep.py)",1050,-0.158,0.913
1544,13.51947,57.95454,A2,novdec,"yta<=+5C, timvis, vakter #75/#234 (prep.py)",1112,0.2,0.894
1545,13.43095,57.67339,A2,novdec,"yta<=+5C, timvis, vakter #75/#234 (prep.py)",1115,0.072,0.729
1546,12.81466,57.37576,A2,novdec,"yta<=+5C, timvis, vakter #75/#234 (prep.py)",997,0.396,0.843
1548,12.01967,58.58064,A2,novdec,"yta<=+5C, timvis, vakter #75/#234 (prep.py)",1060,-0.478,1.644
1552,12.10703,59.19603,A2,novdec,"yta<=+5C, timvis, vakter #75/#234 (prep.py)",948,-0.409,1.035
1553,12.18171,58.7872,A2,novdec,"yta<=+5C, timvis, vakter #75/#234 (prep.py)",1061,-0.083,1.031
1554,12.55323,57.90569,A2,novdec,"yta<=+5C, timvis, vakter #75/#234 (prep.py)",971,-0.113,1.201
1555,12.74234,57.51286,A2,novdec,"yta<=+5C, timvis, vakter #75/#234 (prep.py)",931,0.202,1.098
1556,12.44534,58.13707,A2,novdec,"yta<=+5C, timvis, vakter #75/#234 (prep.py)",1028,0.039,0.953
1558,13.06149,57.74338,A2,novdec,"yta<=+5C, timvis, vakter #75/#234 (prep.py)",1078,-0.269,0.694
1559,13.34506,57.81732,A2,novdec,"yta<=+5C, timvis, vakter #75/#234 (prep.py)",1086,0.027,0.807
1560,12.46181,57.35535,A2,novdec,"yta<=+5C, timvis, vakter #75/#234 (prep.py)",843,0.7,0.979
1602,13.07089,58.29612,A2,novdec,"yta<=+5C, timvis, vakter #75/#234 (prep.py)",948,0.508,0.928
1603,13.46248,58.40419,A2,novdec,"yta<=+5C, timvis, vakter #75/#234 (prep.py)",1050,0.143,0.791
1604,12.79072,58.31912,A2,novdec,"yta<=+5C, timvis, vakter #75/#234 (prep.py)",976,0.486,0.837
1605,12.8908,58.42964,A2,novdec,"yta<=+5C, timvis, vakter #75/#234 (prep.py)",1000,0.292,0.797
1606,13.24527,58.44701,A2,novdec,"yta<=+5C, timvis, vakter #75/#234 (prep.py)",982,0.327,0.855
1607,13.80851,58.55244,A2,novdec,"yta<=+5C, timvis, vakter #75/#234 (prep.py)",1020,-0.137,0.779
1608,13.64841,58.60894,A2,novdec,"yta<=+5C, timvis, vakter #75/#234 (prep.py)",999,-0.851,0.913
1609,14.09947,58.80486,A2,novdec,"yta<=+5C, timvis, vakter #75/#234 (prep.py)",1013,-0.269,0.878
1610,14.31777,58.89297,A2,novdec,"yta<=+5C, timvis, vakter #75/#234 (prep.py)",1117,-0.539,0.879
1612,14.30406,58.46764,A2,novdec,"yta<=+5C, timvis, vakter #75/#234 (prep.py)",1074,0.242,0.767
1614,14.1445,58.01682,A2,novdec,"yta<=+5C, timvis, vakter #75/#234 (prep.py)",1079,-0.225,0.865
1615,13.83507,58.03624,A2,novdec,"yta<=+5C, timvis, vakter #75/#234 (prep.py)",1124,0.197,0.987
1616,13.78451,58.07955,A2,novdec,"yta<=+5C, timvis, vakter #75/#234 (prep.py)",1038,0.955,0.967
1617,13.5819,58.1579,A2,novdec,"yta<=+5C, timvis, vakter #75/#234 (prep.py)",1124,-0.104,0.881
1618,13.79436,58.29451,A2,novdec,"yta<=+5C, timvis, vakter #75/#234 (prep.py)",1132,-0.002,0.787
1619,13.46387,58.30824,A2,novdec,"yta<=+5C, timvis, vakter #75/#234 (prep.py)",1130,0.32,0.688
1620,13.45325,58.16376,A2,novdec,"yta<=+5C, timvis, vakter #75/#234 (prep.py)",1113,0.07,0.8
1622,13.74892,58.38795,A2,novdec,"yta<=+5C, timvis, vakter #75/#234 (prep.py)",1137,-0.211,0.816
1623,14.12302,58.34589,A2,novdec,"yta<=+5C, timvis, vakter #75/#234 (prep.py)",1114,0.293,0.898
1627,13.63035,58.39416,A2,novdec,"yta<=+5C, timvis, vakter #75/#234 (prep.py)",1103,0.185,0.877
1628,13.40779,58.51089,A2,novdec,"yta<=+5C, timvis, vakter #75/#234 (prep.py)",958,-1.4,2.073
1629,14.01107,58.61324,A2,novdec,"yta<=+5C, timvis, vakter #75/#234 (prep.py)",1047,-0.499,0.905
1630,14.09442,58.98836,A2,novdec,"yta<=+5C, timvis, vakter #75/#234 (prep.py)",1052,-0.051,0.813
1631,14.33808,58.68268,A2,novdec,"yta<=+5C, timvis, vakter #75/#234 (prep.py)",1078,-0.246,0.869
1633,13.11978,58.56907,A2,novdec,"yta<=+5C, timvis, vakter #75/#234 (prep.py)",959,0.483,0.695
1634,13.97871,58.06277,A2,novdec,"yta<=+5C, timvis, vakter #75/#234 (prep.py)",1167,0.268,0.771
1635,13.84679,58.78122,A2,novdec,"yta<=+5C, timvis, vakter #75/#234 (prep.py)",1029,-0.37,1.021
1636,12.86425,58.14418,A2,novdec,"yta<=+5C, timvis, vakter #75/#234 (prep.py)",920,0.204,0.883
1701,13.98515,59.37442,A2,novdec,"yta<=+5C, timvis, vakter #75/#234 (prep.py)",1027,0.418,0.969
1702,13.26903,59.39096,A2,novdec,"yta<=+5C, timvis, vakter #75/#234 (prep.py)",1075,-0.196,0.829
1703,12.99542,59.25535,A2,novdec,"yta<=+5C, timvis, vakter #75/#234 (prep.py)",1136,-0.746,0.971
1704,12.46399,59.28568,A2,novdec,"yta<=+5C, timvis, vakter #75/#234 (prep.py)",1237,-0.458,0.999
1707,13.80741,59.6105,A2,novdec,"yta<=+5C, timvis, vakter #75/#234 (prep.py)",1318,-0.357,1.001
1708,13.46294,59.54196,A2,novdec,"yta<=+5C, timvis, vakter #75/#234 (prep.py)",1158,-0.107,0.908
1709,12.90176,59.6663,A2,novdec,"yta<=+5C, timvis, vakter #75/#234 (prep.py)",1319,-1.095,1.169
1710,13.56298,59.90514,A2,novdec,"yta<=+5C, timvis, vakter #75/#234 (prep.py)",1382,0.134,1.094
1712,14.29202,59.30978,A2,novdec,"yta<=+5C, timvis, vakter #75/#234 (prep.py)",1199,0.188,0.826
1713,14.07169,59.6851,A2,novdec,"yta<=+5C, timvis, vakter #75/#234 (prep.py)",1349,0.176,0.909
1714,14.17572,60.11296,A2,novdec,"yta<=+5C, timvis, vakter #75/#234 (prep.py)",1428,0.036,0.888
1715,13.17176,60.35375,A2,novdec,"yta<=+5C, timvis, vakter #75/#234 (prep.py)",1437,1.155,1.204
1716,12.27461,59.91077,A2,novdec,"yta<=+5C, timvis, vakter #75/#234 (prep.py)",1361,-0.321,0.994
1717,12.62267,60.02018,A2,novdec,"yta<=+5C, timvis, vakter #75/#234 (prep.py)",1434,0.129,1.075
1719,12.50797,61.02176,A2,novdec,"yta<=+5C, timvis, vakter #75/#234 (prep.py)",1459,0.734,1.301
1720,13.25744,60.42345,A2,novdec,"yta<=+5C, timvis, vakter #75/#234 (prep.py)",1428,-0.732,1.393
1721,12.77232,60.75702,A2,novdec,"yta<=+5C, timvis, vakter #75/#234 (prep.py)",1188,-1.366,1.599
1722,14.18282,59.19912,A2,novdec,"yta<=+5C, timvis, vakter #75/#234 (prep.py)",1134,0.042,0.765
1723,14.19634,59.68604,A2,novdec,"yta<=+5C, timvis, vakter #75/#234 (prep.py)",1305,0.322,0.767
1724,13.9089,60.02189,A2,novdec,"yta<=+5C, timvis, vakter #75/#234 (prep.py)",1435,0.025,1.107
1725,13.25258,60.20662,A2,novdec,"yta<=+5C, timvis, vakter #75/#234 (prep.py)",1443,0.346,1.118
1726,12.6148,60.3851,A2,novdec,"yta<=+5C, timvis, vakter #75/#234 (prep.py)",1455,0.703,1.25
1727,13.0968,59.99261,A2,novdec,"yta<=+5C, timvis, vakter #75/#234 (prep.py)",1393,0.732,1.007
1728,12.23626,59.57759,A2,novdec,"yta<=+5C, timvis, vakter #75/#234 (prep.py)",1329,-0.491,0.944
1729,13.40264,59.86734,A2,novdec,"yta<=+5C, timvis, vakter #75/#234 (prep.py)",1404,0.69,0.836
1730,12.78825,59.40579,A2,novdec,"yta<=+5C, timvis, vakter #75/#234 (prep.py)",1262,-0.289,0.931
1731,13.59619,59.39983,A2,novdec,"yta<=+5C, timvis, vakter #75/#234 (prep.py)",1095,0.272,0.913
1732,13.39538,60.28845,A2,novdec,"yta<=+5C, timvis, vakter #75/#234 (prep.py)",1416,-0.534,1.169
1733,12.17169,59.3878,A2,novdec,"yta<=+5C, timvis, vakter #75/#234 (prep.py)",1173,-0.824,1.16
1734,14.23533,59.44107,A2,novdec,"yta<=+5C, timvis, vakter #75/#234 (prep.py)",1163,0.959,0.875
1735,13.70538,59.81202,A2,novdec,"yta<=+5C, timvis, vakter #75/#234 (prep.py)",1388,0.507,0.727
1736,12.60872,60.20856,A2,novdec,"yta<=+5C, timvis, vakter #75/#234 (prep.py)",1440,-0.217,1.108
1737,12.70407,60.65446,A2,novdec,"yta<=+5C, timvis, vakter #75/#234 (prep.py)",1457,0.961,1.24
1738,13.13367,59.72571,A2,novdec,"yta<=+5C, timvis, vakter #75/#234 (prep.py)",1210,0.627,0.853
1739,12.55393,59.7097,A2,novdec,"yta<=+5C, timvis, vakter #75/#234 (prep.py)",1226,0.132,0.985
1740,13.01138,60.24733,A2,novdec,"yta<=+5C, timvis, vakter #75/#234 (prep.py)",1398,0.8,1.2
1741,14.3313,59.78517,A2,novdec,"yta<=+5C, timvis, vakter #75/#234 (prep.py)",1351,-0.431,0.908
1745,11.81582,59.50657,A2,novdec,"yta<=+5C, timvis, vakter #75/#234 (prep.py)",1184,-1.095,0.995
1802,14.92733,58.83945,A2,novdec,"yta<=+5C, timvis, vakter #75/#234 (prep.py)",1082,0.651,0.806
1803,15.23628,59.13025,A2,novdec,"yta<=+5C, timvis, vakter #75/#234 (prep.py)",1149,0.254,0.881
1804,15.48433,59.46093,A2,novdec,"yta<=+5C, timvis, vakter #75/#234 (prep.py)",1269,-0.494,0.709
1805,14.39915,59.32109,A2,novdec,"yta<=+5C, timvis, vakter #75/#234 (prep.py)",1202,-0.439,1.061
1806,15.01808,59.89607,A2,novdec,"yta<=+5C, timvis, vakter #75/#234 (prep.py)",1375,-0.161,1.197
1807,15.41206,59.23004,A2,novdec,"yta<=+5C, timvis, vakter #75/#234 (prep.py)",1141,0.158,0.815
1808,15.12504,59.19265,A2,novdec,"yta<=+5C, timvis, vakter #75/#234 (prep.py)",981,1.051,0.827
1809,15.0086,59.2435,A2,novdec,"yta<=+5C, timvis, vakter #75/#234 (prep.py)",1091,0.203,0.807
1813,14.72963,59.00833,A2,novdec,"yta<=+5C, timvis, vakter #75/#234 (prep.py)",1061,0.935,0.871
1814,15.03675,59.01531,A2,novdec,"yta<=+5C, timvis, vakter #75/#234 (prep.py)",703,-0.144,0.898
1817,14.46499,59.19336,A2,novdec,"yta<=+5C, timvis, vakter #75/#234 (prep.py)",1130,0.373,0.895
1818,14.81104,59.25935,A2,novdec,"yta<=+5C, timvis, vakter #75/#234 (prep.py)",1096,0.978,0.908
1819,15.13371,59.4561,A2,novdec,"yta<=+5C, timvis, vakter #75/#234 (prep.py)",1166,0.264,0.727
1820,15.13717,59.64346,A2,novdec,"yta<=+5C, timvis, vakter #75/#234 (prep.py)",1243,0.28,0.687
1821,14.46917,58.94775,A2,novdec,"yta<=+5C, timvis, vakter #75/#234 (prep.py)",1054,0.371,0.794
1822,14.99338,58.76905,A2,novdec,"yta<=+5C, timvis, vakter #75/#234 (prep.py)",1055,0.437,0.657
1823,15.41173,58.86538,A2,novdec,"yta<=+5C, timvis, vakter #75/#234 (prep.py)",1084,0.108,0.707
1825,15.47218,59.76081,A2,novdec,"yta<=+5C, timvis, vakter #75/#234 (prep.py)",1372,-0.132,0.72
1826,14.97861,60.02542,A2,novdec,"yta<=+5C, timvis, vakter #75/#234 (prep.py)",1151,0.335,0.764
1827,14.65541,59.81675,A2,novdec,"yta<=+5C, timvis, vakter #75/#234 (prep.py)",1332,-0.183,0.996
1828,14.71316,59.42773,A2,novdec,"yta<=+5C, timvis, vakter #75/#234 (prep.py)",1202,0.721,0.823
1829,14.65981,59.60277,A2,novdec,"yta<=+5C, timvis, vakter #75/#234 (prep.py)",1323,0.818,0.677
1830,14.59621,59.31758,A2,novdec,"yta<=+5C, timvis, vakter #75/#234 (prep.py)",1130,0.649,0.832
1901,15.98738,59.40687,A2,novdec,"yta<=+5C, timvis, vakter #75/#234 (prep.py)",1098,0.448,0.836
1903,16.30543,59.48335,A2,novdec,"yta<=+5C, timvis, vakter #75/#234 (prep.py)",1106,0.193,0.769
1904,16.05002,59.55642,A2,novdec,"yta<=+5C, timvis, vakter #75/#234 (prep.py)",1067,0.482,0.839
1905,16.19885,59.63191,A2,novdec,"yta<=+5C, timvis, vakter #75/#234 (prep.py)",1246,-0.281,0.845
1908,15.77119,59.671,A2,novdec,"yta<=+5C, timvis, vakter #75/#234 (prep.py)",1360,0.241,0.88
1909,16.23854,59.71932,A2,novdec,"yta<=+5C, timvis, vakter #75/#234 (prep.py)",1238,0.311,0.834
1910,16.56223,59.77214,A2,novdec,"yta<=+5C, timvis, vakter #75/#234 (prep.py)",1172,0.879,0.769
1911,15.57859,59.84512,A2,novdec,"yta<=+5C, timvis, vakter #75/#234 (prep.py)",1412,-0.848,0.753
1912,15.95162,59.91839,A2,novdec,"yta<=+5C, timvis, vakter #75/#234 (prep.py)",1390,-0.639,0.851
1913,16.63289,59.86078,A2,novdec,"yta<=+5C, timvis, vakter #75/#234 (prep.py)",1276,0.01,0.81
1915,15.91547,60.06724,A2,novdec,"yta<=+5C, timvis, vakter #75/#234 (prep.py)",1365,-0.159,0.8
1916,16.36495,60.02016,A2,novdec,"yta<=+5C, timvis, vakter #75/#234 (prep.py)",1326,0.078,0.736
1917,16.95893,60.24063,A2,novdec,"yta<=+5C, timvis, vakter #75/#234 (prep.py)",1397,-0.655,0.811
1918,17.20328,60.14499,A2,novdec,"yta<=+5C, timvis, vakter #75/#234 (prep.py)",1401,-0.557,0.806
1921,15.65741,59.38135,A2,novdec,"yta<=+5C, timvis, vakter #75/#234 (prep.py)",1067,0.074,0.674
1922,16.82582,59.93722,A2,novdec,"yta<=+5C, timvis, vakter #75/#234 (prep.py)",1242,0.295,0.842
1923,16.66186,59.62021,A2,novdec,"yta<=+5C, timvis, vakter #75/#234 (prep.py)",1321,-1.686,1.436
1924,16.51121,59.61718,A2,novdec,"yta<=+5C, timvis, vakter #75/#234 (prep.py)",1038,1.112,0.796
2001,15.6589,60.38464,A2,novdec,"yta<=+5C, timvis, vakter #75/#234 (prep.py)",1397,0.257,0.85
2003,16.35921,60.25084,A2,novdec,"yta<=+5C, timvis, vakter #75/#234 (prep.py)",1396,0.01,0.851
2004,15.97345,60.56871,A2,novdec,"yta<=+5C, timvis, vakter #75/#234 (prep.py)",1427,-0.118,0.869
2005,15.56767,60.54666,A2,novdec,"yta<=+5C, timvis, vakter #75/#234 (prep.py)",1370,0.136,0.882
2006,15.06947,60.82718,A2,novdec,"yta<=+5C, timvis, vakter #75/#234 (prep.py)",1424,-0.112,1.149
2007,14.79805,61.3877,A2,novdec,"yta<=+5C, timvis, vakter #75/#234 (prep.py)",1460,0.31,1.143
2009,13.49569,60.51606,A2,novdec,"yta<=+5C, timvis, vakter #75/#234 (prep.py)",1453,-0.061,0.992
2010,13.95575,60.50087,A2,novdec,"yta<=+5C, timvis, vakter #75/#234 (prep.py)",1430,0.77,1.026
2011,15.12289,60.12292,A2,novdec,"yta<=+5C, timvis, vakter #75/#234 (prep.py)",1372,-0.349,0.829
2012,15.3182,60.329,A2,novdec,"yta<=+5C, timvis, vakter #75/#234 (prep.py)",1370,0.027,0.871
2015,13.11398,61.15832,A2,novdec,"yta<=+5C, timvis, vakter #75/#234 (prep.py)",1459,0.839,0.973
2016,14.83506,60.92175,A2,novdec,"yta<=+5C, timvis, vakter #75/#234 (prep.py)",1422,-0.877,1.263
2020,14.28152,61.10679,A2,novdec,"yta<=+5C, timvis, vakter #75/#234 (prep.py)",1444,0.464,1.249
2021,13.47749,61.41966,A2,novdec,"yta<=+5C, timvis, vakter #75/#234 (prep.py)",1458,0.096,0.949
2025,15.31488,60.53019,A2,novdec,"yta<=+5C, timvis, vakter #75/#234 (prep.py)",1405,-0.053,0.884
2026,14.19978,60.32658,A2,novdec,"yta<=+5C, timvis, vakter #75/#234 (prep.py)",1430,0.557,1.009
2027,13.43257,60.79871,A2,novdec,"yta<=+5C, timvis, vakter #75/#234 (prep.py)",1459,0.21,1.059
2028,13.61997,61.07876,A2,novdec,"yta<=+5C, timvis, vakter #75/#234 (prep.py)",1456,-0.421,1.244
2029,14.67408,60.46694,A2,novdec,"yta<=+5C, timvis, vakter #75/#234 (prep.py)",1429,1.0,1.185
2030,15.46065,60.71369,A2,novdec,"yta<=+5C, timvis, vakter #75/#234 (prep.py)",1428,0.001,0.824
2031,15.66647,59.99664,A2,novdec,"yta<=+5C, timvis, vakter #75/#234 (prep.py)",1369,0.129,0.814
2032,15.13507,61.16663,A2,novdec,"yta<=+5C, timvis, vakter #75/#234 (prep.py)",1456,0.217,1.062
2033,12.28758,61.84026,A2,novdec,"yta<=+5C, timvis, vakter #75/#234 (prep.py)",1460,0.232,1.345
2035,14.84721,61.49486,A2,novdec,"yta<=+5C, timvis, vakter #75/#234 (prep.py)",1454,-0.035,0.97
2036,16.08531,60.84889,A2,novdec,"yta<=+5C, timvis, vakter #75/#234 (prep.py)",1458,0.516,0.919
2037,13.073,61.38492,A2,novdec,"yta<=+5C, timvis, vakter #75/#234 (prep.py)",1459,0.439,1.191
2039,14.52263,60.1602,A2,novdec,"yta<=+5C, timvis, vakter #75/#234 (prep.py)",1445,0.392,0.98
2040,14.57236,61.00965,A2,novdec,"yta<=+5C, timvis, vakter #75/#234 (prep.py)",1393,1.105,1.138
2041,14.61004,60.60374,A2,novdec,"yta<=+5C, timvis, vakter #75/#234 (prep.py)",0,,
2042,14.33417,60.85978,A2,novdec,"yta<=+5C, timvis, vakter #75/#234 (prep.py)",1453,-0.246,1.086
2043,15.25262,60.82338,A2,novdec,"yta<=+5C, timvis, vakter #75/#234 (prep.py)",1451,-0.508,0.845
2044,16.02826,60.24094,A2,novdec,"yta<=+5C, timvis, vakter #75/#234 (prep.py)",1303,-0.102,0.908
2101,16.91662,60.29538,A2,novdec,"yta<=+5C, timvis, vakter #75/#234 (prep.py)",1350,0.043,0.741
2102,16.90422,60.6258,A2,novdec,"yta<=+5C, timvis, vakter #75/#234 (prep.py)",1354,-0.066,0.905
2104,17.09528,61.76464,A2,novdec,"yta<=+5C, timvis, vakter #75/#234 (prep.py)",1389,-0.147,1.512
2105,16.32031,60.55791,A2,novdec,"yta<=+5C, timvis, vakter #75/#234 (prep.py)",1401,0.147,0.931
2106,16.98676,61.0053,A2,novdec,"yta<=+5C, timvis, vakter #75/#234 (prep.py)",1295,0.167,0.877
2107,16.77012,61.19249,A2,novdec,"yta<=+5C, timvis, vakter #75/#234 (prep.py)",1439,-0.074,0.997
2108,17.03194,61.23234,A2,novdec,"yta<=+5C, timvis, vakter #75/#234 (prep.py)",1387,0.43,1.098
2111,17.05474,61.61682,A2,novdec,"yta<=+5C, timvis, vakter #75/#234 (prep.py)",1387,-0.409,1.057
2112,17.07296,61.70624,A2,novdec,"yta<=+5C, timvis, vakter #75/#234 (prep.py)",1376,0.529,1.028
2113,17.18516,61.90038,A2,novdec,"yta<=+5C, timvis, vakter #75/#234 (prep.py)",1371,0.938,1.067
2114,17.24117,61.97238,A2,novdec,"yta<=+5C, timvis, vakter #75/#234 (prep.py)",1342,0.647,1.142
2115,17.27754,62.0778,A2,novdec,"yta<=+5C, timvis, vakter #75/#234 (prep.py)",1426,-0.461,1.113
2116,16.78866,61.75801,A2,novdec,"yta<=+5C, timvis, vakter #75/#234 (prep.py)",1351,-1.282,1.941
2117,16.17699,61.13231,A2,novdec,"yta<=+5C, timvis, vakter #75/#234 (prep.py)",1449,0.355,1.093
2118,16.19347,61.81609,A2,novdec,"yta<=+5C, timvis, vakter #75/#234 (prep.py)",1455,-1.084,1.321
2119,15.81385,61.79915,A2,novdec,"yta<=+5C, timvis, vakter #75/#234 (prep.py)",1433,-0.727,1.288
2120,16.16065,61.75329,A2,novdec,"yta<=+5C, timvis, vakter #75/#234 (prep.py)",1449,-0.423,1.262
2121,16.31745,61.57569,A2,novdec,"yta<=+5C, timvis, vakter #75/#234 (prep.py)",1451,-0.699,1.23
2122,16.51295,61.3508,A2,novdec,"yta<=+5C, timvis, vakter #75/#234 (prep.py)",1439,-0.278,1.016
2123,17.02963,60.89522,A2,novdec,"yta<=+5C, timvis, vakter #75/#234 (prep.py)",1341,-0.565,0.991
2125,15.54248,61.33549,A2,novdec,"yta<=+5C, timvis, vakter #75/#234 (prep.py)",1452,0.441,1.222
2126,14.73568,61.69752,A2,novdec,"yta<=+5C, timvis, vakter #75/#234 (prep.py)",1452,-0.597,1.023
2127,15.2103,61.85417,A2,novdec,"yta<=+5C, timvis, vakter #75/#234 (prep.py)",1459,1.054,1.11
2128,15.67114,62.26322,A2,novdec,"yta<=+5C, timvis, vakter #75/#234 (prep.py)",1457,0.19,1.226
2129,16.56565,62.07392,A2,novdec,"yta<=+5C, timvis, vakter #75/#234 (prep.py)",1461,0.437,0.995
2130,16.74834,60.76107,A2,novdec,"yta<=+5C, timvis, vakter #75/#234 (prep.py)",1416,-0.253,1.094
2131,17.30748,60.50476,A2,novdec,"yta<=+5C, timvis, vakter #75/#234 (prep.py)",1115,-0.917,1.063
2132,17.08122,60.74456,A2,novdec,"yta<=+5C, timvis, vakter #75/#234 (prep.py)",1344,-0.163,1.006
2134,16.02407,61.81902,A2,novdec,"yta<=+5C, timvis, vakter #75/#234 (prep.py)",1454,0.394,1.045
2135,16.53741,60.57883,A2,novdec,"yta<=+5C, timvis, vakter #75/#234 (prep.py)",1383,-0.627,1.112
2136,16.03359,61.33787,A2,novdec,"yta<=+5C, timvis, vakter #75/#234 (prep.py)",1458,-0.084,0.972
2137,16.98209,61.51511,A2,novdec,"yta<=+5C, timvis, vakter #75/#234 (prep.py)",1404,-0.138,0.953
2138,17.09141,60.67351,A2,novdec,"yta<=+5C, timvis, vakter #75/#234 (prep.py)",1310,0.448,0.87
2139,15.7963,61.07116,A2,novdec,"yta<=+5C, timvis, vakter #75/#234 (prep.py)",1379,0.548,1.137
2140,17.03914,61.68189,A2,novdec,"yta<=+5C, timvis, vakter #75/#234 (prep.py)",1394,0.079,0.949
2141,15.3148,61.98233,A2,novdec,"yta<=+5C, timvis, vakter #75/#234 (prep.py)",1455,-0.441,0.981
2201,17.36961,62.19534,A2,novdec,"yta<=+5C, timvis, vakter #75/#234 (prep.py)",1401,0.138,0.875
2202,17.34482,62.43064,A2,novdec,"yta<=+5C, timvis, vakter #75/#234 (prep.py)",1351,1.131,1.271
2204,17.70954,62.56162,A2,novdec,"yta<=+5C, timvis, vakter #75/#234 (prep.py)",1448,-1.016,1.166
2207,18.29064,63.01178,A2,novdec,"yta<=+5C, timvis, vakter #75/#234 (prep.py)",1423,0.649,0.967
2208,18.38751,63.11516,A2,novdec,"yta<=+5C, timvis, vakter #75/#234 (prep.py)",1457,-0.635,0.784
2210,19.11791,63.34339,A2,novdec,"yta<=+5C, timvis, vakter #75/#234 (prep.py)",1219,-3.168,4.154
2212,16.87648,62.37616,A2,novdec,"yta<=+5C, timvis, vakter #75/#234 (prep.py)",1445,-0.241,1.262
2213,17.04746,62.36276,A2,novdec,"yta<=+5C, timvis, vakter #75/#234 (prep.py)",1448,-0.06,1.088
2214,17.12191,62.55283,A2,novdec,"yta<=+5C, timvis, vakter #75/#234 (prep.py)",1456,-1.55,1.241
2216,17.3137,62.47091,A2,novdec,"yta<=+5C, timvis, vakter #75/#234 (prep.py)",1409,0.499,1.161
2217,18.43926,63.17608,A2,novdec,"yta<=+5C, timvis, vakter #75/#234 (prep.py)",1423,-0.53,1.105
2218,18.67241,63.2954,A2,novdec,"yta<=+5C, timvis, vakter #75/#234 (prep.py)",1422,-0.194,1.014
2219,17.6701,63.03237,A2,novdec,"yta<=+5C, timvis, vakter #75/#234 (prep.py)",1450,-0.56,1.188
2220,16.86308,63.48617,A2,novdec,"yta<=+5C, timvis, vakter #75/#234 (prep.py)",1454,-0.066,1.189
2221,17.45301,62.51646,A2,novdec,"yta<=+5C, timvis, vakter #75/#234 (prep.py)",1409,0.068,1.148
2222,16.73914,62.76284,A2,novdec,"yta<=+5C, timvis, vakter #75/#234 (prep.py)",1457,0.148,1.119
2223,17.97234,63.27099,A2,novdec,"yta<=+5C, timvis, vakter #75/#234 (prep.py)",1453,0.427,0.978
2224,17.21393,63.88879,A2,novdec,"yta<=+5C, timvis, vakter #75/#234 (prep.py)",1455,0.176,1.093
2225,15.48949,62.48681,A2,novdec,"yta<=+5C, timvis, vakter #75/#234 (prep.py)",1458,1.319,1.239
2226,15.85131,62.55525,A2,novdec,"yta<=+5C, timvis, vakter #75/#234 (prep.py)",1444,-1.076,1.726
2227,17.0136,63.11954,A2,novdec,"yta<=+5C, timvis, vakter #75/#234 (prep.py)",1455,-0.803,1.254
2228,17.23215,62.9353,A2,novdec,"yta<=+5C, timvis, vakter #75/#234 (prep.py)",1112,-0.917,1.182
2229,17.68126,63.77018,A2,novdec,"yta<=+5C, timvis, vakter #75/#234 (prep.py)",1459,0.184,0.856
2230,16.17365,63.59451,A2,novdec,"yta<=+5C, timvis, vakter #75/#234 (prep.py)",1449,0.961,1.228
2231,16.7094,63.28752,A2,novdec,"yta<=+5C, timvis, vakter #75/#234 (prep.py)",1438,-1.224,1.164
2233,17.69184,63.15141,A2,novdec,"yta<=+5C, timvis, vakter #75/#234 (prep.py)",1456,0.23,1.278
2234,19.01686,63.59045,A2,novdec,"yta<=+5C, timvis, vakter #75/#234 (prep.py)",1455,-0.312,1.141
2235,17.93824,62.79775,A2,novdec,"yta<=+5C, timvis, vakter #75/#234 (prep.py)",1032,0.797,1.661
2237,17.84698,62.68591,A2,novdec,"yta<=+5C, timvis, vakter #75/#234 (prep.py)",1242,-0.17,1.27
2238,18.0975,62.9271,A2,novdec,"yta<=+5C, timvis, vakter #75/#234 (prep.py)",1407,0.266,1.526
2239,18.2542,63.41774,A2,novdec,"yta<=+5C, timvis, vakter #75/#234 (prep.py)",1456,-0.264,1.129
2240,19.05551,63.32863,A2,novdec,"yta<=+5C, timvis, vakter #75/#234 (prep.py)",1425,-0.127,0.931
2241,16.36673,62.4734,A2,novdec,"yta<=+5C, timvis, vakter #75/#234 (prep.py)",1449,-0.57,1.287
2242,18.44596,62.87643,A2,novdec,"yta<=+5C, timvis, vakter #75/#234 (prep.py)",1361,0.497,0.973
2243,16.87831,63.44002,A2,novdec,"yta<=+5C, timvis, vakter #75/#234 (prep.py)",1455,-1.056,1.565
2244,17.34096,62.38865,A2,novdec,"yta<=+5C, timvis, vakter #75/#234 (prep.py)",0,,
2245,17.34481,62.27648,A2,novdec,"yta<=+5C, timvis, vakter #75/#234 (prep.py)",1342,1.357,1.056
2246,14.99271,62.42945,A2,novdec,"yta<=+5C, timvis, vakter #75/#234 (prep.py)",1460,0.103,1.138
2251,17.51769,63.09903,A2,novdec,"yta<=+5C, timvis, vakter #75/#234 (prep.py)",1453,0.4,0.993
2312,12.38533,63.26783,A2,novdec,"yta<=+5C, timvis, vakter #75/#234 (prep.py)",1435,0.533,1.238
2313,12.7017,63.36647,A2,novdec,"yta<=+5C, timvis, vakter #75/#234 (prep.py)",1453,0.084,1.208
2316,12.23492,62.57038,A2,novdec,"yta<=+5C, timvis, vakter #75/#234 (prep.py)",1461,0.41,1.25
2317,13.87663,63.30547,A2,novdec,"yta<=+5C, timvis, vakter #75/#234 (prep.py)",1410,-0.093,1.057
2318,15.00113,63.61424,A2,novdec,"yta<=+5C, timvis, vakter #75/#234 (prep.py)",1451,-0.016,1.267
2319,15.58156,62.68552,A2,novdec,"yta<=+5C, timvis, vakter #75/#234 (prep.py)",1398,-0.39,1.101
2320,15.99327,63.14861,A2,novdec,"yta<=+5C, timvis, vakter #75/#234 (prep.py)",1403,0.706,1.018
2321,12.7276,62.72792,A2,novdec,"yta<=+5C, timvis, vakter #75/#234 (prep.py)",0,,
2322,12.93904,62.17469,A2,novdec,"yta<=+5C, timvis, vakter #75/#234 (prep.py)",1459,0.107,1.427
2323,14.44999,62.51325,A2,novdec,"yta<=+5C, timvis, vakter #75/#234 (prep.py)",1457,-0.234,1.185
2324,15.49267,63.74515,A2,novdec,"yta<=+5C, timvis, vakter #75/#234 (prep.py)",1457,-0.795,1.138
2325,14.93756,63.01819,A2,novdec,"yta<=+5C, timvis, vakter #75/#234 (prep.py)",1449,-0.252,1.136
2327,14.85313,63.26642,A2,novdec,"yta<=+5C, timvis, vakter #75/#234 (prep.py)",1441,-0.476,1.387
2328,14.57243,62.98301,A2,novdec,"yta<=+5C, timvis, vakter #75/#234 (prep.py)",1288,-0.593,1.178
2329,14.38937,62.68376,A2,novdec,"yta<=+5C, timvis, vakter #75/#234 (prep.py)",1457,-0.405,1.165
2331,14.95222,61.99926,A2,novdec,"yta<=+5C, timvis, vakter #75/#234 (prep.py)",1461,-0.009,0.789
2332,14.03971,64.77191,A2,novdec,"yta<=+5C, timvis, vakter #75/#234 (prep.py)",1458,-0.193,1.344
2333,14.66694,64.36281,A2,novdec,"yta<=+5C, timvis, vakter #75/#234 (prep.py)",1329,1.117,1.26
2334,16.73011,63.04099,A2,novdec,"yta<=+5C, timvis, vakter #75/#234 (prep.py)",1446,0.483,1.111
2335,13.87308,62.1957,A2,novdec,"yta<=+5C, timvis, vakter #75/#234 (prep.py)",1463,0.826,1.197
2336,14.1453,64.0654,A2,novdec,"yta<=+5C, timvis, vakter #75/#234 (prep.py)",1397,0.886,1.164
2338,13.16064,63.37374,A2,novdec,"yta<=+5C, timvis, vakter #75/#234 (prep.py)",1435,0.502,1.245
2339,16.27726,64.16534,A2,novdec,"yta<=+5C, timvis, vakter #75/#234 (prep.py)",1457,1.122,1.038
2341,14.07164,62.47962,A2,novdec,"yta<=+5C, timvis, vakter #75/#234 (prep.py)",1456,1.339,1.436
2342,15.16571,63.19345,A2,novdec,"yta<=+5C, timvis, vakter #75/#234 (prep.py)",1444,-0.751,1.207
2343,13.21465,63.26193,A2,novdec,"yta<=+5C, timvis, vakter #75/#234 (prep.py)",1463,1.331,1.525
2345,12.4024,63.52372,A2,novdec,"yta<=+5C, timvis, vakter #75/#234 (prep.py)",1435,1.275,1.281
2346,15.1236,63.43446,A2,novdec,"yta<=+5C, timvis, vakter #75/#234 (prep.py)",1455,-0.465,1.147
2347,12.954,62.40071,A2,novdec,"yta<=+5C, timvis, vakter #75/#234 (prep.py)",1457,-0.988,1.235
2348,14.81715,62.25957,A2,novdec,"yta<=+5C, timvis, vakter #75/#234 (prep.py)",1458,-0.992,1.209
2349,15.67918,62.92543,A2,novdec,"yta<=+5C, timvis, vakter #75/#234 (prep.py)",1448,-0.207,1.224
2350,14.72438,63.16598,A2,novdec,"yta<=+5C, timvis, vakter #75/#234 (prep.py)",1390,-0.057,0.947
2351,15.8574,63.97011,A2,novdec,"yta<=+5C, timvis, vakter #75/#234 (prep.py)",1445,0.468,1.102
2352,14.293,63.0761,A2,novdec,"yta<=+5C, timvis, vakter #75/#234 (prep.py)",1435,0.307,1.16
2353,13.02034,63.56908,A2,novdec,"yta<=+5C, timvis, vakter #75/#234 (prep.py)",1385,-0.046,1.053
2354,13.85875,63.66569,A2,novdec,"yta<=+5C, timvis, vakter #75/#234 (prep.py)",1436,-0.248,1.232
2355,13.78964,63.09901,A2,novdec,"yta<=+5C, timvis, vakter #75/#234 (prep.py)",1458,1.289,0.965
2356,16.40409,63.8461,A2,novdec,"yta<=+5C, timvis, vakter #75/#234 (prep.py)",1441,0.282,1.302
2358,12.08744,63.3178,A2,novdec,"yta<=+5C, timvis, vakter #75/#234 (prep.py)",1458,1.298,1.032
2359,16.66254,63.01157,A2,novdec,"yta<=+5C, timvis, vakter #75/#234 (prep.py)",1303,0.255,1.876
2401,20.98781,64.8453,A2,novdec,"yta<=+5C, timvis, vakter #75/#234 (prep.py)",1436,1.071,1.514
2402,21.27981,64.43595,A2,novdec,"yta<=+5C, timvis, vakter #75/#234 (prep.py)",1458,0.456,1.49
2404,20.03746,63.99501,A2,novdec,"yta<=+5C, timvis, vakter #75/#234 (prep.py)",1451,1.079,1.114
2405,18.16868,64.75711,A2,novdec,"yta<=+5C, timvis, vakter #75/#234 (prep.py)",1451,-0.382,1.276
2406,15.09514,66.01046,A2,novdec,"yta<=+5C, timvis, vakter #75/#234 (prep.py)",1439,-0.196,1.115
2407,20.37368,64.89635,A2,novdec,"yta<=+5C, timvis, vakter #75/#234 (prep.py)",1454,-0.187,1.21
2408,20.67919,64.80764,A2,novdec,"yta<=+5C, timvis, vakter #75/#234 (prep.py)",1266,0.353,0.988
2409,21.05257,64.27449,A2,novdec,"yta<=+5C, timvis, vakter #75/#234 (prep.py)",1276,-0.704,1.15
2410,20.70839,63.96865,A2,novdec,"yta<=+5C, timvis, vakter #75/#234 (prep.py)",1399,-0.012,1.396
2411,19.89699,63.90224,A2,novdec,"yta<=+5C, timvis, vakter #75/#234 (prep.py)",1448,-0.368,1.011
2412,19.67621,64.04967,A2,novdec,"yta<=+5C, timvis, vakter #75/#234 (prep.py)",1252,-0.247,1.327
2413,18.06065,64.425,A2,novdec,"yta<=+5C, timvis, vakter #75/#234 (prep.py)",1457,0.179,1.077
2414,17.40331,64.73432,A2,novdec,"yta<=+5C, timvis, vakter #75/#234 (prep.py)",1457,0.416,1.06
2415,19.44012,63.57175,A2,novdec,"yta<=+5C, timvis, vakter #75/#234 (prep.py)",1436,1.058,1.492
2416,20.06001,63.71248,A2,novdec,"yta<=+5C, timvis, vakter #75/#234 (prep.py)",1459,0.4,1.245
2418,20.68828,64.49138,A2,novdec,"yta<=+5C, timvis, vakter #75/#234 (prep.py)",1454,0.015,1.11
2419,20.27178,64.88797,A2,novdec,"yta<=+5C, timvis, vakter #75/#234 (prep.py)",1458,0.289,0.957
2420,19.74408,64.9725,A2,novdec,"yta<=+5C, timvis, vakter #75/#234 (prep.py)",1449,-0.64,0.942
2422,16.9911,64.87458,A2,novdec,"yta<=+5C, timvis, vakter #75/#234 (prep.py)",1457,-0.539,0.979
2423,18.37734,64.07201,A2,novdec,"yta<=+5C, timvis, vakter #75/#234 (prep.py)",1452,0.286,0.858
2424,16.79644,64.43596,A2,novdec,"yta<=+5C, timvis, vakter #75/#234 (prep.py)",1461,-0.771,1.048
2425,19.23951,64.68265,A2,novdec,"yta<=+5C, timvis, vakter #75/#234 (prep.py)",1455,-0.453,1.139
2426,20.22874,64.26622,A2,novdec,"yta<=+5C, timvis, vakter #75/#234 (prep.py)",1451,-0.317,0.98
2427,15.90064,65.48067,A2,novdec,"yta<=+5C, timvis, vakter #75/#234 (prep.py)",1431,-0.267,1.277
2428,19.05483,65.05477,A2,novdec,"yta<=+5C, timvis, vakter #75/#234 (prep.py)",1457,-0.206,1.084
2429,16.21224,65.95607,A2,novdec,"yta<=+5C, timvis, vakter #75/#234 (prep.py)",1442,-2.041,1.853
2430,17.1039,65.52031,A2,novdec,"yta<=+5C, timvis, vakter #75/#234 (prep.py)",1451,-0.262,1.073
2431,14.81495,65.42227,A2,novdec,"yta<=+5C, timvis, vakter #75/#234 (prep.py)",1460,1.025,2.075
2432,19.70408,65.24462,A2,novdec,"yta<=+5C, timvis, vakter #75/#234 (prep.py)",1460,-0.905,1.06
2433,15.37878,64.96776,A2,novdec,"yta<=+5C, timvis, vakter #75/#234 (prep.py)",1454,-1.281,1.317
2434,19.03595,64.40163,A2,novdec,"yta<=+5C, timvis, vakter #75/#234 (prep.py)",1452,-1.246,1.169
2435,18.11518,65.24643,A2,novdec,"yta<=+5C, timvis, vakter #75/#234 (prep.py)",1463,-1.053,1.345
2436,16.56652,65.3552,A2,novdec,"yta<=+5C, timvis, vakter #75/#234 (prep.py)",1449,-0.328,1.269
2437,19.96772,64.61368,A2,novdec,"yta<=+5C, timvis, vakter #75/#234 (prep.py)",1461,1.275,1.731
2438,18.7966,64.82426,A2,novdec,"yta<=+5C, timvis, vakter #75/#234 (prep.py)",1455,0.972,1.368
2439,15.19118,64.82152,A2,novdec,"yta<=+5C, timvis, vakter #75/#234 (prep.py)",1423,-1.322,1.37
2440,20.35683,63.712,A2,novdec,"yta<=+5C, timvis, vakter #75/#234 (prep.py)",1455,0.635,1.457
2441,20.6659,65.13633,A2,novdec,"yta<=+5C, timvis, vakter #75/#234 (prep.py)",0,,
2442,19.31765,63.93495,A2,novdec,"yta<=+5C, timvis, vakter #75/#234 (prep.py)",1459,0.35,1.023
2443,19.59428,64.31308,A2,novdec,"yta<=+5C, timvis, vakter #75/#234 (prep.py)",1451,0.709,1.535
2444,21.13018,64.65151,A2,novdec,"yta<=+5C, timvis, vakter #75/#234 (prep.py)",1443,-0.102,1.023
2445,17.64195,65.02058,A2,novdec,"yta<=+5C, timvis, vakter #75/#234 (prep.py)",1452,-1.144,1.259
2446,18.45865,65.4361,A2,novdec,"yta<=+5C, timvis, vakter #75/#234 (prep.py)",1452,-0.794,1.225
2447,17.49861,64.19857,A2,novdec,"yta<=+5C, timvis, vakter #75/#234 (prep.py)",1449,-0.049,1.173
2448,18.84674,64.20992,A2,novdec,"yta<=+5C, timvis, vakter #75/#234 (prep.py)",1456,-0.426,1.383
2449,19.30894,63.77245,A2,novdec,"yta<=+5C, timvis, vakter #75/#234 (prep.py)",1305,-0.116,1.09
2450,21.25805,64.5074,A2,novdec,"yta<=+5C, timvis, vakter #75/#234 (prep.py)",1215,0.192,1.074
2451,20.45339,63.87147,A2,novdec,"yta<=+5C, timvis, vakter #75/#234 (prep.py)",1450,0.453,1.436
2452,15.88401,64.54342,A2,novdec,"yta<=+5C, timvis, vakter #75/#234 (prep.py)",1458,0.858,1.961
2453,14.80457,66.11838,A2,novdec,"yta<=+5C, timvis, vakter #75/#234 (prep.py)",1452,0.211,1.084
2454,17.63416,65.20836,A2,novdec,"yta<=+5C, timvis, vakter #75/#234 (prep.py)",1456,-0.309,1.007
2455,19.9229,64.43465,A2,novdec,"yta<=+5C, timvis, vakter #75/#234 (prep.py)",0,,
2456,17.876,64.64089,A2,novdec,"yta<=+5C, timvis, vakter #75/#234 (prep.py)",1455,-0.587,0.852
2457,19.82462,63.61553,A2,novdec,"yta<=+5C, timvis, vakter #75/#234 (prep.py)",1449,0.039,1.021
2501,23.9912,65.80951,A2,novdec,"yta<=+5C, timvis, vakter #75/#234 (prep.py)",1452,-0.488,1.117
2502,23.43694,65.83687,A2,novdec,"yta<=+5C, timvis, vakter #75/#234 (prep.py)",1462,-0.262,1.242
2503,22.96527,65.88341,A2,novdec,"yta<=+5C, timvis, vakter #75/#234 (prep.py)",1449,-0.832,1.225
2504,22.6116,65.90197,A2,novdec,"yta<=+5C, timvis, vakter #75/#234 (prep.py)",1454,-1.221,1.383
2505,22.31332,65.84931,A2,novdec,"yta<=+5C, timvis, vakter #75/#234 (prep.py)",1451,-0.663,1.343
2506,21.83118,65.69458,A2,novdec,"yta<=+5C, timvis, vakter #75/#234 (prep.py)",1450,-1.091,1.312
2507,21.77514,65.51313,A2,novdec,"yta<=+5C, timvis, vakter #75/#234 (prep.py)",1453,-0.08,1.074
2508,21.49879,65.17207,A2,novdec,"yta<=+5C, timvis, vakter #75/#234 (prep.py)",1447,-0.159,0.896
2509,21.76374,65.7576,A2,novdec,"yta<=+5C, timvis, vakter #75/#234 (prep.py)",1450,0.187,1.497
2510,21.45077,65.39206,A2,novdec,"yta<=+5C, timvis, vakter #75/#234 (prep.py)",1448,0.053,1.454
2512,19.67458,66.50505,A2,novdec,"yta<=+5C, timvis, vakter #75/#234 (prep.py)",1450,0.121,1.484
2513,21.75469,68.044,A2,novdec,"yta<=+5C, timvis, vakter #75/#234 (prep.py)",1455,-0.404,1.327
2514,18.53652,66.33968,A2,novdec,"yta<=+5C, timvis, vakter #75/#234 (prep.py)",0,,
2515,17.54373,65.85957,A2,novdec,"yta<=+5C, timvis, vakter #75/#234 (prep.py)",0,,
2516,16.41673,66.48595,A2,novdec,"yta<=+5C, timvis, vakter #75/#234 (prep.py)",1446,-1.253,1.537
2517,18.57499,68.4342,A2,novdec,"yta<=+5C, timvis, vakter #75/#234 (prep.py)",1443,0.292,1.062
2518,18.26902,68.42948,A2,novdec,"yta<=+5C, timvis, vakter #75/#234 (prep.py)",1444,0.623,1.208
2519,18.11643,68.43262,A2,novdec,"yta<=+5C, timvis, vakter #75/#234 (prep.py)",571,0.684,1.129
2520,19.78166,68.14824,A2,novdec,"yta<=+5C, timvis, vakter #75/#234 (prep.py)",1449,-1.067,1.465
2521,21.87487,66.76504,A2,novdec,"yta<=+5C, timvis, vakter #75/#234 (prep.py)",1442,-0.093,1.268
2522,18.44375,65.58448,A2,novdec,"yta<=+5C, timvis, vakter #75/#234 (prep.py)",1454,-0.554,0.967
2523,23.87031,66.75348,A2,novdec,"yta<=+5C, timvis, vakter #75/#234 (prep.py)",1446,1.667,1.207
2525,23.70938,66.19995,A2,novdec,"yta<=+5C, timvis, vakter #75/#234 (prep.py)",1448,0.555,1.173
2526,23.24254,67.7733,A2,novdec,"yta<=+5C, timvis, vakter #75/#234 (prep.py)",1460,0.098,1.299
2528,19.82094,66.96028,A2,novdec,"yta<=+5C, timvis, vakter #75/#234 (prep.py)",1455,1.081,1.643
2529,20.72594,66.36436,A2,novdec,"yta<=+5C, timvis, vakter #75/#234 (prep.py)",1453,-2.701,1.61
2530,20.73824,65.32655,A2,novdec,"yta<=+5C, timvis, vakter #75/#234 (prep.py)",1453,-0.734,0.924
2531,22.14802,66.19946,A2,novdec,"yta<=+5C, timvis, vakter #75/#234 (prep.py)",0,,
2532,22.63156,67.15809,A2,novdec,"yta<=+5C, timvis, vakter #75/#234 (prep.py)",1452,-0.517,1.102
2533,19.02747,67.86012,A2,novdec,"yta<=+5C, timvis, vakter #75/#234 (prep.py)",1433,0.515,1.885
2534,18.36681,67.4741,A2,novdec,"yta<=+5C, timvis, vakter #75/#234 (prep.py)",1431,1.049,1.561
2535,17.72085,66.95166,A2,novdec,"yta<=+5C, timvis, vakter #75/#234 (prep.py)",1448,-0.077,1.398
2536,19.31239,65.70871,A2,novdec,"yta<=+5C, timvis, vakter #75/#234 (prep.py)",1453,-0.765,0.937
2539,21.3548,65.63538,A2,novdec,"yta<=+5C, timvis, vakter #75/#234 (prep.py)",1452,-0.731,0.925
2540,22.89922,66.68881,A2,novdec,"yta<=+5C, timvis, vakter #75/#234 (prep.py)",1460,0.006,1.24
2541,22.0513,67.45409,A2,novdec,"yta<=+5C, timvis, vakter #75/#234 (prep.py)",1455,0.213,0.945
2542,22.80753,66.16889,A2,novdec,"yta<=+5C, timvis, vakter #75/#234 (prep.py)",1446,0.072,1.236
2543,19.98354,66.15222,A2,novdec,"yta<=+5C, timvis, vakter #75/#234 (prep.py)",1456,0.085,0.949
2544,19.95864,65.67301,A2,novdec,"yta<=+5C, timvis, vakter #75/#234 (prep.py)",1453,0.004,0.928
2545,21.02237,66.76056,A2,novdec,"yta<=+5C, timvis, vakter #75/#234 (prep.py)",1449,-1.286,1.335
2546,22.5191,68.43015,A2,novdec,"yta<=+5C, timvis, vakter #75/#234 (prep.py)",1454,0.007,1.424
2547,21.29114,65.93131,A2,novdec,"yta<=+5C, timvis, vakter #75/#234 (prep.py)",1449,-1.619,1.066
2548,17.09409,66.32424,A2,novdec,"yta<=+5C, timvis, vakter #75/#234 (prep.py)",1453,-1.462,1.349
2549,15.88305,66.75991,A2,novdec,"yta<=+5C, timvis, vakter #75/#234 (prep.py)",1458,-0.948,1.573
2550,21.04867,67.27606,A2,novdec,"yta<=+5C, timvis, vakter #75/#234 (prep.py)",1459,0.056,1.002
2551,16.0113,66.73128,A2,novdec,"yta<=+5C, timvis, vakter #75/#234 (prep.py)",1450,-0.812,1.483
2552,20.67108,65.7858,A2,novdec,"yta<=+5C, timvis, vakter #75/#234 (prep.py)",1450,-1.903,1.022
2553,21.98351,66.01574,A2,novdec,"yta<=+5C, timvis, vakter #75/#234 (prep.py)",1445,0.452,1.479
2554,18.36792,65.89413,A2,novdec,"yta<=+5C, timvis, vakter #75/#234 (prep.py)",1458,-0.588,1.148
2555,23.48217,67.44146,A2,novdec,"yta<=+5C, timvis, vakter #75/#234 (prep.py)",1449,0.284,1.265
2556,21.19325,67.05215,A2,novdec,"yta<=+5C, timvis, vakter #75/#234 (prep.py)",1458,-1.072,1.343
2557,22.48294,66.48496,A2,novdec,"yta<=+5C, timvis, vakter #75/#234 (prep.py)",1446,-1.013,1.192
2558,23.6244,66.39659,A2,novdec,"yta<=+5C, timvis, vakter #75/#234 (prep.py)",1441,0.406,1.233
2559,23.50581,66.02773,A2,novdec,"yta<=+5C, timvis, vakter #75/#234 (prep.py)",1457,-0.813,1.136
2560,21.10576,67.61179,A2,novdec,"yta<=+5C, timvis, vakter #75/#234 (prep.py)",1442,-0.029,1.056
2561,21.67568,67.66733,A2,novdec,"yta<=+5C, timvis, vakter #75/#234 (prep.py)",1437,-1.708,1.626
2566,23.31109,68.12011,A2,novdec,"yta<=+5C, timvis, vakter #75/#234 (prep.py)",1453,-1.008,1.813
2567,21.87581,67.01018,A2,novdec,"yta<=+5C, timvis, vakter #75/#234 (prep.py)",1457,-0.454,1.252
2568,22.683,66.76414,A2,novdec,"yta<=+5C, timvis, vakter #75/#234 (prep.py)",1449,0.448,1.309
2569,22.40316,67.424,A2,novdec,"yta<=+5C, timvis, vakter #75/#234 (prep.py)",1454,1.011,1.936
2575,23.80691,65.74642,A2,novdec,"yta<=+5C, timvis, vakter #75/#234 (prep.py)",1455,-0.038,1.266
7101,12.72302,56.02482,A2,novdec,"yta<=+5C, timvis, vakter #75/#234 (prep.py)",0,,
7102,13.01448,55.61158,A2,novdec,"yta<=+5C, timvis, vakter #75/#234 (prep.py)",0,,
7103,13.15882,55.36937,A2,novdec,"yta<=+5C, timvis, vakter #75/#234 (prep.py)",0,,
7301,14.17775,57.76393,A2,novdec,"yta<=+5C, timvis, vakter #75/#234 (prep.py)",0,,
7501,17.14719,60.68384,A2,novdec,"yta<=+5C, timvis, vakter #75/#234 (prep.py)",0,,
7502,15.41958,60.47459,A2,novdec,"yta<=+5C, timvis, vakter #75/#234 (prep.py)",0,,
7503,16.50864,59.5959,A2,novdec,"yta<=+5C, timvis, vakter #75/#234 (prep.py)",0,,
7504,15.05991,59.06042,A2,novdec,"yta<=+5C, timvis, vakter #75/#234 (prep.py)",0,,
7601,15.64424,62.52549,A2,novdec,"yta<=+5C, timvis, vakter #75/#234 (prep.py)",0,,
201,17.84313,59.24745,Bsp,vinter,"yta<=+5C, timvis, vakter #75/#234 (prep.py)",677,0.768,0.967
202,17.44746,59.05332,Bsp,vinter,"yta<=+5C, timvis, vakter #75/#234 (prep.py)",3274,-0.535,1.515
203,17.64272,59.18437,Bsp,vinter,"yta<=+5C, timvis, vakter #75/#234 (prep.py)",2808,0.675,0.979
206,17.66354,59.19915,Bsp,vinter,"yta<=+5C, timvis, vakter #75/#234 (prep.py)",3021,-0.103,0.823
207,17.76257,59.21243,Bsp,vinter,"yta<=+5C, timvis, vakter #75/#234 (prep.py)",3152,-0.064,1.39
208,17.80685,59.17678,Bsp,vinter,"yta<=+5C, timvis, vakter #75/#234 (prep.py)",3125,-0.319,0.969
209,17.91823,59.20973,Bsp,vinter,"yta<=+5C, timvis, vakter #75/#234 (prep.py)",2877,0.213,1.262
210,17.79342,59.09575,Bsp,vinter,"yta<=+5C, timvis, vakter #75/#234 (prep.py)",3254,-0.903,0.926
214,18.39315,59.14079,Bsp,vinter,"yta<=+5C, timvis, vakter #75/#234 (prep.py)",3150,0.228,1.144
215,18.12075,59.23986,Bsp,vinter,"yta<=+5C, timvis, vakter #75/#234 (prep.py)",2772,0.719,0.964
216,18.16655,59.25792,Bsp,vinter,"yta<=+5C, timvis, vakter #75/#234 (prep.py)",2924,0.224,0.839
218,18.31442,59.32924,Bsp,vinter,"yta<=+5C, timvis, vakter #75/#234 (prep.py)",3004,-0.014,1.074
219,18.22338,59.4285,Bsp,vinter,"yta<=+5C, timvis, vakter #75/#234 (prep.py)",3189,-0.634,1.171
220,18.22075,59.4958,Bsp,vinter,"yta<=+5C, timvis, vakter #75/#234 (prep.py)",3062,-0.7,1.12
221,18.64384,59.57512,Bsp,vinter,"yta<=+5C, timvis, vakter #75/#234 (prep.py)",3192,-0.437,1.021
222,18.04221,59.38437,Bsp,vinter,"yta<=+5C, timvis, vakter #75/#234 (prep.py)",2881,0.562,1.045
223,18.16462,59.48921,Bsp,vinter,"yta<=+5C, timvis, vakter #75/#234 (prep.py)",2904,0.577,0.879
224,18.34007,59.65588,Bsp,vinter,"yta<=+5C, timvis, vakter #75/#234 (prep.py)",3087,-0.444,1.043
226,17.91777,59.47614,Bsp,vinter,"yta<=+5C, timvis, vakter #75/#234 (prep.py)",2644,1.245,1.082
227,17.89332,59.64336,Bsp,vinter,"yta<=+5C, timvis, vakter #75/#234 (prep.py)",2913,-0.492,1.341
229,18.0469,59.74758,Bsp,vinter,"yta<=+5C, timvis, vakter #75/#234 (prep.py)",3080,-0.45,0.927
230,18.93107,59.71923,Bsp,vinter,"yta<=+5C, timvis, vakter #75/#234 (prep.py)",3220,-0.219,1.233
231,17.74555,59.62774,Bsp,vinter,"yta<=+5C, timvis, vakter #75/#234 (prep.py)",3126,0.03,1.066
232,17.8647,59.40587,Bsp,vinter,"yta<=+5C, timvis, vakter #75/#234 (prep.py)",2606,1.728,1.114
233,17.76478,59.48371,Bsp,vinter,"yta<=+5C, timvis, vakter #75/#234 (prep.py)",2881,0.818,0.881
234,17.5717,59.5608,Bsp,vinter,"yta<=+5C, timvis, vakter #75/#234 (prep.py)",443,0.52,0.942
236,18.02088,59.30288,Bsp,vinter,"yta<=+5C, timvis, vakter #75/#234 (prep.py)",2577,1.766,1.034
237,18.01109,59.34099,Bsp,vinter,"yta<=+5C, timvis, vakter #75/#234 (prep.py)",2606,1.425,1.097
238,18.63276,59.89256,Bsp,vinter,"yta<=+5C, timvis, vakter #75/#234 (prep.py)",3366,-0.215,1.377
239,18.80948,59.98992,Bsp,vinter,"yta<=+5C, timvis, vakter #75/#234 (prep.py)",3148,-0.543,0.933
240,17.85471,59.3024,Bsp,vinter,"yta<=+5C, timvis, vakter #75/#234 (prep.py)",3001,0.023,0.935
241,17.75933,59.27802,Bsp,vinter,"yta<=+5C, timvis, vakter #75/#234 (prep.py)",2860,0.7,0.841
242,18.47932,59.34467,Bsp,vinter,"yta<=+5C, timvis, vakter #75/#234 (prep.py)",3272,-0.139,0.946
243,18.01997,59.36857,Bsp,vinter,"yta<=+5C, timvis, vakter #75/#234 (prep.py)",2831,0.541,0.894
244,17.59579,59.08173,Bsp,vinter,"yta<=+5C, timvis, vakter #75/#234 (prep.py)",2705,0.939,0.956
245,18.2319,59.56339,Bsp,vinter,"yta<=+5C, timvis, vakter #75/#234 (prep.py)",3044,-0.338,1.285
246,17.43894,59.19397,Bsp,vinter,"yta<=+5C, timvis, vakter #75/#234 (prep.py)",2863,0.001,0.923
247,18.14261,59.1299,Bsp,vinter,"yta<=+5C, timvis, vakter #75/#234 (prep.py)",2953,-0.033,1.022
248,17.92358,58.93432,Bsp,vinter,"yta<=+5C, timvis, vakter #75/#234 (prep.py)",2954,-0.101,0.993
249,18.00268,59.04415,Bsp,vinter,"yta<=+5C, timvis, vakter #75/#234 (prep.py)",3294,-1.154,1.336
251,18.10454,59.35688,Bsp,vinter,"yta<=+5C, timvis, vakter #75/#234 (prep.py)",2812,0.837,0.924
257,18.48878,59.70307,Bsp,vinter,"yta<=+5C, timvis, vakter #75/#234 (prep.py)",3205,-1.249,1.222
301,17.48843,59.81709,Bsp,vinter,"yta<=+5C, timvis, vakter #75/#234 (prep.py)",2989,0.993,0.803
302,17.28482,59.87777,Bsp,vinter,"yta<=+5C, timvis, vakter #75/#234 (prep.py)",3245,0.135,1.37
303,17.56706,59.99548,Bsp,vinter,"yta<=+5C, timvis, vakter #75/#234 (prep.py)",3098,0.218,1.02
305,17.4103,60.42,Bsp,vinter,"yta<=+5C, timvis, vakter #75/#234 (prep.py)",3232,-0.622,1.024
306,18.05399,60.05141,Bsp,vinter,"yta<=+5C, timvis, vakter #75/#234 (prep.py)",3179,-0.142,1.004
307,18.29812,60.23655,Bsp,vinter,"yta<=+5C, timvis, vakter #75/#234 (prep.py)",3392,-1.177,1.216
308,18.17542,59.88074,Bsp,vinter,"yta<=+5C, timvis, vakter #75/#234 (prep.py)",3259,0.023,0.976
309,18.4994,60.03803,Bsp,vinter,"yta<=+5C, timvis, vakter #75/#234 (prep.py)",3337,-1.213,1.067
310,17.45239,60.60235,Bsp,vinter,"yta<=+5C, timvis, vakter #75/#234 (prep.py)",3240,-1.035,0.921
311,17.73935,60.48604,Bsp,vinter,"yta<=+5C, timvis, vakter #75/#234 (prep.py)",3160,-0.274,0.983
313,17.7549,59.81608,Bsp,vinter,"yta<=+5C, timvis, vakter #75/#234 (prep.py)",2907,0.465,0.972
316,17.26433,59.66158,Bsp,vinter,"yta<=+5C, timvis, vakter #75/#234 (prep.py)",2949,-0.391,0.868
317,17.38179,59.62309,Bsp,vinter,"yta<=+5C, timvis, vakter #75/#234 (prep.py)",2986,0.409,1.029
319,16.89506,59.77428,Bsp,vinter,"yta<=+5C, timvis, vakter #75/#234 (prep.py)",2953,0.049,0.89
320,17.83397,60.1951,Bsp,vinter,"yta<=+5C, timvis, vakter #75/#234 (prep.py)",3203,-0.741,0.994
322,17.79602,59.76167,Bsp,vinter,"yta<=+5C, timvis, vakter #75/#234 (prep.py)",3100,0.35,0.948
323,16.99639,59.58524,Bsp,vinter,"yta<=+5C, timvis, vakter #75/#234 (prep.py)",2965,0.591,0.92
325,17.87957,60.40186,Bsp,vinter,"yta<=+5C, timvis, vakter #75/#234 (prep.py)",3319,-0.876,0.9
326,17.65582,59.94895,Bsp,vinter,"yta<=+5C, timvis, vakter #75/#234 (prep.py)",3068,-0.09,0.834
327,17.62225,60.04968,Bsp,vinter,"yta<=+5C, timvis, vakter #75/#234 (prep.py)",3088,0.047,0.832
328,17.49551,60.21591,Bsp,vinter,"yta<=+5C, timvis, vakter #75/#234 (prep.py)",3129,0.222,0.84
329,17.51135,60.32439,Bsp,vinter,"yta<=+5C, timvis, vakter #75/#234 (prep.py)",3244,-0.85,0.887
330,16.85856,59.63481,Bsp,vinter,"yta<=+5C, timvis, vakter #75/#234 (prep.py)",2783,0.89,0.964
402,16.85329,58.75713,Bsp,vinter,"yta<=+5C, timvis, vakter #75/#234 (prep.py)",2866,0.181,1.034
403,17.14962,58.82191,Bsp,vinter,"yta<=+5C, timvis, vakter #75/#234 (prep.py)",2798,0.577,0.889
404,17.54102,59.00632,Bsp,vinter,"yta<=+5C, timvis, vakter #75/#234 (prep.py)",2925,-0.2,0.88
405,17.33014,58.9081,Bsp,vinter,"yta<=+5C, timvis, vakter #75/#234 (prep.py)",1524,-0.55,1.614
406,16.75354,58.83006,Bsp,vinter,"yta<=+5C, timvis, vakter #75/#234 (prep.py)",3008,-0.146,0.897
409,17.22561,59.05559,Bsp,vinter,"yta<=+5C, timvis, vakter #75/#234 (prep.py)",3114,-0.476,1.19
410,16.83437,59.08184,Bsp,vinter,"yta<=+5C, timvis, vakter #75/#234 (prep.py)",2879,0.021,0.861
411,16.55832,59.03738,Bsp,vinter,"yta<=+5C, timvis, vakter #75/#234 (prep.py)",3148,-0.72,1.201
412,16.53666,58.90833,Bsp,vinter,"yta<=+5C, timvis, vakter #75/#234 (prep.py)",2946,-0.157,0.881
413,16.19792,58.84261,Bsp,vinter,"yta<=+5C, timvis, vakter #75/#234 (prep.py)",2734,0.18,1.105
414,15.86829,59.06712,Bsp,vinter,"yta<=+5C, timvis, vakter #75/#234 (prep.py)",2991,-0.58,0.991
417,16.60295,59.24119,Bsp,vinter,"yta<=+5C, timvis, vakter #75/#234 (prep.py)",2981,0.168,1.031
418,16.371,59.40762,Bsp,vinter,"yta<=+5C, timvis, vakter #75/#234 (prep.py)",785,-0.753,1.31
420,16.82301,59.20472,Bsp,vinter,"yta<=+5C, timvis, vakter #75/#234 (prep.py)",3018,-0.098,0.82
421,17.1767,59.24178,Bsp,vinter,"yta<=+5C, timvis, vakter #75/#234 (prep.py)",2839,0.586,0.848
422,17.01225,59.44863,Bsp,vinter,"yta<=+5C, timvis, vakter #75/#234 (prep.py)",2975,-0.036,0.836
423,16.92078,59.36031,Bsp,vinter,"yta<=+5C, timvis, vakter #75/#234 (prep.py)",2729,-0.263,0.901
424,16.8522,58.95001,Bsp,vinter,"yta<=+5C, timvis, vakter #75/#234 (prep.py)",3064,-0.537,0.866
425,16.47254,58.74248,Bsp,vinter,"yta<=+5C, timvis, vakter #75/#234 (prep.py)",2701,0.593,0.957
426,17.04798,58.69095,Bsp,vinter,"yta<=+5C, timvis, vakter #75/#234 (prep.py)",2925,-0.588,0.924
427,16.22177,59.05229,Bsp,vinter,"yta<=+5C, timvis, vakter #75/#234 (prep.py)",2917,0.476,0.93
429,16.78683,59.37887,Bsp,vinter,"yta<=+5C, timvis, vakter #75/#234 (prep.py)",2825,0.753,0.79
523,16.28378,58.67749,Bsp,vinter,"yta<=+5C, timvis, vakter #75/#234 (prep.py)",2881,-0.092,1.045
524,16.16469,58.71628,Bsp,vinter,"yta<=+5C, timvis, vakter #75/#234 (prep.py)",2944,-0.383,0.967
527,15.61933,58.43383,Bsp,vinter,"yta<=+5C, timvis, vakter #75/#234 (prep.py)",2601,0.622,0.931
528,16.03046,58.53154,Bsp,vinter,"yta<=+5C, timvis, vakter #75/#234 (prep.py)",2507,0.635,1.364
529,14.97674,58.43858,Bsp,vinter,"yta<=+5C, timvis, vakter #75/#234 (prep.py)",2851,-0.542,0.933
531,16.53458,58.14137,Bsp,vinter,"yta<=+5C, timvis, vakter #75/#234 (prep.py)",2995,-0.313,1.029
532,16.36514,58.44882,Bsp,vinter,"yta<=+5C, timvis, vakter #75/#234 (prep.py)",2769,0.1,1.006
533,15.16164,57.79896,Bsp,vinter,"yta<=+5C, timvis, vakter #75/#234 (prep.py)",3096,-0.171,1.05
534,15.08343,58.24846,Bsp,vinter,"yta<=+5C, timvis, vakter #75/#234 (prep.py)",2806,0.293,1.151
535,15.69264,57.91148,Bsp,vinter,"yta<=+5C, timvis, vakter #75/#234 (prep.py)",3177,-0.973,1.377
536,15.61917,58.23925,Bsp,vinter,"yta<=+5C, timvis, vakter #75/#234 (prep.py)",3060,-0.231,1.225
537,14.94874,58.30111,Bsp,vinter,"yta<=+5C, timvis, vakter #75/#234 (prep.py)",2553,0.765,1.072
539,15.81174,58.37349,Bsp,vinter,"yta<=+5C, timvis, vakter #75/#234 (prep.py)",2792,-0.065,1.068
540,15.51887,58.76549,Bsp,vinter,"yta<=+5C, timvis, vakter #75/#234 (prep.py)",2993,-0.645,0.897
541,16.06282,58.16255,Bsp,vinter,"yta<=+5C, timvis, vakter #75/#234 (prep.py)",3062,-0.399,1.177
542,16.51286,58.5754,Bsp,vinter,"yta<=+5C, timvis, vakter #75/#234 (prep.py)",2965,-1.874,1.222
543,15.91217,58.69465,Bsp,vinter,"yta<=+5C, timvis, vakter #75/#234 (prep.py)",2925,-0.853,1.054
544,14.69192,58.23123,Bsp,vinter,"yta<=+5C, timvis, vakter #75/#234 (prep.py)",2697,-0.497,1.241
546,15.33283,58.37723,Bsp,vinter,"yta<=+5C, timvis, vakter #75/#234 (prep.py)",2687,0.141,0.89
547,14.98801,58.57393,Bsp,vinter,"yta<=+5C, timvis, vakter #75/#234 (prep.py)",990,-0.785,0.941
548,15.35787,58.49096,Bsp,vinter,"yta<=+5C, timvis, vakter #75/#234 (prep.py)",2829,-0.267,0.902
549,16.47907,58.31747,Bsp,vinter,"yta<=+5C, timvis, vakter #75/#234 (prep.py)",2864,-0.615,1.118
550,16.89748,58.492,Bsp,vinter,"yta<=+5C, timvis, vakter #75/#234 (prep.py)",3028,-0.48,1.049
552,16.01379,58.66651,Bsp,vinter,"yta<=+5C, timvis, vakter #75/#234 (prep.py)",2929,-0.682,1.047
553,15.28293,58.57303,Bsp,vinter,"yta<=+5C, timvis, vakter #75/#234 (prep.py)",3053,-0.493,0.821
554,15.0498,58.46851,Bsp,vinter,"yta<=+5C, timvis, vakter #75/#234 (prep.py)",2711,0.132,0.845
601,14.44188,57.99484,Bsp,vinter,"yta<=+5C, timvis, vakter #75/#234 (prep.py)",2516,1.329,1.037
602,14.34147,57.94626,Bsp,vinter,"yta<=+5C, timvis, vakter #75/#234 (prep.py)",2868,0.037,0.993
604,14.78556,57.38834,Bsp,vinter,"yta<=+5C, timvis, vakter #75/#234 (prep.py)",3073,-0.014,0.83
605,14.15961,57.68915,Bsp,vinter,"yta<=+5C, timvis, vakter #75/#234 (prep.py)",2776,0.408,0.945
607,14.26726,57.5396,Bsp,vinter,"yta<=+5C, timvis, vakter #75/#234 (prep.py)",3052,0.094,0.901
611,14.25498,57.75673,Bsp,vinter,"yta<=+5C, timvis, vakter #75/#234 (prep.py)",2956,-0.58,0.894
614,13.99871,57.75756,Bsp,vinter,"yta<=+5C, timvis, vakter #75/#234 (prep.py)",3148,-0.28,1.367
616,13.84111,57.67232,Bsp,vinter,"yta<=+5C, timvis, vakter #75/#234 (prep.py)",2952,-0.079,0.978
617,14.10016,57.82997,Bsp,vinter,"yta<=+5C, timvis, vakter #75/#234 (prep.py)",2804,0.583,1.045
618,14.52885,58.06883,Bsp,vinter,"yta<=+5C, timvis, vakter #75/#234 (prep.py)",2756,0.683,0.869
627,13.79289,57.33462,Bsp,vinter,"yta<=+5C, timvis, vakter #75/#234 (prep.py)",3141,-0.668,0.864
630,13.77624,57.16828,Bsp,vinter,"yta<=+5C, timvis, vakter #75/#234 (prep.py)",2748,0.466,0.817
631,13.97445,57.1845,Bsp,vinter,"yta<=+5C, timvis, vakter #75/#234 (prep.py)",2780,0.072,0.869
632,14.06288,57.07867,Bsp,vinter,"yta<=+5C, timvis, vakter #75/#234 (prep.py)",2683,0.415,0.965
633,14.07749,57.23603,Bsp,vinter,"yta<=+5C, timvis, vakter #75/#234 (prep.py)",2752,0.169,0.991
634,14.2728,57.002,Bsp,vinter,"yta<=+5C, timvis, vakter #75/#234 (prep.py)",2876,-0.001,0.753
635,14.33634,57.32534,Bsp,vinter,"yta<=+5C, timvis, vakter #75/#234 (prep.py)",2894,0.191,0.818
636,14.51549,57.21369,Bsp,vinter,"yta<=+5C, timvis, vakter #75/#234 (prep.py)",2976,0.177,0.739
639,14.75434,57.46356,Bsp,vinter,"yta<=+5C, timvis, vakter #75/#234 (prep.py)",2978,-0.062,0.962
640,14.65297,58.01212,Bsp,vinter,"yta<=+5C, timvis, vakter #75/#234 (prep.py)",3002,0.371,0.96
641,14.73242,57.65382,Bsp,vinter,"yta<=+5C, timvis, vakter #75/#234 (prep.py)",3028,0.344,0.926
642,15.06459,57.64397,Bsp,vinter,"yta<=+5C, timvis, vakter #75/#234 (prep.py)",3159,-0.178,0.814
643,15.0023,57.50777,Bsp,vinter,"yta<=+5C, timvis, vakter #75/#234 (prep.py)",2935,0.289,0.738
644,15.13169,57.28582,Bsp,vinter,"yta<=+5C, timvis, vakter #75/#234 (prep.py)",2826,0.39,0.855
645,14.52073,57.67535,Bsp,vinter,"yta<=+5C, timvis, vakter #75/#234 (prep.py)",3041,0.408,0.904
646,14.09819,57.45602,Bsp,vinter,"yta<=+5C, timvis, vakter #75/#234 (prep.py)",2888,0.542,1.01
647,13.66306,57.47933,Bsp,vinter,"yta<=+5C, timvis, vakter #75/#234 (prep.py)",2975,0.03,1.226
648,14.26385,57.79037,Bsp,vinter,"yta<=+5C, timvis, vakter #75/#234 (prep.py)",2642,1.314,0.963
649,14.95136,58.03265,Bsp,vinter,"yta<=+5C, timvis, vakter #75/#234 (prep.py)",2835,0.512,0.83
651,14.10719,57.75742,Bsp,vinter,"yta<=+5C, timvis, vakter #75/#234 (prep.py)",2775,0.76,1.063
652,13.47901,57.25984,Bsp,vinter,"yta<=+5C, timvis, vakter #75/#234 (prep.py)",2731,-0.2,0.932
653,14.11573,57.75093,Bsp,vinter,"yta<=+5C, timvis, vakter #75/#234 (prep.py)",2668,0.866,0.91
654,14.8669,57.84756,Bsp,vinter,"yta<=+5C, timvis, vakter #75/#234 (prep.py)",2866,0.153,1.155
655,14.67848,57.78851,Bsp,vinter,"yta<=+5C, timvis, vakter #75/#234 (prep.py)",2965,0.26,0.978
657,13.9348,57.87394,Bsp,vinter,"yta<=+5C, timvis, vakter #75/#234 (prep.py)",2900,0.849,0.946
702,13.71439,56.75617,Bsp,vinter,"yta<=+5C, timvis, vakter #75/#234 (prep.py)",2648,-0.132,0.834
703,13.99538,56.93932,Bsp,vinter,"yta<=+5C, timvis, vakter #75/#234 (prep.py)",2636,0.976,0.943
704,14.16355,56.87238,Bsp,vinter,"yta<=+5C, timvis, vakter #75/#234 (prep.py)",2761,0.204,0.867
705,14.05709,56.5512,Bsp,vinter,"yta<=+5C, timvis, vakter #75/#234 (prep.py)",2820,0.118,0.909
706,14.55003,56.5178,Bsp,vinter,"yta<=+5C, timvis, vakter #75/#234 (prep.py)",2854,-0.052,0.9
707,14.43481,56.71193,Bsp,vinter,"yta<=+5C, timvis, vakter #75/#234 (prep.py)",2735,0.015,0.885
708,14.69168,56.82573,Bsp,vinter,"yta<=+5C, timvis, vakter #75/#234 (prep.py)",2884,0.13,0.84
709,14.71286,56.89818,Bsp,vinter,"yta<=+5C, timvis, vakter #75/#234 (prep.py)",2850,-0.017,0.956
710,14.63957,57.09455,Bsp,vinter,"yta<=+5C, timvis, vakter #75/#234 (prep.py)",2902,0.381,0.723
712,14.8829,56.81089,Bsp,vinter,"yta<=+5C, timvis, vakter #75/#234 (prep.py)",2833,0.034,0.901
714,14.94066,56.9566,Bsp,vinter,"yta<=+5C, timvis, vakter #75/#234 (prep.py)",2526,0.182,0.923
715,15.24502,57.12038,Bsp,vinter,"yta<=+5C, timvis, vakter #75/#234 (prep.py)",3003,0.231,0.834
716,13.76299,56.61594,Bsp,vinter,"yta<=+5C, timvis, vakter #75/#234 (prep.py)",2216,0.474,1.064
717,14.95516,56.54841,Bsp,vinter,"yta<=+5C, timvis, vakter #75/#234 (prep.py)",2836,-0.257,0.75
718,15.13831,56.79012,Bsp,vinter,"yta<=+5C, timvis, vakter #75/#234 (prep.py)",2761,0.467,0.894
719,15.2667,56.55308,Bsp,vinter,"yta<=+5C, timvis, vakter #75/#234 (prep.py)",2760,0.261,1.003
720,14.54612,56.92254,Bsp,vinter,"yta<=+5C, timvis, vakter #75/#234 (prep.py)",2651,0.599,0.863
721,14.90223,56.38469,Bsp,vinter,"yta<=+5C, timvis, vakter #75/#234 (prep.py)",2639,0.179,1.019
722,13.6529,56.50588,Bsp,vinter,"yta<=+5C, timvis, vakter #75/#234 (prep.py)",2542,0.238,0.844
723,15.27145,57.00413,Bsp,vinter,"yta<=+5C, timvis, vakter #75/#234 (prep.py)",2930,0.428,0.956
802,16.61841,56.56934,Bsp,vinter,"yta<=+5C, timvis, vakter #75/#234 (prep.py)",2650,-0.372,1.033
804,16.55952,56.76099,Bsp,vinter,"yta<=+5C, timvis, vakter #75/#234 (prep.py)",2653,-0.871,0.919
805,17.01562,57.33878,Bsp,vinter,"yta<=+5C, timvis, vakter #75/#234 (prep.py)",2702,-0.112,0.846
806,16.21562,56.63826,Bsp,vinter,"yta<=+5C, timvis, vakter #75/#234 (prep.py)",2561,0.074,0.965
807,16.08381,56.53142,Bsp,vinter,"yta<=+5C, timvis, vakter #75/#234 (prep.py)",2477,0.096,0.962
809,15.6034,56.50224,Bsp,vinter,"yta<=+5C, timvis, vakter #75/#234 (prep.py)",2673,0.336,0.892
811,16.1503,56.68526,Bsp,vinter,"yta<=+5C, timvis, vakter #75/#234 (prep.py)",2674,-0.336,0.891
812,15.51939,56.73684,Bsp,vinter,"yta<=+5C, timvis, vakter #75/#234 (prep.py)",2853,0.026,0.834
813,15.5462,56.9071,Bsp,vinter,"yta<=+5C, timvis, vakter #75/#234 (prep.py)",3045,-0.236,1.066
814,16.3394,56.78152,Bsp,vinter,"yta<=+5C, timvis, vakter #75/#234 (prep.py)",2686,-0.565,0.966
815,15.9295,56.92821,Bsp,vinter,"yta<=+5C, timvis, vakter #75/#234 (prep.py)",2862,-0.749,1.119
816,16.48495,57.12576,Bsp,vinter,"yta<=+5C, timvis, vakter #75/#234 (prep.py)",2944,-0.213,1.041
817,16.24542,57.04218,Bsp,vinter,"yta<=+5C, timvis, vakter #75/#234 (prep.py)",2745,-0.35,1.124
818,15.60767,57.14977,Bsp,vinter,"yta<=+5C, timvis, vakter #75/#234 (prep.py)",3103,-0.719,1.157
819,15.5674,57.29442,Bsp,vinter,"yta<=+5C, timvis, vakter #75/#234 (prep.py)",2906,-0.45,0.876
821,16.08126,57.262,Bsp,vinter,"yta<=+5C, timvis, vakter #75/#234 (prep.py)",2921,-1.108,1.946
822,16.45862,57.29351,Bsp,vinter,"yta<=+5C, timvis, vakter #75/#234 (prep.py)",2846,-0.665,1.042
823,16.47321,57.60982,Bsp,vinter,"yta<=+5C, timvis, vakter #75/#234 (prep.py)",2875,-0.291,0.974
826,15.62516,57.63533,Bsp,vinter,"yta<=+5C, timvis, vakter #75/#234 (prep.py)",3062,-0.841,1.116
827,15.82524,57.42323,Bsp,vinter,"yta<=+5C, timvis, vakter #75/#234 (prep.py)",2864,0.06,0.943
828,16.20318,58.05519,Bsp,vinter,"yta<=+5C, timvis, vakter #75/#234 (prep.py)",3085,-0.593,1.194
829,16.49526,58.00814,Bsp,vinter,"yta<=+5C, timvis, vakter #75/#234 (prep.py)",2987,-0.816,1.299
832,16.46101,56.66693,Bsp,vinter,"yta<=+5C, timvis, vakter #75/#234 (prep.py)",3103,-2.22,1.289
833,15.91562,56.72643,Bsp,vinter,"yta<=+5C, timvis, vakter #75/#234 (prep.py)",2719,-0.307,0.998
834,15.83667,57.67282,Bsp,vinter,"yta<=+5C, timvis, vakter #75/#234 (prep.py)",2911,-0.193,0.961
835,15.57707,57.40869,Bsp,vinter,"yta<=+5C, timvis, vakter #75/#234 (prep.py)",2778,-0.107,1.065
836,16.50226,57.80555,Bsp,vinter,"yta<=+5C, timvis, vakter #75/#234 (prep.py)",2984,-0.154,1.012
837,16.7322,56.88985,Bsp,vinter,"yta<=+5C, timvis, vakter #75/#234 (prep.py)",2671,-0.095,0.906
838,16.40657,56.32072,Bsp,vinter,"yta<=+5C, timvis, vakter #75/#234 (prep.py)",2611,-0.038,0.977
839,16.28228,57.69671,Bsp,vinter,"yta<=+5C, timvis, vakter #75/#234 (prep.py)",3182,-1.453,1.232
840,16.71417,57.90735,Bsp,vinter,"yta<=+5C, timvis, vakter #75/#234 (prep.py)",3012,-1.205,1.111
903,18.4252,57.54391,Bsp,vinter,"yta<=+5C, timvis, vakter #75/#234 (prep.py)",2366,-0.489,0.884
904,18.82076,57.4284,Bsp,vinter,"yta<=+5C, timvis, vakter #75/#234 (prep.py)",2695,-0.283,0.873
905,18.28024,57.1313,Bsp,vinter,"yta<=+5C, timvis, vakter #75/#234 (prep.py)",2620,-0.309,0.884
906,18.37971,57.3321,Bsp,vinter,"yta<=+5C, timvis, vakter #75/#234 (prep.py)",2912,-0.658,0.989
907,18.53916,57.63388,Bsp,vinter,"yta<=+5C, timvis, vakter #75/#234 (prep.py)",2819,-0.015,0.903
909,18.91674,57.83317,Bsp,vinter,"yta<=+5C, timvis, vakter #75/#234 (prep.py)",2303,-0.08,0.933
910,18.27452,57.62329,Bsp,vinter,"yta<=+5C, timvis, vakter #75/#234 (prep.py)",2700,0.112,0.894
911,18.46715,57.76062,Bsp,vinter,"yta<=+5C, timvis, vakter #75/#234 (prep.py)",2898,-0.555,0.922
912,18.7465,57.58913,Bsp,vinter,"yta<=+5C, timvis, vakter #75/#234 (prep.py)",2855,-0.62,0.986
913,18.61617,57.32709,Bsp,vinter,"yta<=+5C, timvis, vakter #75/#234 (prep.py)",0,,
914,19.23691,57.9576,Bsp,vinter,"yta<=+5C, timvis, vakter #75/#234 (prep.py)",2820,-0.642,0.948
1001,15.92265,56.23595,Bsp,vinter,"yta<=+5C, timvis, vakter #75/#234 (prep.py)",2526,-0.174,0.865
1004,15.58156,56.21324,Bsp,vinter,"yta<=+5C, timvis, vakter #75/#234 (prep.py)",2480,-0.151,0.901
1005,15.21282,56.22175,Bsp,vinter,"yta<=+5C, timvis, vakter #75/#234 (prep.py)",2479,-0.025,0.941
1007,15.07646,56.40534,Bsp,vinter,"yta<=+5C, timvis, vakter #75/#234 (prep.py)",2920,-0.342,0.966
1012,14.52867,56.2582,Bsp,vinter,"yta<=+5C, timvis, vakter #75/#234 (prep.py)",2579,-0.631,1.309
1017,14.39957,56.39047,Bsp,vinter,"yta<=+5C, timvis, vakter #75/#234 (prep.py)",2896,-0.626,1.28
1018,14.55171,56.06482,Bsp,vinter,"yta<=+5C, timvis, vakter #75/#234 (prep.py)",2562,-1.168,1.406
1019,14.90455,56.18801,Bsp,vinter,"yta<=+5C, timvis, vakter #75/#234 (prep.py)",2473,0.151,1.056
1020,15.17377,56.32266,Bsp,vinter,"yta<=+5C, timvis, vakter #75/#234 (prep.py)",2679,0.507,0.947
1021,15.58133,56.30454,Bsp,vinter,"yta<=+5C, timvis, vakter #75/#234 (prep.py)",2671,-0.373,0.961
1022,15.3724,56.43346,Bsp,vinter,"yta<=+5C, timvis, vakter #75/#234 (prep.py)",2836,-0.172,0.967
1023,14.73224,56.17752,Bsp,vinter,"yta<=+5C, timvis, vakter #75/#234 (prep.py)",2406,0.079,1.05
1024,15.74281,56.13741,Bsp,vinter,"yta<=+5C, timvis, vakter #75/#234 (prep.py)",2398,0.097,0.946
1026,15.11305,56.21701,Bsp,vinter,"yta<=+5C, timvis, vakter #75/#234 (prep.py)",2418,0.491,0.945
1101,13.3512,56.13423,Bsp,vinter,"yta<=+5C, timvis, vakter #75/#234 (prep.py)",2541,0.196,1.061
1103,12.94354,56.40401,Bsp,vinter,"yta<=+5C, timvis, vakter #75/#234 (prep.py)",2208,1.002,1.092
1104,12.95447,56.43987,Bsp,vinter,"yta<=+5C, timvis, vakter #75/#234 (prep.py)",2015,0.307,0.847
1106,13.02323,56.18141,Bsp,vinter,"yta<=+5C, timvis, vakter #75/#234 (prep.py)",1671,0.533,0.904
1111,14.10275,56.0239,Bsp,vinter,"yta<=+5C, timvis, vakter #75/#234 (prep.py)",2325,0.384,0.807
1112,13.68793,56.31459,Bsp,vinter,"yta<=+5C, timvis, vakter #75/#234 (prep.py)",2576,-0.126,1.055
1113,13.76364,56.08563,Bsp,vinter,"yta<=+5C, timvis, vakter #75/#234 (prep.py)",2537,0.221,0.993
1114,13.94019,56.25934,Bsp,vinter,"yta<=+5C, timvis, vakter #75/#234 (prep.py)",2517,0.254,0.853
1115,14.12254,56.50001,Bsp,vinter,"yta<=+5C, timvis, vakter #75/#234 (prep.py)",2596,0.2,0.934
1117,14.0933,55.72301,Bsp,vinter,"yta<=+5C, timvis, vakter #75/#234 (prep.py)",2430,0.807,0.978
1118,13.92695,55.9565,Bsp,vinter,"yta<=+5C, timvis, vakter #75/#234 (prep.py)",2278,0.787,0.84
1121,14.22989,55.63866,Bsp,vinter,"yta<=+5C, timvis, vakter #75/#234 (prep.py)",2386,-0.054,0.9
1122,14.12036,55.49531,Bsp,vinter,"yta<=+5C, timvis, vakter #75/#234 (prep.py)",2381,-0.188,0.969
1123,13.1499,56.22857,Bsp,vinter,"yta<=+5C, timvis, vakter #75/#234 (prep.py)",2341,0.475,0.913
1125,13.51021,56.38603,Bsp,vinter,"yta<=+5C, timvis, vakter #75/#234 (prep.py)",2490,0.538,0.969
1126,14.24952,56.36816,Bsp,vinter,"yta<=+5C, timvis, vakter #75/#234 (prep.py)",2893,-0.373,1.084
1127,14.26996,55.91338,Bsp,vinter,"yta<=+5C, timvis, vakter #75/#234 (prep.py)",2341,0.319,0.888
1128,12.8927,56.18254,Bsp,vinter,"yta<=+5C, timvis, vakter #75/#234 (prep.py)",2682,-0.41,1.201
1129,14.32617,56.18188,Bsp,vinter,"yta<=+5C, timvis, vakter #75/#234 (prep.py)",2662,-0.495,0.991
1130,14.25555,55.4479,Bsp,vinter,"yta<=+5C, timvis, vakter #75/#234 (prep.py)",2230,0.363,0.88
1131,13.87537,56.43083,Bsp,vinter,"yta<=+5C, timvis, vakter #75/#234 (prep.py)",2591,-0.266,0.924
1139,13.56001,56.22063,Bsp,vinter,"yta<=+5C, timvis, vakter #75/#234 (prep.py)",2654,-0.078,0.973
1144,12.7222,56.4337,Bsp,vinter,"yta<=+5C, timvis, vakter #75/#234 (prep.py)",2531,-0.24,1.033
1146,14.07317,56.22339,Bsp,vinter,"yta<=+5C, timvis, vakter #75/#234 (prep.py)",2489,-0.074,1.032
1200,13.40638,55.65469,Bsp,vinter,"yta<=+5C, timvis, vakter #75/#234 (prep.py)",2413,-0.263,0.929
1202,13.35538,55.33904,Bsp,vinter,"yta<=+5C, timvis, vakter #75/#234 (prep.py)",2330,-0.082,1.045
1203,13.08482,55.55881,Bsp,vinter,"yta<=+5C, timvis, vakter #75/#234 (prep.py)",2280,0.393,0.762
1204,13.32586,55.50842,Bsp,vinter,"yta<=+5C, timvis, vakter #75/#234 (prep.py)",2377,-0.105,1.241
1206,13.66835,55.47412,Bsp,vinter,"yta<=+5C, timvis, vakter #75/#234 (prep.py)",2288,0.433,0.839
1207,13.91451,55.56067,Bsp,vinter,"yta<=+5C, timvis, vakter #75/#234 (prep.py)",2335,0.555,0.883
1209,13.2242,55.71807,Bsp,vinter,"yta<=+5C, timvis, vakter #75/#234 (prep.py)",58,0.805,0.607
1210,13.10679,55.64147,Bsp,vinter,"yta<=+5C, timvis, vakter #75/#234 (prep.py)",2263,0.256,0.826
1211,13.01544,55.74926,Bsp,vinter,"yta<=+5C, timvis, vakter #75/#234 (prep.py)",2047,0.728,0.877
1212,13.131,55.7912,Bsp,vinter,"yta<=+5C, timvis, vakter #75/#234 (prep.py)",2210,0.16,0.915
1213,13.3044,55.76772,Bsp,vinter,"yta<=+5C, timvis, vakter #75/#234 (prep.py)",2260,0.419,0.836
1214,13.72786,55.9005,Bsp,vinter,"yta<=+5C, timvis, vakter #75/#234 (prep.py)",2497,0.996,0.8
1215,13.64239,55.85583,Bsp,vinter,"yta<=+5C, timvis, vakter #75/#234 (prep.py)",2416,1.089,1.056
1216,13.60991,55.98556,Bsp,vinter,"yta<=+5C, timvis, vakter #75/#234 (prep.py)",2623,-0.402,1.304
1217,13.28244,55.99556,Bsp,vinter,"yta<=+5C, timvis, vakter #75/#234 (prep.py)",2488,0.142,0.95
1218,12.94881,55.99942,Bsp,vinter,"yta<=+5C, timvis, vakter #75/#234 (prep.py)",2393,0.241,1.0
1219,12.8885,55.85769,Bsp,vinter,"yta<=+5C, timvis, vakter #75/#234 (prep.py)",1959,0.98,0.828
1220,12.82087,55.93618,Bsp,vinter,"yta<=+5C, timvis, vakter #75/#234 (prep.py)",2197,0.471,0.885
1222,12.78523,56.08747,Bsp,vinter,"yta<=+5C, timvis, vakter #75/#234 (prep.py)",2248,0.744,0.83
1224,12.56263,56.18271,Bsp,vinter,"yta<=+5C, timvis, vakter #75/#234 (prep.py)",2321,-0.087,1.005
1225,13.67515,55.77952,Bsp,vinter,"yta<=+5C, timvis, vakter #75/#234 (prep.py)",2503,0.36,0.771
1226,13.50002,55.58467,Bsp,vinter,"yta<=+5C, timvis, vakter #75/#234 (prep.py)",2546,0.18,0.813
1232,13.33155,55.90092,Bsp,vinter,"yta<=+5C, timvis, vakter #75/#234 (prep.py)",2481,0.237,0.863
1233,13.10841,55.92927,Bsp,vinter,"yta<=+5C, timvis, vakter #75/#234 (prep.py)",2383,0.314,0.936
1234,13.00702,55.45453,Bsp,vinter,"yta<=+5C, timvis, vakter #75/#234 (prep.py)",2241,-0.094,0.809
1235,13.77309,55.61339,Bsp,vinter,"yta<=+5C, timvis, vakter #75/#234 (prep.py)",2357,0.334,0.841
1237,13.07605,55.39007,Bsp,vinter,"yta<=+5C, timvis, vakter #75/#234 (prep.py)",2151,0.004,0.742
1302,11.96758,57.5506,Bsp,vinter,"yta<=+5C, timvis, vakter #75/#234 (prep.py)",2570,-0.619,1.116
1305,12.21556,57.28403,Bsp,vinter,"yta<=+5C, timvis, vakter #75/#234 (prep.py)",2319,0.275,1.088
1306,12.32142,57.24271,Bsp,vinter,"yta<=+5C, timvis, vakter #75/#234 (prep.py)",2409,0.596,1.185
1307,12.28902,57.07145,Bsp,vinter,"yta<=+5C, timvis, vakter #75/#234 (prep.py)",2374,-0.451,1.057
1308,12.59042,57.15218,Bsp,vinter,"yta<=+5C, timvis, vakter #75/#234 (prep.py)",2760,-0.392,1.241
1311,12.79389,56.95058,Bsp,vinter,"yta<=+5C, timvis, vakter #75/#234 (prep.py)",2827,-0.612,1.656
1314,12.70202,56.72434,Bsp,vinter,"yta<=+5C, timvis, vakter #75/#234 (prep.py)",2627,-0.28,0.972
1315,13.37187,57.09672,Bsp,vinter,"yta<=+5C, timvis, vakter #75/#234 (prep.py)",2773,-0.151,1.056
1317,12.95216,56.77581,Bsp,vinter,"yta<=+5C, timvis, vakter #75/#234 (prep.py)",2475,0.781,0.907
1318,12.88275,56.72412,Bsp,vinter,"yta<=+5C, timvis, vakter #75/#234 (prep.py)",2379,0.404,1.061
1320,12.96606,56.52382,Bsp,vinter,"yta<=+5C, timvis, vakter #75/#234 (prep.py)",2132,1.003,0.905
1321,13.38066,56.49619,Bsp,vinter,"yta<=+5C, timvis, vakter #75/#234 (prep.py)",2745,-0.511,1.3
1322,13.15111,56.38994,Bsp,vinter,"yta<=+5C, timvis, vakter #75/#234 (prep.py)",2567,-0.283,1.232
1323,13.06551,56.92288,Bsp,vinter,"yta<=+5C, timvis, vakter #75/#234 (prep.py)",1652,0.598,1.131
1327,12.38559,57.02854,Bsp,vinter,"yta<=+5C, timvis, vakter #75/#234 (prep.py)",2218,0.41,0.991
1328,12.08143,57.45995,Bsp,vinter,"yta<=+5C, timvis, vakter #75/#234 (prep.py)",2225,0.544,1.035
1330,13.44676,57.00116,Bsp,vinter,"yta<=+5C, timvis, vakter #75/#234 (prep.py)",2777,-0.206,0.968
1331,13.32662,56.72066,Bsp,vinter,"yta<=+5C, timvis, vakter #75/#234 (prep.py)",2767,-0.352,1.055
1332,12.93935,57.11995,Bsp,vinter,"yta<=+5C, timvis, vakter #75/#234 (prep.py)",2706,0.293,1.131
1333,12.65512,57.06879,Bsp,vinter,"yta<=+5C, timvis, vakter #75/#234 (prep.py)",2472,0.207,1.097
1334,13.14617,56.71937,Bsp,vinter,"yta<=+5C, timvis, vakter #75/#234 (prep.py)",2793,-0.15,1.438
1335,12.66302,56.86238,Bsp,vinter,"yta<=+5C, timvis, vakter #75/#234 (prep.py)",2280,0.324,1.068
1336,12.80515,56.77877,Bsp,vinter,"yta<=+5C, timvis, vakter #75/#234 (prep.py)",2309,0.81,1.089
1337,12.9848,56.58983,Bsp,vinter,"yta<=+5C, timvis, vakter #75/#234 (prep.py)",2458,-0.136,1.013
1338,11.97951,57.40758,Bsp,vinter,"yta<=+5C, timvis, vakter #75/#234 (prep.py)",2302,0.234,1.154
1339,12.1906,57.38759,Bsp,vinter,"yta<=+5C, timvis, vakter #75/#234 (prep.py)",2314,0.014,1.109
1340,12.24922,57.20089,Bsp,vinter,"yta<=+5C, timvis, vakter #75/#234 (prep.py)",2279,0.359,1.124
1341,12.87792,57.27538,Bsp,vinter,"yta<=+5C, timvis, vakter #75/#234 (prep.py)",2683,-0.08,1.251
1342,12.90382,56.64022,Bsp,vinter,"yta<=+5C, timvis, vakter #75/#234 (prep.py)",2144,0.262,1.065
1401,12.05344,57.55174,Bsp,vinter,"yta<=+5C, timvis, vakter #75/#234 (prep.py)",2182,1.285,1.077
1402,11.97834,57.86199,Bsp,vinter,"yta<=+5C, timvis, vakter #75/#234 (prep.py)",2359,0.946,0.999
1403,11.84119,57.9791,Bsp,vinter,"yta<=+5C, timvis, vakter #75/#234 (prep.py)",2241,0.277,1.295
1404,11.97531,58.15282,Bsp,vinter,"yta<=+5C, timvis, vakter #75/#234 (prep.py)",2905,-0.804,1.195
1406,11.68935,58.1912,Bsp,vinter,"yta<=+5C, timvis, vakter #75/#234 (prep.py)",2563,-0.395,1.429
1407,11.78093,58.05927,Bsp,vinter,"yta<=+5C, timvis, vakter #75/#234 (prep.py)",2464,0.254,1.579
1413,12.13453,57.74009,Bsp,vinter,"yta<=+5C, timvis, vakter #75/#234 (prep.py)",2476,0.164,1.171
1414,12.06925,57.67407,Bsp,vinter,"yta<=+5C, timvis, vakter #75/#234 (prep.py)",2224,0.822,1.154
1417,11.89231,57.79282,Bsp,vinter,"yta<=+5C, timvis, vakter #75/#234 (prep.py)",2353,-0.261,1.064
1418,12.3929,57.69677,Bsp,vinter,"yta<=+5C, timvis, vakter #75/#234 (prep.py)",2775,-0.022,1.475
1421,11.99854,57.79973,Bsp,vinter,"yta<=+5C, timvis, vakter #75/#234 (prep.py)",2556,-0.325,1.516
1422,11.27981,58.41295,Bsp,vinter,"yta<=+5C, timvis, vakter #75/#234 (prep.py)",2617,-0.691,1.434
1424,11.48181,58.31182,Bsp,vinter,"yta<=+5C, timvis, vakter #75/#234 (prep.py)",2524,-0.012,1.183
1425,11.87924,58.11465,Bsp,vinter,"yta<=+5C, timvis, vakter #75/#234 (prep.py)",2358,1.091,1.025
1426,11.49825,58.15973,Bsp,vinter,"yta<=+5C, timvis, vakter #75/#234 (prep.py)",2758,-1.349,1.514
1427,11.68119,58.01463,Bsp,vinter,"yta<=+5C, timvis, vakter #75/#234 (prep.py)",2414,0.401,1.138
1428,11.59826,58.80433,Bsp,vinter,"yta<=+5C, timvis, vakter #75/#234 (prep.py)",2853,-0.254,0.986
1429,11.88375,58.2789,Bsp,vinter,"yta<=+5C, timvis, vakter #75/#234 (prep.py)",2488,-0.106,1.438
1430,12.37147,57.6707,Bsp,vinter,"yta<=+5C, timvis, vakter #75/#234 (prep.py)",2540,0.212,1.173
1431,11.83904,58.32756,Bsp,vinter,"yta<=+5C, timvis, vakter #75/#234 (prep.py)",2500,0.043,1.098
1432,11.56399,58.29175,Bsp,vinter,"yta<=+5C, timvis, vakter #75/#234 (prep.py)",2461,1.317,1.249
1433,12.02085,57.65095,Bsp,vinter,"yta<=+5C, timvis, vakter #75/#234 (prep.py)",2251,1.148,1.074
1436,11.23927,59.02018,Bsp,vinter,"yta<=+5C, timvis, vakter #75/#234 (prep.py)",2773,-0.405,1.144
1437,11.47645,58.5647,Bsp,vinter,"yta<=+5C, timvis, vakter #75/#234 (prep.py)",2463,0.767,1.145
1438,12.07677,58.33095,Bsp,vinter,"yta<=+5C, timvis, vakter #75/#234 (prep.py)",2686,0.263,1.195
1439,11.25226,59.09292,Bsp,vinter,"yta<=+5C, timvis, vakter #75/#234 (prep.py)",2506,0.249,1.492
1440,11.92694,57.69788,Bsp,vinter,"yta<=+5C, timvis, vakter #75/#234 (prep.py)",2251,0.378,1.034
1441,11.27528,58.8764,Bsp,vinter,"yta<=+5C, timvis, vakter #75/#234 (prep.py)",2554,0.062,1.106
1442,11.94128,57.64602,Bsp,vinter,"yta<=+5C, timvis, vakter #75/#234 (prep.py)",2150,0.069,1.166
1443,11.66164,58.45711,Bsp,vinter,"yta<=+5C, timvis, vakter #75/#234 (prep.py)",1360,-0.715,1.525
1501,13.4718,57.38772,Bsp,vinter,"yta<=+5C, timvis, vakter #75/#234 (prep.py)",3016,0.487,0.936
1502,13.14119,57.60835,Bsp,vinter,"yta<=+5C, timvis, vakter #75/#234 (prep.py)",2942,-0.363,1.127
1503,12.59233,57.50803,Bsp,vinter,"yta<=+5C, timvis, vakter #75/#234 (prep.py)",2778,-0.419,1.137
1504,12.47049,57.58524,Bsp,vinter,"yta<=+5C, timvis, vakter #75/#234 (prep.py)",2680,-0.044,1.409
1506,12.54185,57.66438,Bsp,vinter,"yta<=+5C, timvis, vakter #75/#234 (prep.py)",2558,0.219,1.51
1507,12.69623,57.67733,Bsp,vinter,"yta<=+5C, timvis, vakter #75/#234 (prep.py)",2752,-0.193,1.094
1508,12.8853,57.71248,Bsp,vinter,"yta<=+5C, timvis, vakter #75/#234 (prep.py)",2628,-0.363,1.137
1509,12.84788,57.757,Bsp,vinter,"yta<=+5C, timvis, vakter #75/#234 (prep.py)",3128,-0.978,1.355
1512,13.50452,57.80146,Bsp,vinter,"yta<=+5C, timvis, vakter #75/#234 (prep.py)",2426,1.919,1.145
1513,13.67684,57.77605,Bsp,vinter,"yta<=+5C, timvis, vakter #75/#234 (prep.py)",2971,0.395,0.964
1514,12.19413,57.74217,Bsp,vinter,"yta<=+5C, timvis, vakter #75/#234 (prep.py)",2313,0.925,1.013
1515,12.32818,57.88645,Bsp,vinter,"yta<=+5C, timvis, vakter #75/#234 (prep.py)",2676,-0.157,1.241
1516,12.45101,57.83962,Bsp,vinter,"yta<=+5C, timvis, vakter #75/#234 (prep.py)",2654,0.702,1.55
1520,12.01358,57.82452,Bsp,vinter,"yta<=+5C, timvis, vakter #75/#234 (prep.py)",2356,1.235,1.008
1522,12.13222,57.96451,Bsp,vinter,"yta<=+5C, timvis, vakter #75/#234 (prep.py)",2337,0.716,1.088
1523,12.15405,58.19976,Bsp,vinter,"yta<=+5C, timvis, vakter #75/#234 (prep.py)",2364,1.088,1.208
1524,12.2356,58.23814,Bsp,vinter,"yta<=+5C, timvis, vakter #75/#234 (prep.py)",2432,1.134,0.983
1527,12.47896,58.36418,Bsp,vinter,"yta<=+5C, timvis, vakter #75/#234 (prep.py)",3097,-1.66,1.807
1529,12.27987,58.44641,Bsp,vinter,"yta<=+5C, timvis, vakter #75/#234 (prep.py)",2801,-0.14,1.152
1530,12.41298,58.60068,Bsp,vinter,"yta<=+5C, timvis, vakter #75/#234 (prep.py)",2623,0.492,1.049
1531,12.50682,58.78001,Bsp,vinter,"yta<=+5C, timvis, vakter #75/#234 (prep.py)",2669,0.146,0.994
1532,12.67693,59.05306,Bsp,vinter,"yta<=+5C, timvis, vakter #75/#234 (prep.py)",2873,-0.176,0.942
1534,11.99112,58.50847,Bsp,vinter,"yta<=+5C, timvis, vakter #75/#234 (prep.py)",2893,0.036,1.483
1536,11.86621,58.87572,Bsp,vinter,"yta<=+5C, timvis, vakter #75/#234 (prep.py)",3087,-0.695,1.436
1537,12.48993,59.05335,Bsp,vinter,"yta<=+5C, timvis, vakter #75/#234 (prep.py)",3126,-0.768,1.421
1539,12.52558,58.30369,Bsp,vinter,"yta<=+5C, timvis, vakter #75/#234 (prep.py)",2717,0.306,1.195
1540,12.84793,57.9411,Bsp,vinter,"yta<=+5C, timvis, vakter #75/#234 (prep.py)",2647,-0.23,1.203
1541,12.96634,57.48908,Bsp,vinter,"yta<=+5C, timvis, vakter #75/#234 (prep.py)",2693,-0.293,1.276
1542,13.19335,57.94644,Bsp,vinter,"yta<=+5C, timvis, vakter #75/#234 (prep.py)",2689,0.146,1.126
1543,13.02697,57.41912,Bsp,vinter,"yta<=+5C, timvis, vakter #75/#234 (prep.py)",2801,-0.317,0.899
1544,13.51947,57.95454,Bsp,vinter,"yta<=+5C, timvis, vakter #75/#234 (prep.py)",2862,0.909,1.058
1545,13.43095,57.67339,Bsp,vinter,"yta<=+5C, timvis, vakter #75/#234 (prep.py)",2929,0.701,0.847
1546,12.81466,57.37576,Bsp,vinter,"yta<=+5C, timvis, vakter #75/#234 (prep.py)",2739,0.136,0.893
1548,12.01967,58.58064,Bsp,vinter,"yta<=+5C, timvis, vakter #75/#234 (prep.py)",2886,-0.637,1.473
1552,12.10703,59.19603,Bsp,vinter,"yta<=+5C, timvis, vakter #75/#234 (prep.py)",2743,-0.615,1.087
1553,12.18171,58.7872,Bsp,vinter,"yta<=+5C, timvis, vakter #75/#234 (prep.py)",2805,0.043,1.108
1554,12.55323,57.90569,Bsp,vinter,"yta<=+5C, timvis, vakter #75/#234 (prep.py)",2598,-0.641,1.585
1555,12.74234,57.51286,Bsp,vinter,"yta<=+5C, timvis, vakter #75/#234 (prep.py)",2591,0.231,1.104
1556,12.44534,58.13707,Bsp,vinter,"yta<=+5C, timvis, vakter #75/#234 (prep.py)",2843,-0.458,1.235
1558,13.06149,57.74338,Bsp,vinter,"yta<=+5C, timvis, vakter #75/#234 (prep.py)",2844,0.276,0.852
1559,13.34506,57.81732,Bsp,vinter,"yta<=+5C, timvis, vakter #75/#234 (prep.py)",2818,0.674,1.087
1560,12.46181,57.35535,Bsp,vinter,"yta<=+5C, timvis, vakter #75/#234 (prep.py)",2501,-0.063,1.172
1602,13.07089,58.29612,Bsp,vinter,"yta<=+5C, timvis, vakter #75/#234 (prep.py)",2527,0.807,0.969
1603,13.46248,58.40419,Bsp,vinter,"yta<=+5C, timvis, vakter #75/#234 (prep.py)",2735,-0.073,1.015
1604,12.79072,58.31912,Bsp,vinter,"yta<=+5C, timvis, vakter #75/#234 (prep.py)",2639,0.188,0.889
1605,12.8908,58.42964,Bsp,vinter,"yta<=+5C, timvis, vakter #75/#234 (prep.py)",2703,-0.294,0.935
1606,13.24527,58.44701,Bsp,vinter,"yta<=+5C, timvis, vakter #75/#234 (prep.py)",2654,0.027,1.009
1607,13.80851,58.55244,Bsp,vinter,"yta<=+5C, timvis, vakter #75/#234 (prep.py)",2680,0.199,0.933
1608,13.64841,58.60894,Bsp,vinter,"yta<=+5C, timvis, vakter #75/#234 (prep.py)",2700,-0.333,1.082
1609,14.09947,58.80486,Bsp,vinter,"yta<=+5C, timvis, vakter #75/#234 (prep.py)",2683,0.476,1.144
1610,14.31777,58.89297,Bsp,vinter,"yta<=+5C, timvis, vakter #75/#234 (prep.py)",2926,-0.411,0.996
1612,14.30406,58.46764,Bsp,vinter,"yta<=+5C, timvis, vakter #75/#234 (prep.py)",2782,0.528,0.944
1614,14.1445,58.01682,Bsp,vinter,"yta<=+5C, timvis, vakter #75/#234 (prep.py)",2781,-0.201,1.034
1615,13.83507,58.03624,Bsp,vinter,"yta<=+5C, timvis, vakter #75/#234 (prep.py)",2875,0.344,1.164
1616,13.78451,58.07955,Bsp,vinter,"yta<=+5C, timvis, vakter #75/#234 (prep.py)",2745,0.818,1.186
1617,13.5819,58.1579,Bsp,vinter,"yta<=+5C, timvis, vakter #75/#234 (prep.py)",2882,0.087,1.114
1618,13.79436,58.29451,Bsp,vinter,"yta<=+5C, timvis, vakter #75/#234 (prep.py)",2910,0.272,0.877
1619,13.46387,58.30824,Bsp,vinter,"yta<=+5C, timvis, vakter #75/#234 (prep.py)",2957,0.014,0.916
1620,13.45325,58.16376,Bsp,vinter,"yta<=+5C, timvis, vakter #75/#234 (prep.py)",2866,0.312,0.927
1622,13.74892,58.38795,Bsp,vinter,"yta<=+5C, timvis, vakter #75/#234 (prep.py)",2993,0.164,1.12
1623,14.12302,58.34589,Bsp,vinter,"yta<=+5C, timvis, vakter #75/#234 (prep.py)",2837,0.236,1.011
1627,13.63035,58.39416,Bsp,vinter,"yta<=+5C, timvis, vakter #75/#234 (prep.py)",2811,0.209,0.98
1628,13.40779,58.51089,Bsp,vinter,"yta<=+5C, timvis, vakter #75/#234 (prep.py)",2615,-0.626,1.601
1629,14.01107,58.61324,Bsp,vinter,"yta<=+5C, timvis, vakter #75/#234 (prep.py)",2768,-0.286,1.047
1630,14.09442,58.98836,Bsp,vinter,"yta<=+5C, timvis, vakter #75/#234 (prep.py)",2927,-0.564,1.189
1631,14.33808,58.68268,Bsp,vinter,"yta<=+5C, timvis, vakter #75/#234 (prep.py)",2883,-0.031,1.019
1633,13.11978,58.56907,Bsp,vinter,"yta<=+5C, timvis, vakter #75/#234 (prep.py)",2651,0.453,0.768
1634,13.97871,58.06277,Bsp,vinter,"yta<=+5C, timvis, vakter #75/#234 (prep.py)",2979,0.357,0.98
1635,13.84679,58.78122,Bsp,vinter,"yta<=+5C, timvis, vakter #75/#234 (prep.py)",2780,-0.195,0.967
1636,12.86425,58.14418,Bsp,vinter,"yta<=+5C, timvis, vakter #75/#234 (prep.py)",2533,0.425,0.959
1701,13.98515,59.37442,Bsp,vinter,"yta<=+5C, timvis, vakter #75/#234 (prep.py)",2806,0.268,1.266
1702,13.26903,59.39096,Bsp,vinter,"yta<=+5C, timvis, vakter #75/#234 (prep.py)",2835,0.083,1.023
1703,12.99542,59.25535,Bsp,vinter,"yta<=+5C, timvis, vakter #75/#234 (prep.py)",2880,0.069,1.16
1704,12.46399,59.28568,Bsp,vinter,"yta<=+5C, timvis, vakter #75/#234 (prep.py)",3185,-0.786,1.388
1707,13.80741,59.6105,Bsp,vinter,"yta<=+5C, timvis, vakter #75/#234 (prep.py)",3155,-0.478,1.055
1708,13.46294,59.54196,Bsp,vinter,"yta<=+5C, timvis, vakter #75/#234 (prep.py)",2925,-0.146,1.222
1709,12.90176,59.6663,Bsp,vinter,"yta<=+5C, timvis, vakter #75/#234 (prep.py)",3186,-1.275,1.257
1710,13.56298,59.90514,Bsp,vinter,"yta<=+5C, timvis, vakter #75/#234 (prep.py)",3361,-0.002,1.52
1712,14.29202,59.30978,Bsp,vinter,"yta<=+5C, timvis, vakter #75/#234 (prep.py)",3221,-0.761,1.523
1713,14.07169,59.6851,Bsp,vinter,"yta<=+5C, timvis, vakter #75/#234 (prep.py)",3226,-0.414,1.003
1714,14.17572,60.11296,Bsp,vinter,"yta<=+5C, timvis, vakter #75/#234 (prep.py)",3327,-0.47,0.972
1715,13.17176,60.35375,Bsp,vinter,"yta<=+5C, timvis, vakter #75/#234 (prep.py)",3400,1.321,1.578
1716,12.27461,59.91077,Bsp,vinter,"yta<=+5C, timvis, vakter #75/#234 (prep.py)",3312,-0.253,1.314
1717,12.62267,60.02018,Bsp,vinter,"yta<=+5C, timvis, vakter #75/#234 (prep.py)",3502,-0.858,1.556
1719,12.50797,61.02176,Bsp,vinter,"yta<=+5C, timvis, vakter #75/#234 (prep.py)",3568,1.189,1.767
1720,13.25744,60.42345,Bsp,vinter,"yta<=+5C, timvis, vakter #75/#234 (prep.py)",3300,-0.288,1.553
1721,12.77232,60.75702,Bsp,vinter,"yta<=+5C, timvis, vakter #75/#234 (prep.py)",3074,-0.558,1.596
1722,14.18282,59.19912,Bsp,vinter,"yta<=+5C, timvis, vakter #75/#234 (prep.py)",3016,-0.268,0.882
1723,14.19634,59.68604,Bsp,vinter,"yta<=+5C, timvis, vakter #75/#234 (prep.py)",3194,0.375,0.93
1724,13.9089,60.02189,Bsp,vinter,"yta<=+5C, timvis, vakter #75/#234 (prep.py)",3527,-0.713,1.691
1725,13.25258,60.20662,Bsp,vinter,"yta<=+5C, timvis, vakter #75/#234 (prep.py)",3525,-0.0,1.516
1726,12.6148,60.3851,Bsp,vinter,"yta<=+5C, timvis, vakter #75/#234 (prep.py)",3539,-0.285,1.542
1727,13.0968,59.99261,Bsp,vinter,"yta<=+5C, timvis, vakter #75/#234 (prep.py)",3309,0.407,1.011
1728,12.23626,59.57759,Bsp,vinter,"yta<=+5C, timvis, vakter #75/#234 (prep.py)",3233,-0.85,1.225
1729,13.40264,59.86734,Bsp,vinter,"yta<=+5C, timvis, vakter #75/#234 (prep.py)",3335,1.4,1.225
1730,12.78825,59.40579,Bsp,vinter,"yta<=+5C, timvis, vakter #75/#234 (prep.py)",3116,-0.807,1.09
1731,13.59619,59.39983,Bsp,vinter,"yta<=+5C, timvis, vakter #75/#234 (prep.py)",2868,0.497,1.06
1732,13.39538,60.28845,Bsp,vinter,"yta<=+5C, timvis, vakter #75/#234 (prep.py)",3334,-0.308,1.223
1733,12.17169,59.3878,Bsp,vinter,"yta<=+5C, timvis, vakter #75/#234 (prep.py)",3020,-0.227,1.171
1734,14.23533,59.44107,Bsp,vinter,"yta<=+5C, timvis, vakter #75/#234 (prep.py)",3002,0.396,0.95
1735,13.70538,59.81202,Bsp,vinter,"yta<=+5C, timvis, vakter #75/#234 (prep.py)",3353,0.096,1.168
1736,12.60872,60.20856,Bsp,vinter,"yta<=+5C, timvis, vakter #75/#234 (prep.py)",3412,-0.466,1.188
1737,12.70407,60.65446,Bsp,vinter,"yta<=+5C, timvis, vakter #75/#234 (prep.py)",3474,0.895,1.293
1738,13.13367,59.72571,Bsp,vinter,"yta<=+5C, timvis, vakter #75/#234 (prep.py)",3027,-0.175,1.077
1739,12.55393,59.7097,Bsp,vinter,"yta<=+5C, timvis, vakter #75/#234 (prep.py)",3045,0.164,1.208
1740,13.01138,60.24733,Bsp,vinter,"yta<=+5C, timvis, vakter #75/#234 (prep.py)",3280,1.31,1.595
1741,14.3313,59.78517,Bsp,vinter,"yta<=+5C, timvis, vakter #75/#234 (prep.py)",3269,-1.016,0.984
1745,11.81582,59.50657,Bsp,vinter,"yta<=+5C, timvis, vakter #75/#234 (prep.py)",3030,-0.861,1.226
1802,14.92733,58.83945,Bsp,vinter,"yta<=+5C, timvis, vakter #75/#234 (prep.py)",2852,0.228,0.854
1803,15.23628,59.13025,Bsp,vinter,"yta<=+5C, timvis, vakter #75/#234 (prep.py)",3087,-0.356,1.321
1804,15.48433,59.46093,Bsp,vinter,"yta<=+5C, timvis, vakter #75/#234 (prep.py)",3140,-1.083,1.127
1805,14.39915,59.32109,Bsp,vinter,"yta<=+5C, timvis, vakter #75/#234 (prep.py)",3071,-0.693,1.238
1806,15.01808,59.89607,Bsp,vinter,"yta<=+5C, timvis, vakter #75/#234 (prep.py)",3253,-0.27,1.244
1807,15.41206,59.23004,Bsp,vinter,"yta<=+5C, timvis, vakter #75/#234 (prep.py)",2982,0.006,0.831
1808,15.12504,59.19265,Bsp,vinter,"yta<=+5C, timvis, vakter #75/#234 (prep.py)",2599,1.033,1.087
1809,15.0086,59.2435,Bsp,vinter,"yta<=+5C, timvis, vakter #75/#234 (prep.py)",2832,0.169,0.861
1813,14.72963,59.00833,Bsp,vinter,"yta<=+5C, timvis, vakter #75/#234 (prep.py)",2864,0.825,1.1
1814,15.03675,59.01531,Bsp,vinter,"yta<=+5C, timvis, vakter #75/#234 (prep.py)",1997,-0.037,0.904
1817,14.46499,59.19336,Bsp,vinter,"yta<=+5C, timvis, vakter #75/#234 (prep.py)",2917,-0.093,1.03
1818,14.81104,59.25935,Bsp,vinter,"yta<=+5C, timvis, vakter #75/#234 (prep.py)",2874,0.726,1.025
1819,15.13371,59.4561,Bsp,vinter,"yta<=+5C, timvis, vakter #75/#234 (prep.py)",2892,0.543,0.846
1820,15.13717,59.64346,Bsp,vinter,"yta<=+5C, timvis, vakter #75/#234 (prep.py)",3051,0.102,0.844
1821,14.46917,58.94775,Bsp,vinter,"yta<=+5C, timvis, vakter #75/#234 (prep.py)",2833,0.152,0.991
1822,14.99338,58.76905,Bsp,vinter,"yta<=+5C, timvis, vakter #75/#234 (prep.py)",2884,-0.299,0.82
1823,15.41173,58.86538,Bsp,vinter,"yta<=+5C, timvis, vakter #75/#234 (prep.py)",2793,-0.057,1.002
1825,15.47218,59.76081,Bsp,vinter,"yta<=+5C, timvis, vakter #75/#234 (prep.py)",3243,-0.251,0.929
1826,14.97861,60.02542,Bsp,vinter,"yta<=+5C, timvis, vakter #75/#234 (prep.py)",3056,-0.057,0.911
1827,14.65541,59.81675,Bsp,vinter,"yta<=+5C, timvis, vakter #75/#234 (prep.py)",3217,-0.503,1.111
1828,14.71316,59.42773,Bsp,vinter,"yta<=+5C, timvis, vakter #75/#234 (prep.py)",3042,-0.044,0.861
1829,14.65981,59.60277,Bsp,vinter,"yta<=+5C, timvis, vakter #75/#234 (prep.py)",3371,-0.499,1.256
1830,14.59621,59.31758,Bsp,vinter,"yta<=+5C, timvis, vakter #75/#234 (prep.py)",2949,0.107,1.113
1901,15.98738,59.40687,Bsp,vinter,"yta<=+5C, timvis, vakter #75/#234 (prep.py)",2800,0.123,0.9
1903,16.30543,59.48335,Bsp,vinter,"yta<=+5C, timvis, vakter #75/#234 (prep.py)",2850,0.035,0.883
1904,16.05002,59.55642,Bsp,vinter,"yta<=+5C, timvis, vakter #75/#234 (prep.py)",2750,0.923,0.925
1905,16.19885,59.63191,Bsp,vinter,"yta<=+5C, timvis, vakter #75/#234 (prep.py)",3038,-0.166,0.903
1908,15.77119,59.671,Bsp,vinter,"yta<=+5C, timvis, vakter #75/#234 (prep.py)",3194,0.136,0.993
1909,16.23854,59.71932,Bsp,vinter,"yta<=+5C, timvis, vakter #75/#234 (prep.py)",3023,0.303,0.877
1910,16.56223,59.77214,Bsp,vinter,"yta<=+5C, timvis, vakter #75/#234 (prep.py)",2932,1.181,0.883
1911,15.57859,59.84512,Bsp,vinter,"yta<=+5C, timvis, vakter #75/#234 (prep.py)",3318,-0.967,0.905
1912,15.95162,59.91839,Bsp,vinter,"yta<=+5C, timvis, vakter #75/#234 (prep.py)",3225,-0.482,0.96
1913,16.63289,59.86078,Bsp,vinter,"yta<=+5C, timvis, vakter #75/#234 (prep.py)",3088,0.008,0.92
1915,15.91547,60.06724,Bsp,vinter,"yta<=+5C, timvis, vakter #75/#234 (prep.py)",3226,0.305,0.95
1916,16.36495,60.02016,Bsp,vinter,"yta<=+5C, timvis, vakter #75/#234 (prep.py)",3142,0.213,0.908
1917,16.95893,60.24063,Bsp,vinter,"yta<=+5C, timvis, vakter #75/#234 (prep.py)",3329,-1.09,0.922
1918,17.20328,60.14499,Bsp,vinter,"yta<=+5C, timvis, vakter #75/#234 (prep.py)",3331,-0.685,1.011
1921,15.65741,59.38135,Bsp,vinter,"yta<=+5C, timvis, vakter #75/#234 (prep.py)",2777,0.128,0.881
1922,16.82582,59.93722,Bsp,vinter,"yta<=+5C, timvis, vakter #75/#234 (prep.py)",3044,0.029,1.021
1923,16.66186,59.62021,Bsp,vinter,"yta<=+5C, timvis, vakter #75/#234 (prep.py)",3000,-0.185,1.639
1924,16.51121,59.61718,Bsp,vinter,"yta<=+5C, timvis, vakter #75/#234 (prep.py)",2772,1.146,0.918
2001,15.6589,60.38464,Bsp,vinter,"yta<=+5C, timvis, vakter #75/#234 (prep.py)",3273,0.298,1.01
2003,16.35921,60.25084,Bsp,vinter,"yta<=+5C, timvis, vakter #75/#234 (prep.py)",3200,-0.124,0.883
2004,15.97345,60.56871,Bsp,vinter,"yta<=+5C, timvis, vakter #75/#234 (prep.py)",3330,-0.084,0.939
2005,15.56767,60.54666,Bsp,vinter,"yta<=+5C, timvis, vakter #75/#234 (prep.py)",3174,0.375,1.091
2006,15.06947,60.82718,Bsp,vinter,"yta<=+5C, timvis, vakter #75/#234 (prep.py)",3360,0.03,1.25
2007,14.79805,61.3877,Bsp,vinter,"yta<=+5C, timvis, vakter #75/#234 (prep.py)",3494,0.061,1.124
2009,13.49569,60.51606,Bsp,vinter,"yta<=+5C, timvis, vakter #75/#234 (prep.py)",3421,0.1,1.272
2010,13.95575,60.50087,Bsp,vinter,"yta<=+5C, timvis, vakter #75/#234 (prep.py)",3349,0.329,1.094
2011,15.12289,60.12292,Bsp,vinter,"yta<=+5C, timvis, vakter #75/#234 (prep.py)",3242,0.095,0.919
2012,15.3182,60.329,Bsp,vinter,"yta<=+5C, timvis, vakter #75/#234 (prep.py)",3246,-0.052,0.945
2015,13.11398,61.15832,Bsp,vinter,"yta<=+5C, timvis, vakter #75/#234 (prep.py)",3528,2.02,1.473
2016,14.83506,60.92175,Bsp,vinter,"yta<=+5C, timvis, vakter #75/#234 (prep.py)",3330,-0.111,1.359
2020,14.28152,61.10679,Bsp,vinter,"yta<=+5C, timvis, vakter #75/#234 (prep.py)",3495,0.523,1.417
2021,13.47749,61.41966,Bsp,vinter,"yta<=+5C, timvis, vakter #75/#234 (prep.py)",3473,0.282,1.199
2025,15.31488,60.53019,Bsp,vinter,"yta<=+5C, timvis, vakter #75/#234 (prep.py)",3274,0.208,0.926
2026,14.19978,60.32658,Bsp,vinter,"yta<=+5C, timvis, vakter #75/#234 (prep.py)",3399,0.861,1.229
2027,13.43257,60.79871,Bsp,vinter,"yta<=+5C, timvis, vakter #75/#234 (prep.py)",3436,0.414,1.329
2028,13.61997,61.07876,Bsp,vinter,"yta<=+5C, timvis, vakter #75/#234 (prep.py)",3486,-0.573,1.486
2029,14.67408,60.46694,Bsp,vinter,"yta<=+5C, timvis, vakter #75/#234 (prep.py)",3385,0.212,1.394
2030,15.46065,60.71369,Bsp,vinter,"yta<=+5C, timvis, vakter #75/#234 (prep.py)",3390,-0.347,0.94
2031,15.66647,59.99664,Bsp,vinter,"yta<=+5C, timvis, vakter #75/#234 (prep.py)",3171,-0.13,0.881
2032,15.13507,61.16663,Bsp,vinter,"yta<=+5C, timvis, vakter #75/#234 (prep.py)",3447,-0.45,1.387
2033,12.28758,61.84026,Bsp,vinter,"yta<=+5C, timvis, vakter #75/#234 (prep.py)",3523,-0.979,1.754
2035,14.84721,61.49486,Bsp,vinter,"yta<=+5C, timvis, vakter #75/#234 (prep.py)",3531,-0.231,1.272
2036,16.08531,60.84889,Bsp,vinter,"yta<=+5C, timvis, vakter #75/#234 (prep.py)",3570,-0.154,1.231
2037,13.073,61.38492,Bsp,vinter,"yta<=+5C, timvis, vakter #75/#234 (prep.py)",3530,0.551,1.381
2039,14.52263,60.1602,Bsp,vinter,"yta<=+5C, timvis, vakter #75/#234 (prep.py)",3511,0.01,1.477
2040,14.57236,61.00965,Bsp,vinter,"yta<=+5C, timvis, vakter #75/#234 (prep.py)",3288,1.513,1.262
2041,14.61004,60.60374,Bsp,vinter,"yta<=+5C, timvis, vakter #75/#234 (prep.py)",0,,
2042,14.33417,60.85978,Bsp,vinter,"yta<=+5C, timvis, vakter #75/#234 (prep.py)",3521,-0.662,1.489
2043,15.25262,60.82338,Bsp,vinter,"yta<=+5C, timvis, vakter #75/#234 (prep.py)",3427,-0.126,1.017
2044,16.02826,60.24094,Bsp,vinter,"yta<=+5C, timvis, vakter #75/#234 (prep.py)",3024,0.207,1.137
2101,16.91662,60.29538,Bsp,vinter,"yta<=+5C, timvis, vakter #75/#234 (prep.py)",3215,0.172,0.98
2102,16.90422,60.6258,Bsp,vinter,"yta<=+5C, timvis, vakter #75/#234 (prep.py)",3181,0.537,0.934
2104,17.09528,61.76464,Bsp,vinter,"yta<=+5C, timvis, vakter #75/#234 (prep.py)",3268,0.332,1.401
2105,16.32031,60.55791,Bsp,vinter,"yta<=+5C, timvis, vakter #75/#234 (prep.py)",3338,0.689,1.156
2106,16.98676,61.0053,Bsp,vinter,"yta<=+5C, timvis, vakter #75/#234 (prep.py)",3088,0.447,0.929
2107,16.77012,61.19249,Bsp,vinter,"yta<=+5C, timvis, vakter #75/#234 (prep.py)",3378,0.072,1.142
2108,17.03194,61.23234,Bsp,vinter,"yta<=+5C, timvis, vakter #75/#234 (prep.py)",3234,-0.514,1.156
2111,17.05474,61.61682,Bsp,vinter,"yta<=+5C, timvis, vakter #75/#234 (prep.py)",3258,-0.556,1.192
2112,17.07296,61.70624,Bsp,vinter,"yta<=+5C, timvis, vakter #75/#234 (prep.py)",3249,0.848,1.33
2113,17.18516,61.90038,Bsp,vinter,"yta<=+5C, timvis, vakter #75/#234 (prep.py)",3301,0.863,1.21
2114,17.24117,61.97238,Bsp,vinter,"yta<=+5C, timvis, vakter #75/#234 (prep.py)",3199,0.862,1.234
2115,17.27754,62.0778,Bsp,vinter,"yta<=+5C, timvis, vakter #75/#234 (prep.py)",3327,-0.129,1.075
2116,16.78866,61.75801,Bsp,vinter,"yta<=+5C, timvis, vakter #75/#234 (prep.py)",3145,-1.224,1.925
2117,16.17699,61.13231,Bsp,vinter,"yta<=+5C, timvis, vakter #75/#234 (prep.py)",3433,-0.072,1.353
2118,16.19347,61.81609,Bsp,vinter,"yta<=+5C, timvis, vakter #75/#234 (prep.py)",3421,-1.048,1.535
2119,15.81385,61.79915,Bsp,vinter,"yta<=+5C, timvis, vakter #75/#234 (prep.py)",3296,-0.204,1.654
2120,16.16065,61.75329,Bsp,vinter,"yta<=+5C, timvis, vakter #75/#234 (prep.py)",3404,-0.212,1.263
2121,16.31745,61.57569,Bsp,vinter,"yta<=+5C, timvis, vakter #75/#234 (prep.py)",3438,-1.15,1.539
2122,16.51295,61.3508,Bsp,vinter,"yta<=+5C, timvis, vakter #75/#234 (prep.py)",3321,-0.338,1.136
2123,17.02963,60.89522,Bsp,vinter,"yta<=+5C, timvis, vakter #75/#234 (prep.py)",3213,-0.318,1.021
2125,15.54248,61.33549,Bsp,vinter,"yta<=+5C, timvis, vakter #75/#234 (prep.py)",3470,-0.181,1.44
2126,14.73568,61.69752,Bsp,vinter,"yta<=+5C, timvis, vakter #75/#234 (prep.py)",3442,-1.445,1.472
2127,15.2103,61.85417,Bsp,vinter,"yta<=+5C, timvis, vakter #75/#234 (prep.py)",3518,1.065,1.279
2128,15.67114,62.26322,Bsp,vinter,"yta<=+5C, timvis, vakter #75/#234 (prep.py)",3466,-0.412,1.329
2129,16.56565,62.07392,Bsp,vinter,"yta<=+5C, timvis, vakter #75/#234 (prep.py)",3533,0.011,1.429
2130,16.74834,60.76107,Bsp,vinter,"yta<=+5C, timvis, vakter #75/#234 (prep.py)",3375,-0.915,1.128
2131,17.30748,60.50476,Bsp,vinter,"yta<=+5C, timvis, vakter #75/#234 (prep.py)",3028,-0.822,1.184
2132,17.08122,60.74456,Bsp,vinter,"yta<=+5C, timvis, vakter #75/#234 (prep.py)",3187,0.121,0.963
2134,16.02407,61.81902,Bsp,vinter,"yta<=+5C, timvis, vakter #75/#234 (prep.py)",3424,-0.068,1.142
2135,16.53741,60.57883,Bsp,vinter,"yta<=+5C, timvis, vakter #75/#234 (prep.py)",3255,-0.42,1.212
2136,16.03359,61.33787,Bsp,vinter,"yta<=+5C, timvis, vakter #75/#234 (prep.py)",3456,-0.459,1.36
2137,16.98209,61.51511,Bsp,vinter,"yta<=+5C, timvis, vakter #75/#234 (prep.py)",3281,-0.376,0.917
2138,17.09141,60.67351,Bsp,vinter,"yta<=+5C, timvis, vakter #75/#234 (prep.py)",3117,0.296,0.871
2139,15.7963,61.07116,Bsp,vinter,"yta<=+5C, timvis, vakter #75/#234 (prep.py)",3331,0.238,1.197
2140,17.03914,61.68189,Bsp,vinter,"yta<=+5C, timvis, vakter #75/#234 (prep.py)",3295,-0.349,0.958
2141,15.3148,61.98233,Bsp,vinter,"yta<=+5C, timvis, vakter #75/#234 (prep.py)",3504,-0.568,1.285
2201,17.36961,62.19534,Bsp,vinter,"yta<=+5C, timvis, vakter #75/#234 (prep.py)",2909,0.277,0.913
2202,17.34482,62.43064,Bsp,vinter,"yta<=+5C, timvis, vakter #75/#234 (prep.py)",3259,1.195,1.241
2204,17.70954,62.56162,Bsp,vinter,"yta<=+5C, timvis, vakter #75/#234 (prep.py)",3457,-1.136,1.172
2207,18.29064,63.01178,Bsp,vinter,"yta<=+5C, timvis, vakter #75/#234 (prep.py)",3410,0.394,1.257
2208,18.38751,63.11516,Bsp,vinter,"yta<=+5C, timvis, vakter #75/#234 (prep.py)",3502,-0.193,1.116
2210,19.11791,63.34339,Bsp,vinter,"yta<=+5C, timvis, vakter #75/#234 (prep.py)",3327,-1.692,3.29
2212,16.87648,62.37616,Bsp,vinter,"yta<=+5C, timvis, vakter #75/#234 (prep.py)",3420,0.066,1.346
2213,17.04746,62.36276,Bsp,vinter,"yta<=+5C, timvis, vakter #75/#234 (prep.py)",3464,-0.355,1.317
2214,17.12191,62.55283,Bsp,vinter,"yta<=+5C, timvis, vakter #75/#234 (prep.py)",3513,-1.757,1.487
2216,17.3137,62.47091,Bsp,vinter,"yta<=+5C, timvis, vakter #75/#234 (prep.py)",3430,0.29,1.246
2217,18.43926,63.17608,Bsp,vinter,"yta<=+5C, timvis, vakter #75/#234 (prep.py)",3355,0.101,1.378
2218,18.67241,63.2954,Bsp,vinter,"yta<=+5C, timvis, vakter #75/#234 (prep.py)",3515,0.168,1.383
2219,17.6701,63.03237,Bsp,vinter,"yta<=+5C, timvis, vakter #75/#234 (prep.py)",3522,-1.663,1.599
2220,16.86308,63.48617,Bsp,vinter,"yta<=+5C, timvis, vakter #75/#234 (prep.py)",3498,-0.712,1.483
2221,17.45301,62.51646,Bsp,vinter,"yta<=+5C, timvis, vakter #75/#234 (prep.py)",3398,-0.601,1.239
2222,16.73914,62.76284,Bsp,vinter,"yta<=+5C, timvis, vakter #75/#234 (prep.py)",3563,-0.896,1.483
2223,17.97234,63.27099,Bsp,vinter,"yta<=+5C, timvis, vakter #75/#234 (prep.py)",3551,0.458,1.29
2224,17.21393,63.88879,Bsp,vinter,"yta<=+5C, timvis, vakter #75/#234 (prep.py)",3508,0.372,1.371
2225,15.48949,62.48681,Bsp,vinter,"yta<=+5C, timvis, vakter #75/#234 (prep.py)",3451,0.527,1.205
2226,15.85131,62.55525,Bsp,vinter,"yta<=+5C, timvis, vakter #75/#234 (prep.py)",3442,-1.093,1.879
2227,17.0136,63.11954,Bsp,vinter,"yta<=+5C, timvis, vakter #75/#234 (prep.py)",3535,-0.987,1.493
2228,17.23215,62.9353,Bsp,vinter,"yta<=+5C, timvis, vakter #75/#234 (prep.py)",3216,-1.32,1.385
2229,17.68126,63.77018,Bsp,vinter,"yta<=+5C, timvis, vakter #75/#234 (prep.py)",3514,0.118,1.008
2230,16.17365,63.59451,Bsp,vinter,"yta<=+5C, timvis, vakter #75/#234 (prep.py)",3297,0.531,1.157
2231,16.7094,63.28752,Bsp,vinter,"yta<=+5C, timvis, vakter #75/#234 (prep.py)",3409,-1.364,1.59
2233,17.69184,63.15141,Bsp,vinter,"yta<=+5C, timvis, vakter #75/#234 (prep.py)",3441,-0.886,1.539
2234,19.01686,63.59045,Bsp,vinter,"yta<=+5C, timvis, vakter #75/#234 (prep.py)",3545,0.03,2.029
2235,17.93824,62.79775,Bsp,vinter,"yta<=+5C, timvis, vakter #75/#234 (prep.py)",2891,0.2,1.853
2237,17.84698,62.68591,Bsp,vinter,"yta<=+5C, timvis, vakter #75/#234 (prep.py)",3172,0.042,1.346
2238,18.0975,62.9271,Bsp,vinter,"yta<=+5C, timvis, vakter #75/#234 (prep.py)",3383,0.963,1.525
2239,18.2542,63.41774,Bsp,vinter,"yta<=+5C, timvis, vakter #75/#234 (prep.py)",3463,-0.646,1.419
2240,19.05551,63.32863,Bsp,vinter,"yta<=+5C, timvis, vakter #75/#234 (prep.py)",3423,-0.468,1.175
2241,16.36673,62.4734,Bsp,vinter,"yta<=+5C, timvis, vakter #75/#234 (prep.py)",3466,-1.219,1.552
2242,18.44596,62.87643,Bsp,vinter,"yta<=+5C, timvis, vakter #75/#234 (prep.py)",3420,0.081,1.29
2243,16.87831,63.44002,Bsp,vinter,"yta<=+5C, timvis, vakter #75/#234 (prep.py)",3543,-0.968,1.797
2244,17.34096,62.38865,Bsp,vinter,"yta<=+5C, timvis, vakter #75/#234 (prep.py)",0,,
2245,17.34481,62.27648,Bsp,vinter,"yta<=+5C, timvis, vakter #75/#234 (prep.py)",3249,1.56,1.258
2246,14.99271,62.42945,Bsp,vinter,"yta<=+5C, timvis, vakter #75/#234 (prep.py)",2835,-0.18,1.62
2251,17.51769,63.09903,Bsp,vinter,"yta<=+5C, timvis, vakter #75/#234 (prep.py)",3584,0.005,1.965
2312,12.38533,63.26783,Bsp,vinter,"yta<=+5C, timvis, vakter #75/#234 (prep.py)",3501,0.652,1.46
2313,12.7017,63.36647,Bsp,vinter,"yta<=+5C, timvis, vakter #75/#234 (prep.py)",3521,0.253,1.429
2316,12.23492,62.57038,Bsp,vinter,"yta<=+5C, timvis, vakter #75/#234 (prep.py)",3578,0.348,1.058
2317,13.87663,63.30547,Bsp,vinter,"yta<=+5C, timvis, vakter #75/#234 (prep.py)",3434,-0.47,1.2
2318,15.00113,63.61424,Bsp,vinter,"yta<=+5C, timvis, vakter #75/#234 (prep.py)",3551,0.01,1.22
2319,15.58156,62.68552,Bsp,vinter,"yta<=+5C, timvis, vakter #75/#234 (prep.py)",2701,-0.124,1.198
2320,15.99327,63.14861,Bsp,vinter,"yta<=+5C, timvis, vakter #75/#234 (prep.py)",3426,0.138,1.31
2321,12.7276,62.72792,Bsp,vinter,"yta<=+5C, timvis, vakter #75/#234 (prep.py)",0,,
2322,12.93904,62.17469,Bsp,vinter,"yta<=+5C, timvis, vakter #75/#234 (prep.py)",3551,-0.933,1.619
2323,14.44999,62.51325,Bsp,vinter,"yta<=+5C, timvis, vakter #75/#234 (prep.py)",3512,-0.078,1.341
2324,15.49267,63.74515,Bsp,vinter,"yta<=+5C, timvis, vakter #75/#234 (prep.py)",3506,-0.715,1.389
2325,14.93756,63.01819,Bsp,vinter,"yta<=+5C, timvis, vakter #75/#234 (prep.py)",3558,-0.419,1.569
2327,14.85313,63.26642,Bsp,vinter,"yta<=+5C, timvis, vakter #75/#234 (prep.py)",3522,-0.009,1.3
2328,14.57243,62.98301,Bsp,vinter,"yta<=+5C, timvis, vakter #75/#234 (prep.py)",3277,-0.558,1.484
2329,14.38937,62.68376,Bsp,vinter,"yta<=+5C, timvis, vakter #75/#234 (prep.py)",3443,-0.533,1.522
2331,14.95222,61.99926,Bsp,vinter,"yta<=+5C, timvis, vakter #75/#234 (prep.py)",3550,-0.137,1.058
2332,14.03971,64.77191,Bsp,vinter,"yta<=+5C, timvis, vakter #75/#234 (prep.py)",3603,-0.605,1.45
2333,14.66694,64.36281,Bsp,vinter,"yta<=+5C, timvis, vakter #75/#234 (prep.py)",3417,0.943,1.254
2334,16.73011,63.04099,Bsp,vinter,"yta<=+5C, timvis, vakter #75/#234 (prep.py)",3478,0.325,1.22
2335,13.87308,62.1957,Bsp,vinter,"yta<=+5C, timvis, vakter #75/#234 (prep.py)",3508,0.556,1.263
2336,14.1453,64.0654,Bsp,vinter,"yta<=+5C, timvis, vakter #75/#234 (prep.py)",3464,0.764,1.23
2338,13.16064,63.37374,Bsp,vinter,"yta<=+5C, timvis, vakter #75/#234 (prep.py)",3493,0.529,1.319
2339,16.27726,64.16534,Bsp,vinter,"yta<=+5C, timvis, vakter #75/#234 (prep.py)",3560,0.711,1.169
2341,14.07164,62.47962,Bsp,vinter,"yta<=+5C, timvis, vakter #75/#234 (prep.py)",3582,0.402,1.485
2342,15.16571,63.19345,Bsp,vinter,"yta<=+5C, timvis, vakter #75/#234 (prep.py)",3533,-0.718,1.459
2343,13.21465,63.26193,Bsp,vinter,"yta<=+5C, timvis, vakter #75/#234 (prep.py)",3577,1.06,1.553
2345,12.4024,63.52372,Bsp,vinter,"yta<=+5C, timvis, vakter #75/#234 (prep.py)",3536,0.954,1.249
2346,15.1236,63.43446,Bsp,vinter,"yta<=+5C, timvis, vakter #75/#234 (prep.py)",3494,-0.145,1.374
2347,12.954,62.40071,Bsp,vinter,"yta<=+5C, timvis, vakter #75/#234 (prep.py)",3564,-0.906,1.539
2348,14.81715,62.25957,Bsp,vinter,"yta<=+5C, timvis, vakter #75/#234 (prep.py)",3470,-1.676,1.543
2349,15.67918,62.92543,Bsp,vinter,"yta<=+5C, timvis, vakter #75/#234 (prep.py)",3519,-0.399,1.254
2350,14.72438,63.16598,Bsp,vinter,"yta<=+5C, timvis, vakter #75/#234 (prep.py)",3510,-0.062,1.315
2351,15.8574,63.97011,Bsp,vinter,"yta<=+5C, timvis, vakter #75/#234 (prep.py)",3511,0.219,1.244
2352,14.293,63.0761,Bsp,vinter,"yta<=+5C, timvis, vakter #75/#234 (prep.py)",3465,0.14,1.29
2353,13.02034,63.56908,Bsp,vinter,"yta<=+5C, timvis, vakter #75/#234 (prep.py)",3459,0.092,1.247
2354,13.85875,63.66569,Bsp,vinter,"yta<=+5C, timvis, vakter #75/#234 (prep.py)",3539,-0.963,1.615
2355,13.78964,63.09901,Bsp,vinter,"yta<=+5C, timvis, vakter #75/#234 (prep.py)",3559,1.5,1.283
2356,16.40409,63.8461,Bsp,vinter,"yta<=+5C, timvis, vakter #75/#234 (prep.py)",3492,-0.212,1.487
2358,12.08744,63.3178,Bsp,vinter,"yta<=+5C, timvis, vakter #75/#234 (prep.py)",3570,1.181,1.202
2359,16.66254,63.01157,Bsp,vinter,"yta<=+5C, timvis, vakter #75/#234 (prep.py)",3113,0.467,2.125
2401,20.98781,64.8453,Bsp,vinter,"yta<=+5C, timvis, vakter #75/#234 (prep.py)",3492,0.501,1.742
2402,21.27981,64.43595,Bsp,vinter,"yta<=+5C, timvis, vakter #75/#234 (prep.py)",3539,-0.349,1.341
2404,20.03746,63.99501,Bsp,vinter,"yta<=+5C, timvis, vakter #75/#234 (prep.py)",3497,1.33,1.432
2405,18.16868,64.75711,Bsp,vinter,"yta<=+5C, timvis, vakter #75/#234 (prep.py)",3514,-0.666,1.624
2406,15.09514,66.01046,Bsp,vinter,"yta<=+5C, timvis, vakter #75/#234 (prep.py)",3562,-0.08,2.054
2407,20.37368,64.89635,Bsp,vinter,"yta<=+5C, timvis, vakter #75/#234 (prep.py)",3545,0.154,1.262
2408,20.67919,64.80764,Bsp,vinter,"yta<=+5C, timvis, vakter #75/#234 (prep.py)",3266,0.746,1.233
2409,21.05257,64.27449,Bsp,vinter,"yta<=+5C, timvis, vakter #75/#234 (prep.py)",3351,-2.267,1.364
2410,20.70839,63.96865,Bsp,vinter,"yta<=+5C, timvis, vakter #75/#234 (prep.py)",3434,0.16,1.3
2411,19.89699,63.90224,Bsp,vinter,"yta<=+5C, timvis, vakter #75/#234 (prep.py)",3500,-0.354,1.04
2412,19.67621,64.04967,Bsp,vinter,"yta<=+5C, timvis, vakter #75/#234 (prep.py)",3296,-0.439,1.404
2413,18.06065,64.425,Bsp,vinter,"yta<=+5C, timvis, vakter #75/#234 (prep.py)",3519,0.461,1.291
2414,17.40331,64.73432,Bsp,vinter,"yta<=+5C, timvis, vakter #75/#234 (prep.py)",3454,0.291,1.091
2415,19.44012,63.57175,Bsp,vinter,"yta<=+5C, timvis, vakter #75/#234 (prep.py)",3440,-0.518,1.361
2416,20.06001,63.71248,Bsp,vinter,"yta<=+5C, timvis, vakter #75/#234 (prep.py)",3574,0.019,1.687
2418,20.68828,64.49138,Bsp,vinter,"yta<=+5C, timvis, vakter #75/#234 (prep.py)",3449,-0.052,1.553
2419,20.27178,64.88797,Bsp,vinter,"yta<=+5C, timvis, vakter #75/#234 (prep.py)",3591,-0.313,1.215
2420,19.74408,64.9725,Bsp,vinter,"yta<=+5C, timvis, vakter #75/#234 (prep.py)",3577,-0.744,1.493
2422,16.9911,64.87458,Bsp,vinter,"yta<=+5C, timvis, vakter #75/#234 (prep.py)",3347,-0.45,1.252
2423,18.37734,64.07201,Bsp,vinter,"yta<=+5C, timvis, vakter #75/#234 (prep.py)",3554,0.028,1.222
2424,16.79644,64.43596,Bsp,vinter,"yta<=+5C, timvis, vakter #75/#234 (prep.py)",3517,-0.835,1.617
2425,19.23951,64.68265,Bsp,vinter,"yta<=+5C, timvis, vakter #75/#234 (prep.py)",3515,0.056,1.285
2426,20.22874,64.26622,Bsp,vinter,"yta<=+5C, timvis, vakter #75/#234 (prep.py)",3578,0.083,1.52
2427,15.90064,65.48067,Bsp,vinter,"yta<=+5C, timvis, vakter #75/#234 (prep.py)",3545,-0.907,1.567
2428,19.05483,65.05477,Bsp,vinter,"yta<=+5C, timvis, vakter #75/#234 (prep.py)",3550,1.161,1.185
2429,16.21224,65.95607,Bsp,vinter,"yta<=+5C, timvis, vakter #75/#234 (prep.py)",3545,-2.05,1.884
2430,17.1039,65.52031,Bsp,vinter,"yta<=+5C, timvis, vakter #75/#234 (prep.py)",3571,-0.759,1.257
2431,14.81495,65.42227,Bsp,vinter,"yta<=+5C, timvis, vakter #75/#234 (prep.py)",3618,1.043,2.525
2432,19.70408,65.24462,Bsp,vinter,"yta<=+5C, timvis, vakter #75/#234 (prep.py)",3531,-1.002,1.268
2433,15.37878,64.96776,Bsp,vinter,"yta<=+5C, timvis, vakter #75/#234 (prep.py)",3591,-0.442,1.53
2434,19.03595,64.40163,Bsp,vinter,"yta<=+5C, timvis, vakter #75/#234 (prep.py)",3547,-1.589,1.551
2435,18.11518,65.24643,Bsp,vinter,"yta<=+5C, timvis, vakter #75/#234 (prep.py)",3556,-0.586,1.686
2436,16.56652,65.3552,Bsp,vinter,"yta<=+5C, timvis, vakter #75/#234 (prep.py)",3573,-0.788,1.471
2437,19.96772,64.61368,Bsp,vinter,"yta<=+5C, timvis, vakter #75/#234 (prep.py)",3609,0.986,2.293
2438,18.7966,64.82426,Bsp,vinter,"yta<=+5C, timvis, vakter #75/#234 (prep.py)",3580,0.305,1.8
2439,15.19118,64.82152,Bsp,vinter,"yta<=+5C, timvis, vakter #75/#234 (prep.py)",3542,-0.702,1.406
2440,20.35683,63.712,Bsp,vinter,"yta<=+5C, timvis, vakter #75/#234 (prep.py)",3574,-0.065,2.196
2441,20.6659,65.13633,Bsp,vinter,"yta<=+5C, timvis, vakter #75/#234 (prep.py)",0,,
2442,19.31765,63.93495,Bsp,vinter,"yta<=+5C, timvis, vakter #75/#234 (prep.py)",3497,0.315,1.166
2443,19.59428,64.31308,Bsp,vinter,"yta<=+5C, timvis, vakter #75/#234 (prep.py)",3463,0.548,1.642
2444,21.13018,64.65151,Bsp,vinter,"yta<=+5C, timvis, vakter #75/#234 (prep.py)",3481,-0.394,1.183
2445,17.64195,65.02058,Bsp,vinter,"yta<=+5C, timvis, vakter #75/#234 (prep.py)",3564,-0.966,1.506
2446,18.45865,65.4361,Bsp,vinter,"yta<=+5C, timvis, vakter #75/#234 (prep.py)",3564,-0.51,1.848
2447,17.49861,64.19857,Bsp,vinter,"yta<=+5C, timvis, vakter #75/#234 (prep.py)",3374,0.061,1.543
2448,18.84674,64.20992,Bsp,vinter,"yta<=+5C, timvis, vakter #75/#234 (prep.py)",3509,0.2,1.347
2449,19.30894,63.77245,Bsp,vinter,"yta<=+5C, timvis, vakter #75/#234 (prep.py)",3345,-0.159,1.375
2450,21.25805,64.5074,Bsp,vinter,"yta<=+5C, timvis, vakter #75/#234 (prep.py)",3247,-0.221,1.268
2451,20.45339,63.87147,Bsp,vinter,"yta<=+5C, timvis, vakter #75/#234 (prep.py)",3465,0.397,1.324
2452,15.88401,64.54342,Bsp,vinter,"yta<=+5C, timvis, vakter #75/#234 (prep.py)",3553,0.789,2.181
2453,14.80457,66.11838,Bsp,vinter,"yta<=+5C, timvis, vakter #75/#234 (prep.py)",3592,0.451,1.428
2454,17.63416,65.20836,Bsp,vinter,"yta<=+5C, timvis, vakter #75/#234 (prep.py)",3566,0.252,1.509
2455,19.9229,64.43465,Bsp,vinter,"yta<=+5C, timvis, vakter #75/#234 (prep.py)",0,,
2456,17.876,64.64089,Bsp,vinter,"yta<=+5C, timvis, vakter #75/#234 (prep.py)",3581,-0.87,1.039
2457,19.82462,63.61553,Bsp,vinter,"yta<=+5C, timvis, vakter #75/#234 (prep.py)",3538,-0.362,1.134
2501,23.9912,65.80951,Bsp,vinter,"yta<=+5C, timvis, vakter #75/#234 (prep.py)",3588,-0.703,1.494
2502,23.43694,65.83687,Bsp,vinter,"yta<=+5C, timvis, vakter #75/#234 (prep.py)",3607,-0.341,1.353
2503,22.96527,65.88341,Bsp,vinter,"yta<=+5C, timvis, vakter #75/#234 (prep.py)",2774,-1.28,1.415
2504,22.6116,65.90197,Bsp,vinter,"yta<=+5C, timvis, vakter #75/#234 (prep.py)",3557,-1.708,1.856
2505,22.31332,65.84931,Bsp,vinter,"yta<=+5C, timvis, vakter #75/#234 (prep.py)",3531,-0.898,1.733
2506,21.83118,65.69458,Bsp,vinter,"yta<=+5C, timvis, vakter #75/#234 (prep.py)",3544,-0.597,1.753
2507,21.77514,65.51313,Bsp,vinter,"yta<=+5C, timvis, vakter #75/#234 (prep.py)",3541,0.229,1.309
2508,21.49879,65.17207,Bsp,vinter,"yta<=+5C, timvis, vakter #75/#234 (prep.py)",3503,-0.613,1.125
2509,21.76374,65.7576,Bsp,vinter,"yta<=+5C, timvis, vakter #75/#234 (prep.py)",3541,-0.152,1.442
2510,21.45077,65.39206,Bsp,vinter,"yta<=+5C, timvis, vakter #75/#234 (prep.py)",3572,-0.128,1.93
2512,19.67458,66.50505,Bsp,vinter,"yta<=+5C, timvis, vakter #75/#234 (prep.py)",3582,-0.097,1.697
2513,21.75469,68.044,Bsp,vinter,"yta<=+5C, timvis, vakter #75/#234 (prep.py)",3598,-1.275,1.741
2514,18.53652,66.33968,Bsp,vinter,"yta<=+5C, timvis, vakter #75/#234 (prep.py)",0,,
2515,17.54373,65.85957,Bsp,vinter,"yta<=+5C, timvis, vakter #75/#234 (prep.py)",0,,
2516,16.41673,66.48595,Bsp,vinter,"yta<=+5C, timvis, vakter #75/#234 (prep.py)",3576,-0.892,1.578
2517,18.57499,68.4342,Bsp,vinter,"yta<=+5C, timvis, vakter #75/#234 (prep.py)",3586,-0.488,1.473
2518,18.26902,68.42948,Bsp,vinter,"yta<=+5C, timvis, vakter #75/#234 (prep.py)",3585,0.012,1.351
2519,18.11643,68.43262,Bsp,vinter,"yta<=+5C, timvis, vakter #75/#234 (prep.py)",2554,0.097,1.893
2520,19.78166,68.14824,Bsp,vinter,"yta<=+5C, timvis, vakter #75/#234 (prep.py)",3592,0.318,1.713
2521,21.87487,66.76504,Bsp,vinter,"yta<=+5C, timvis, vakter #75/#234 (prep.py)",3569,-0.504,1.458
2522,18.44375,65.58448,Bsp,vinter,"yta<=+5C, timvis, vakter #75/#234 (prep.py)",3591,-0.719,1.252
2523,23.87031,66.75348,Bsp,vinter,"yta<=+5C, timvis, vakter #75/#234 (prep.py)",3590,0.852,1.388
2525,23.70938,66.19995,Bsp,vinter,"yta<=+5C, timvis, vakter #75/#234 (prep.py)",3582,-0.389,1.31
2526,23.24254,67.7733,Bsp,vinter,"yta<=+5C, timvis, vakter #75/#234 (prep.py)",3122,-0.175,1.951
2528,19.82094,66.96028,Bsp,vinter,"yta<=+5C, timvis, vakter #75/#234 (prep.py)",3595,1.313,1.622
2529,20.72594,66.36436,Bsp,vinter,"yta<=+5C, timvis, vakter #75/#234 (prep.py)",3540,-1.752,2.232
2530,20.73824,65.32655,Bsp,vinter,"yta<=+5C, timvis, vakter #75/#234 (prep.py)",3524,-1.292,1.264
2531,22.14802,66.19946,Bsp,vinter,"yta<=+5C, timvis, vakter #75/#234 (prep.py)",0,,
2532,22.63156,67.15809,Bsp,vinter,"yta<=+5C, timvis, vakter #75/#234 (prep.py)",3579,-0.813,1.449
2533,19.02747,67.86012,Bsp,vinter,"yta<=+5C, timvis, vakter #75/#234 (prep.py)",3546,1.353,2.256
2534,18.36681,67.4741,Bsp,vinter,"yta<=+5C, timvis, vakter #75/#234 (prep.py)",3569,2.085,2.118
2535,17.72085,66.95166,Bsp,vinter,"yta<=+5C, timvis, vakter #75/#234 (prep.py)",3588,-0.109,1.631
2536,19.31239,65.70871,Bsp,vinter,"yta<=+5C, timvis, vakter #75/#234 (prep.py)",3577,-1.12,1.042
2539,21.3548,65.63538,Bsp,vinter,"yta<=+5C, timvis, vakter #75/#234 (prep.py)",3563,-0.669,1.197
2540,22.89922,66.68881,Bsp,vinter,"yta<=+5C, timvis, vakter #75/#234 (prep.py)",3597,-0.211,1.362
2541,22.0513,67.45409,Bsp,vinter,"yta<=+5C, timvis, vakter #75/#234 (prep.py)",3591,0.295,1.322
2542,22.80753,66.16889,Bsp,vinter,"yta<=+5C, timvis, vakter #75/#234 (prep.py)",3542,-0.149,1.475
2543,19.98354,66.15222,Bsp,vinter,"yta<=+5C, timvis, vakter #75/#234 (prep.py)",3565,0.336,1.248
2544,19.95864,65.67301,Bsp,vinter,"yta<=+5C, timvis, vakter #75/#234 (prep.py)",3474,0.121,1.2
2545,21.02237,66.76056,Bsp,vinter,"yta<=+5C, timvis, vakter #75/#234 (prep.py)",3582,-1.905,1.791
2546,22.5191,68.43015,Bsp,vinter,"yta<=+5C, timvis, vakter #75/#234 (prep.py)",3579,-0.188,1.658
2547,21.29114,65.93131,Bsp,vinter,"yta<=+5C, timvis, vakter #75/#234 (prep.py)",3567,-1.334,1.436
2548,17.09409,66.32424,Bsp,vinter,"yta<=+5C, timvis, vakter #75/#234 (prep.py)",3576,-0.415,1.304
2549,15.88305,66.75991,Bsp,vinter,"yta<=+5C, timvis, vakter #75/#234 (prep.py)",3591,-1.537,1.909
2550,21.04867,67.27606,Bsp,vinter,"yta<=+5C, timvis, vakter #75/#234 (prep.py)",3572,-0.152,1.275
2551,16.0113,66.73128,Bsp,vinter,"yta<=+5C, timvis, vakter #75/#234 (prep.py)",3582,-0.72,1.653
2552,20.67108,65.7858,Bsp,vinter,"yta<=+5C, timvis, vakter #75/#234 (prep.py)",3571,-1.568,1.481
2553,21.98351,66.01574,Bsp,vinter,"yta<=+5C, timvis, vakter #75/#234 (prep.py)",3527,-0.483,2.162
2554,18.36792,65.89413,Bsp,vinter,"yta<=+5C, timvis, vakter #75/#234 (prep.py)",3563,-1.102,1.313
2555,23.48217,67.44146,Bsp,vinter,"yta<=+5C, timvis, vakter #75/#234 (prep.py)",3579,-0.205,1.621
2556,21.19325,67.05215,Bsp,vinter,"yta<=+5C, timvis, vakter #75/#234 (prep.py)",3575,-0.869,1.916
2557,22.48294,66.48496,Bsp,vinter,"yta<=+5C, timvis, vakter #75/#234 (prep.py)",3540,-1.181,1.603
2558,23.6244,66.39659,Bsp,vinter,"yta<=+5C, timvis, vakter #75/#234 (prep.py)",3555,-0.266,1.451
2559,23.50581,66.02773,Bsp,vinter,"yta<=+5C, timvis, vakter #75/#234 (prep.py)",3586,-0.792,1.432
2560,21.10576,67.61179,Bsp,vinter,"yta<=+5C, timvis, vakter #75/#234 (prep.py)",3585,-0.265,1.315
2561,21.67568,67.66733,Bsp,vinter,"yta<=+5C, timvis, vakter #75/#234 (prep.py)",3554,-1.499,2.207
2566,23.31109,68.12011,Bsp,vinter,"yta<=+5C, timvis, vakter #75/#234 (prep.py)",3576,-0.641,2.363
2567,21.87581,67.01018,Bsp,vinter,"yta<=+5C, timvis, vakter #75/#234 (prep.py)",3591,-0.278,1.522
2568,22.683,66.76414,Bsp,vinter,"yta<=+5C, timvis, vakter #75/#234 (prep.py)",3576,0.486,1.706
2569,22.40316,67.424,Bsp,vinter,"yta<=+5C, timvis, vakter #75/#234 (prep.py)",3576,0.811,2.173
2575,23.80691,65.74642,Bsp,vinter,"yta<=+5C, timvis, vakter #75/#234 (prep.py)",3533,-0.832,1.641
7101,12.72302,56.02482,Bsp,vinter,"yta<=+5C, timvis, vakter #75/#234 (prep.py)",0,,
7102,13.01448,55.61158,Bsp,vinter,"yta<=+5C, timvis, vakter #75/#234 (prep.py)",0,,
7103,13.15882,55.36937,Bsp,vinter,"yta<=+5C, timvis, vakter #75/#234 (prep.py)",0,,
7301,14.17775,57.76393,Bsp,vinter,"yta<=+5C, timvis, vakter #75/#234 (prep.py)",0,,
7501,17.14719,60.68384,Bsp,vinter,"yta<=+5C, timvis, vakter #75/#234 (prep.py)",0,,
7502,15.41958,60.47459,Bsp,vinter,"yta<=+5C, timvis, vakter #75/#234 (prep.py)",0,,
7503,16.50864,59.5959,Bsp,vinter,"yta<=+5C, timvis, vakter #75/#234 (prep.py)",0,,
7504,15.05991,59.06042,Bsp,vinter,"yta<=+5C, timvis, vakter #75/#234 (prep.py)",0,,
7601,15.64424,62.52549,Bsp,vinter,"yta<=+5C, timvis, vakter #75/#234 (prep.py)",0,,
201,17.84313,59.24745,Bsp,novdec,"yta<=+5C, timvis, vakter #75/#234 (prep.py)",0,,
202,17.44746,59.05332,Bsp,novdec,"yta<=+5C, timvis, vakter #75/#234 (prep.py)",1281,-0.217,0.956
203,17.64272,59.18437,Bsp,novdec,"yta<=+5C, timvis, vakter #75/#234 (prep.py)",1065,0.674,0.901
206,17.66354,59.19915,Bsp,novdec,"yta<=+5C, timvis, vakter #75/#234 (prep.py)",1202,-0.023,0.811
207,17.76257,59.21243,Bsp,novdec,"yta<=+5C, timvis, vakter #75/#234 (prep.py)",1194,0.288,0.871
208,17.80685,59.17678,Bsp,novdec,"yta<=+5C, timvis, vakter #75/#234 (prep.py)",1220,-0.144,0.78
209,17.91823,59.20973,Bsp,novdec,"yta<=+5C, timvis, vakter #75/#234 (prep.py)",1143,-0.119,0.867
210,17.79342,59.09575,Bsp,novdec,"yta<=+5C, timvis, vakter #75/#234 (prep.py)",1342,-0.896,0.824
214,18.39315,59.14079,Bsp,novdec,"yta<=+5C, timvis, vakter #75/#234 (prep.py)",1219,0.567,0.841
215,18.12075,59.23986,Bsp,novdec,"yta<=+5C, timvis, vakter #75/#234 (prep.py)",1042,0.842,0.984
216,18.16655,59.25792,Bsp,novdec,"yta<=+5C, timvis, vakter #75/#234 (prep.py)",1164,0.112,0.774
218,18.31442,59.32924,Bsp,novdec,"yta<=+5C, timvis, vakter #75/#234 (prep.py)",1203,-0.023,0.977
219,18.22338,59.4285,Bsp,novdec,"yta<=+5C, timvis, vakter #75/#234 (prep.py)",1260,-0.516,0.798
220,18.22075,59.4958,Bsp,novdec,"yta<=+5C, timvis, vakter #75/#234 (prep.py)",1255,-0.828,1.06
221,18.64384,59.57512,Bsp,novdec,"yta<=+5C, timvis, vakter #75/#234 (prep.py)",1297,-0.432,1.046
222,18.04221,59.38437,Bsp,novdec,"yta<=+5C, timvis, vakter #75/#234 (prep.py)",1118,0.627,0.827
223,18.16462,59.48921,Bsp,novdec,"yta<=+5C, timvis, vakter #75/#234 (prep.py)",1106,0.591,0.777
224,18.34007,59.65588,Bsp,novdec,"yta<=+5C, timvis, vakter #75/#234 (prep.py)",1270,-0.573,1.043
226,17.91777,59.47614,Bsp,novdec,"yta<=+5C, timvis, vakter #75/#234 (prep.py)",974,1.26,1.029
227,17.89332,59.64336,Bsp,novdec,"yta<=+5C, timvis, vakter #75/#234 (prep.py)",1051,0.313,0.954
229,18.0469,59.74758,Bsp,novdec,"yta<=+5C, timvis, vakter #75/#234 (prep.py)",1252,-0.47,0.905
230,18.93107,59.71923,Bsp,novdec,"yta<=+5C, timvis, vakter #75/#234 (prep.py)",1301,-0.107,1.021
231,17.74555,59.62774,Bsp,novdec,"yta<=+5C, timvis, vakter #75/#234 (prep.py)",1232,0.157,0.905
232,17.8647,59.40587,Bsp,novdec,"yta<=+5C, timvis, vakter #75/#234 (prep.py)",953,1.798,1.104
233,17.76478,59.48371,Bsp,novdec,"yta<=+5C, timvis, vakter #75/#234 (prep.py)",1095,0.948,0.86
234,17.5717,59.5608,Bsp,novdec,"yta<=+5C, timvis, vakter #75/#234 (prep.py)",0,,
236,18.02088,59.30288,Bsp,novdec,"yta<=+5C, timvis, vakter #75/#234 (prep.py)",944,1.77,1.011
237,18.01109,59.34099,Bsp,novdec,"yta<=+5C, timvis, vakter #75/#234 (prep.py)",945,1.612,1.036
238,18.63276,59.89256,Bsp,novdec,"yta<=+5C, timvis, vakter #75/#234 (prep.py)",1399,-0.199,1.25
239,18.80948,59.98992,Bsp,novdec,"yta<=+5C, timvis, vakter #75/#234 (prep.py)",1304,-0.682,0.845
240,17.85471,59.3024,Bsp,novdec,"yta<=+5C, timvis, vakter #75/#234 (prep.py)",1184,0.077,0.789
241,17.75933,59.27802,Bsp,novdec,"yta<=+5C, timvis, vakter #75/#234 (prep.py)",1100,0.748,0.816
242,18.47932,59.34467,Bsp,novdec,"yta<=+5C, timvis, vakter #75/#234 (prep.py)",1352,-0.145,0.779
243,18.01997,59.36857,Bsp,novdec,"yta<=+5C, timvis, vakter #75/#234 (prep.py)",1086,0.589,0.791
244,17.59579,59.08173,Bsp,novdec,"yta<=+5C, timvis, vakter #75/#234 (prep.py)",1004,0.958,0.988
245,18.2319,59.56339,Bsp,novdec,"yta<=+5C, timvis, vakter #75/#234 (prep.py)",1213,-0.32,1.141
246,17.43894,59.19397,Bsp,novdec,"yta<=+5C, timvis, vakter #75/#234 (prep.py)",1114,-0.013,0.928
247,18.14261,59.1299,Bsp,novdec,"yta<=+5C, timvis, vakter #75/#234 (prep.py)",1160,-0.16,0.964
248,17.92358,58.93432,Bsp,novdec,"yta<=+5C, timvis, vakter #75/#234 (prep.py)",1160,-0.215,0.994
249,18.00268,59.04415,Bsp,novdec,"yta<=+5C, timvis, vakter #75/#234 (prep.py)",1358,-1.13,1.305
251,18.10454,59.35688,Bsp,novdec,"yta<=+5C, timvis, vakter #75/#234 (prep.py)",1113,0.699,0.841
257,18.48878,59.70307,Bsp,novdec,"yta<=+5C, timvis, vakter #75/#234 (prep.py)",1333,-1.244,1.299
301,17.48843,59.81709,Bsp,novdec,"yta<=+5C, timvis, vakter #75/#234 (prep.py)",1203,0.998,0.806
302,17.28482,59.87777,Bsp,novdec,"yta<=+5C, timvis, vakter #75/#234 (prep.py)",1349,0.145,1.215
303,17.56706,59.99548,Bsp,novdec,"yta<=+5C, timvis, vakter #75/#234 (prep.py)",1277,0.042,0.974
305,17.4103,60.42,Bsp,novdec,"yta<=+5C, timvis, vakter #75/#234 (prep.py)",1362,-0.833,1.01
306,18.05399,60.05141,Bsp,novdec,"yta<=+5C, timvis, vakter #75/#234 (prep.py)",1316,-0.007,0.878
307,18.29812,60.23655,Bsp,novdec,"yta<=+5C, timvis, vakter #75/#234 (prep.py)",1395,-0.994,0.937
308,18.17542,59.88074,Bsp,novdec,"yta<=+5C, timvis, vakter #75/#234 (prep.py)",1364,0.018,0.881
309,18.4994,60.03803,Bsp,novdec,"yta<=+5C, timvis, vakter #75/#234 (prep.py)",1395,-1.312,0.939
310,17.45239,60.60235,Bsp,novdec,"yta<=+5C, timvis, vakter #75/#234 (prep.py)",1378,-1.208,0.913
311,17.73935,60.48604,Bsp,novdec,"yta<=+5C, timvis, vakter #75/#234 (prep.py)",1339,-0.476,0.927
313,17.7549,59.81608,Bsp,novdec,"yta<=+5C, timvis, vakter #75/#234 (prep.py)",1127,0.503,0.981
316,17.26433,59.66158,Bsp,novdec,"yta<=+5C, timvis, vakter #75/#234 (prep.py)",1160,-0.373,0.887
317,17.38179,59.62309,Bsp,novdec,"yta<=+5C, timvis, vakter #75/#234 (prep.py)",1136,0.813,0.878
319,16.89506,59.77428,Bsp,novdec,"yta<=+5C, timvis, vakter #75/#234 (prep.py)",1188,-0.073,0.86
320,17.83397,60.1951,Bsp,novdec,"yta<=+5C, timvis, vakter #75/#234 (prep.py)",1362,-0.826,0.99
322,17.79602,59.76167,Bsp,novdec,"yta<=+5C, timvis, vakter #75/#234 (prep.py)",1230,0.44,0.837
323,16.99639,59.58524,Bsp,novdec,"yta<=+5C, timvis, vakter #75/#234 (prep.py)",1212,0.537,0.976
325,17.87957,60.40186,Bsp,novdec,"yta<=+5C, timvis, vakter #75/#234 (prep.py)",1413,-1.059,0.897
326,17.65582,59.94895,Bsp,novdec,"yta<=+5C, timvis, vakter #75/#234 (prep.py)",1259,-0.113,0.805
327,17.62225,60.04968,Bsp,novdec,"yta<=+5C, timvis, vakter #75/#234 (prep.py)",1274,-0.125,0.755
328,17.49551,60.21591,Bsp,novdec,"yta<=+5C, timvis, vakter #75/#234 (prep.py)",1316,0.017,0.838
329,17.51135,60.32439,Bsp,novdec,"yta<=+5C, timvis, vakter #75/#234 (prep.py)",1389,-1.103,0.846
330,16.85856,59.63481,Bsp,novdec,"yta<=+5C, timvis, vakter #75/#234 (prep.py)",1081,0.814,0.874
402,16.85329,58.75713,Bsp,novdec,"yta<=+5C, timvis, vakter #75/#234 (prep.py)",1067,0.172,0.918
403,17.14962,58.82191,Bsp,novdec,"yta<=+5C, timvis, vakter #75/#234 (prep.py)",1076,0.456,0.836
404,17.54102,59.00632,Bsp,novdec,"yta<=+5C, timvis, vakter #75/#234 (prep.py)",1160,-0.233,0.846
405,17.33014,58.9081,Bsp,novdec,"yta<=+5C, timvis, vakter #75/#234 (prep.py)",0,,
406,16.75354,58.83006,Bsp,novdec,"yta<=+5C, timvis, vakter #75/#234 (prep.py)",1176,-0.317,0.826
409,17.22561,59.05559,Bsp,novdec,"yta<=+5C, timvis, vakter #75/#234 (prep.py)",1220,-0.278,0.991
410,16.83437,59.08184,Bsp,novdec,"yta<=+5C, timvis, vakter #75/#234 (prep.py)",1129,-0.03,0.737
411,16.55832,59.03738,Bsp,novdec,"yta<=+5C, timvis, vakter #75/#234 (prep.py)",1218,-0.42,0.833
412,16.53666,58.90833,Bsp,novdec,"yta<=+5C, timvis, vakter #75/#234 (prep.py)",1174,-0.28,0.857
413,16.19792,58.84261,Bsp,novdec,"yta<=+5C, timvis, vakter #75/#234 (prep.py)",1077,-0.006,0.962
414,15.86829,59.06712,Bsp,novdec,"yta<=+5C, timvis, vakter #75/#234 (prep.py)",1232,-0.743,0.828
417,16.60295,59.24119,Bsp,novdec,"yta<=+5C, timvis, vakter #75/#234 (prep.py)",1158,0.241,0.876
418,16.371,59.40762,Bsp,novdec,"yta<=+5C, timvis, vakter #75/#234 (prep.py)",0,,
420,16.82301,59.20472,Bsp,novdec,"yta<=+5C, timvis, vakter #75/#234 (prep.py)",1146,0.102,0.779
421,17.1767,59.24178,Bsp,novdec,"yta<=+5C, timvis, vakter #75/#234 (prep.py)",1093,0.595,0.877
422,17.01225,59.44863,Bsp,novdec,"yta<=+5C, timvis, vakter #75/#234 (prep.py)",1153,0.017,0.746
423,16.92078,59.36031,Bsp,novdec,"yta<=+5C, timvis, vakter #75/#234 (prep.py)",1009,-0.3,0.95
424,16.8522,58.95001,Bsp,novdec,"yta<=+5C, timvis, vakter #75/#234 (prep.py)",1220,-0.596,0.876
425,16.47254,58.74248,Bsp,novdec,"yta<=+5C, timvis, vakter #75/#234 (prep.py)",1023,0.492,0.952
426,17.04798,58.69095,Bsp,novdec,"yta<=+5C, timvis, vakter #75/#234 (prep.py)",1173,-0.829,0.845
427,16.22177,59.05229,Bsp,novdec,"yta<=+5C, timvis, vakter #75/#234 (prep.py)",1177,0.582,0.839
429,16.78683,59.37887,Bsp,novdec,"yta<=+5C, timvis, vakter #75/#234 (prep.py)",1095,0.64,0.76
523,16.28378,58.67749,Bsp,novdec,"yta<=+5C, timvis, vakter #75/#234 (prep.py)",1078,0.084,0.854
524,16.16469,58.71628,Bsp,novdec,"yta<=+5C, timvis, vakter #75/#234 (prep.py)",1152,-0.449,0.887
527,15.61933,58.43383,Bsp,novdec,"yta<=+5C, timvis, vakter #75/#234 (prep.py)",982,0.448,0.863
528,16.03046,58.53154,Bsp,novdec,"yta<=+5C, timvis, vakter #75/#234 (prep.py)",917,0.562,1.424
529,14.97674,58.43858,Bsp,novdec,"yta<=+5C, timvis, vakter #75/#234 (prep.py)",1065,-0.693,0.904
531,16.53458,58.14137,Bsp,novdec,"yta<=+5C, timvis, vakter #75/#234 (prep.py)",1209,-0.488,0.849
532,16.36514,58.44882,Bsp,novdec,"yta<=+5C, timvis, vakter #75/#234 (prep.py)",1067,-0.078,0.9
533,15.16164,57.79896,Bsp,novdec,"yta<=+5C, timvis, vakter #75/#234 (prep.py)",1261,-0.239,0.901
534,15.08343,58.24846,Bsp,novdec,"yta<=+5C, timvis, vakter #75/#234 (prep.py)",1094,0.162,1.039
535,15.69264,57.91148,Bsp,novdec,"yta<=+5C, timvis, vakter #75/#234 (prep.py)",1250,-0.747,1.081
536,15.61917,58.23925,Bsp,novdec,"yta<=+5C, timvis, vakter #75/#234 (prep.py)",1168,0.04,0.988
537,14.94874,58.30111,Bsp,novdec,"yta<=+5C, timvis, vakter #75/#234 (prep.py)",950,0.849,0.961
539,15.81174,58.37349,Bsp,novdec,"yta<=+5C, timvis, vakter #75/#234 (prep.py)",1080,-0.166,0.981
540,15.51887,58.76549,Bsp,novdec,"yta<=+5C, timvis, vakter #75/#234 (prep.py)",1170,-0.557,0.789
541,16.06282,58.16255,Bsp,novdec,"yta<=+5C, timvis, vakter #75/#234 (prep.py)",1247,-0.684,1.145
542,16.51286,58.5754,Bsp,novdec,"yta<=+5C, timvis, vakter #75/#234 (prep.py)",1133,-1.795,1.049
543,15.91217,58.69465,Bsp,novdec,"yta<=+5C, timvis, vakter #75/#234 (prep.py)",1150,-0.826,0.919
544,14.69192,58.23123,Bsp,novdec,"yta<=+5C, timvis, vakter #75/#234 (prep.py)",1026,-0.817,1.108
546,15.33283,58.37723,Bsp,novdec,"yta<=+5C, timvis, vakter #75/#234 (prep.py)",1011,0.044,0.829
547,14.98801,58.57393,Bsp,novdec,"yta<=+5C, timvis, vakter #75/#234 (prep.py)",0,,
548,15.35787,58.49096,Bsp,novdec,"yta<=+5C, timvis, vakter #75/#234 (prep.py)",1086,-0.434,0.874
549,16.47907,58.31747,Bsp,novdec,"yta<=+5C, timvis, vakter #75/#234 (prep.py)",1110,-0.759,0.99
550,16.89748,58.492,Bsp,novdec,"yta<=+5C, timvis, vakter #75/#234 (prep.py)",1194,-0.581,0.928
552,16.01379,58.66651,Bsp,novdec,"yta<=+5C, timvis, vakter #75/#234 (prep.py)",1167,-0.788,0.966
553,15.28293,58.57303,Bsp,novdec,"yta<=+5C, timvis, vakter #75/#234 (prep.py)",1205,-0.464,0.798
554,15.0498,58.46851,Bsp,novdec,"yta<=+5C, timvis, vakter #75/#234 (prep.py)",1027,-0.039,0.797
601,14.44188,57.99484,Bsp,novdec,"yta<=+5C, timvis, vakter #75/#234 (prep.py)",976,1.132,0.868
602,14.34147,57.94626,Bsp,novdec,"yta<=+5C, timvis, vakter #75/#234 (prep.py)",1102,0.049,0.736
604,14.78556,57.38834,Bsp,novdec,"yta<=+5C, timvis, vakter #75/#234 (prep.py)",1206,0.106,0.687
605,14.15961,57.68915,Bsp,novdec,"yta<=+5C, timvis, vakter #75/#234 (prep.py)",1070,0.285,0.818
607,14.26726,57.5396,Bsp,novdec,"yta<=+5C, timvis, vakter #75/#234 (prep.py)",1190,0.143,0.861
611,14.25498,57.75673,Bsp,novdec,"yta<=+5C, timvis, vakter #75/#234 (prep.py)",1186,-0.794,0.728
614,13.99871,57.75756,Bsp,novdec,"yta<=+5C, timvis, vakter #75/#234 (prep.py)",1207,0.02,0.74
616,13.84111,57.67232,Bsp,novdec,"yta<=+5C, timvis, vakter #75/#234 (prep.py)",1160,-0.208,0.926
617,14.10016,57.82997,Bsp,novdec,"yta<=+5C, timvis, vakter #75/#234 (prep.py)",1080,0.559,0.933
618,14.52885,58.06883,Bsp,novdec,"yta<=+5C, timvis, vakter #75/#234 (prep.py)",1061,0.542,0.697
627,13.79289,57.33462,Bsp,novdec,"yta<=+5C, timvis, vakter #75/#234 (prep.py)",1250,-0.748,0.739
630,13.77624,57.16828,Bsp,novdec,"yta<=+5C, timvis, vakter #75/#234 (prep.py)",1017,0.31,0.726
631,13.97445,57.1845,Bsp,novdec,"yta<=+5C, timvis, vakter #75/#234 (prep.py)",1041,-0.084,0.758
632,14.06288,57.07867,Bsp,novdec,"yta<=+5C, timvis, vakter #75/#234 (prep.py)",983,0.168,0.823
633,14.07749,57.23603,Bsp,novdec,"yta<=+5C, timvis, vakter #75/#234 (prep.py)",1019,0.05,0.851
634,14.2728,57.002,Bsp,novdec,"yta<=+5C, timvis, vakter #75/#234 (prep.py)",1089,-0.097,0.712
635,14.33634,57.32534,Bsp,novdec,"yta<=+5C, timvis, vakter #75/#234 (prep.py)",1116,0.096,0.824
636,14.51549,57.21369,Bsp,novdec,"yta<=+5C, timvis, vakter #75/#234 (prep.py)",1167,-0.012,0.646
639,14.75434,57.46356,Bsp,novdec,"yta<=+5C, timvis, vakter #75/#234 (prep.py)",1183,-0.127,0.902
640,14.65297,58.01212,Bsp,novdec,"yta<=+5C, timvis, vakter #75/#234 (prep.py)",1170,0.468,0.793
641,14.73242,57.65382,Bsp,novdec,"yta<=+5C, timvis, vakter #75/#234 (prep.py)",1224,0.315,0.809
642,15.06459,57.64397,Bsp,novdec,"yta<=+5C, timvis, vakter #75/#234 (prep.py)",1278,-0.095,0.647
643,15.0023,57.50777,Bsp,novdec,"yta<=+5C, timvis, vakter #75/#234 (prep.py)",1173,0.266,0.692
644,15.13169,57.28582,Bsp,novdec,"yta<=+5C, timvis, vakter #75/#234 (prep.py)",1044,0.243,0.856
645,14.52073,57.67535,Bsp,novdec,"yta<=+5C, timvis, vakter #75/#234 (prep.py)",1217,0.433,0.755
646,14.09819,57.45602,Bsp,novdec,"yta<=+5C, timvis, vakter #75/#234 (prep.py)",1120,0.364,0.843
647,13.66306,57.47933,Bsp,novdec,"yta<=+5C, timvis, vakter #75/#234 (prep.py)",1104,0.16,0.829
648,14.26385,57.79037,Bsp,novdec,"yta<=+5C, timvis, vakter #75/#234 (prep.py)",988,1.151,0.857
649,14.95136,58.03265,Bsp,novdec,"yta<=+5C, timvis, vakter #75/#234 (prep.py)",1121,0.442,0.769
651,14.10719,57.75742,Bsp,novdec,"yta<=+5C, timvis, vakter #75/#234 (prep.py)",1093,0.288,0.823
652,13.47901,57.25984,Bsp,novdec,"yta<=+5C, timvis, vakter #75/#234 (prep.py)",994,-0.308,0.919
653,14.11573,57.75093,Bsp,novdec,"yta<=+5C, timvis, vakter #75/#234 (prep.py)",1004,0.77,0.773
654,14.8669,57.84756,Bsp,novdec,"yta<=+5C, timvis, vakter #75/#234 (prep.py)",1134,0.116,0.952
655,14.67848,57.78851,Bsp,novdec,"yta<=+5C, timvis, vakter #75/#234 (prep.py)",1206,0.075,0.81
657,13.9348,57.87394,Bsp,novdec,"yta<=+5C, timvis, vakter #75/#234 (prep.py)",1156,0.742,0.844
702,13.71439,56.75617,Bsp,novdec,"yta<=+5C, timvis, vakter #75/#234 (prep.py)",970,-0.294,0.793
703,13.99538,56.93932,Bsp,novdec,"yta<=+5C, timvis, vakter #75/#234 (prep.py)",969,0.756,0.795
704,14.16355,56.87238,Bsp,novdec,"yta<=+5C, timvis, vakter #75/#234 (prep.py)",1035,0.042,0.79
705,14.05709,56.5512,Bsp,novdec,"yta<=+5C, timvis, vakter #75/#234 (prep.py)",1012,0.22,0.911
706,14.55003,56.5178,Bsp,novdec,"yta<=+5C, timvis, vakter #75/#234 (prep.py)",1056,-0.135,0.843
707,14.43481,56.71193,Bsp,novdec,"yta<=+5C, timvis, vakter #75/#234 (prep.py)",1018,-0.234,0.779
708,14.69168,56.82573,Bsp,novdec,"yta<=+5C, timvis, vakter #75/#234 (prep.py)",1073,-0.013,0.74
709,14.71286,56.89818,Bsp,novdec,"yta<=+5C, timvis, vakter #75/#234 (prep.py)",1048,-0.025,0.777
710,14.63957,57.09455,Bsp,novdec,"yta<=+5C, timvis, vakter #75/#234 (prep.py)",1110,0.302,0.672
712,14.8829,56.81089,Bsp,novdec,"yta<=+5C, timvis, vakter #75/#234 (prep.py)",1044,-0.046,0.856
714,14.94066,56.9566,Bsp,novdec,"yta<=+5C, timvis, vakter #75/#234 (prep.py)",1040,0.005,0.765
715,15.24502,57.12038,Bsp,novdec,"yta<=+5C, timvis, vakter #75/#234 (prep.py)",1217,0.213,0.738
716,13.76299,56.61594,Bsp,novdec,"yta<=+5C, timvis, vakter #75/#234 (prep.py)",574,0.359,1.433
717,14.95516,56.54841,Bsp,novdec,"yta<=+5C, timvis, vakter #75/#234 (prep.py)",1082,-0.398,0.653
718,15.13831,56.79012,Bsp,novdec,"yta<=+5C, timvis, vakter #75/#234 (prep.py)",1050,0.305,0.732
719,15.2667,56.55308,Bsp,novdec,"yta<=+5C, timvis, vakter #75/#234 (prep.py)",1068,-0.012,0.899
720,14.54612,56.92254,Bsp,novdec,"yta<=+5C, timvis, vakter #75/#234 (prep.py)",987,0.368,0.783
721,14.90223,56.38469,Bsp,novdec,"yta<=+5C, timvis, vakter #75/#234 (prep.py)",1008,-0.153,0.949
722,13.6529,56.50588,Bsp,novdec,"yta<=+5C, timvis, vakter #75/#234 (prep.py)",894,0.219,0.821
723,15.27145,57.00413,Bsp,novdec,"yta<=+5C, timvis, vakter #75/#234 (prep.py)",1175,0.22,0.726
802,16.61841,56.56934,Bsp,novdec,"yta<=+5C, timvis, vakter #75/#234 (prep.py)",974,-0.424,1.036
804,16.55952,56.76099,Bsp,novdec,"yta<=+5C, timvis, vakter #75/#234 (prep.py)",993,-0.991,0.877
805,17.01562,57.33878,Bsp,novdec,"yta<=+5C, timvis, vakter #75/#234 (prep.py)",991,-0.068,0.839
806,16.21562,56.63826,Bsp,novdec,"yta<=+5C, timvis, vakter #75/#234 (prep.py)",963,-0.136,0.866
807,16.08381,56.53142,Bsp,novdec,"yta<=+5C, timvis, vakter #75/#234 (prep.py)",907,-0.056,0.96
809,15.6034,56.50224,Bsp,novdec,"yta<=+5C, timvis, vakter #75/#234 (prep.py)",1017,0.148,0.869
811,16.1503,56.68526,Bsp,novdec,"yta<=+5C, timvis, vakter #75/#234 (prep.py)",1018,-0.488,0.862
812,15.51939,56.73684,Bsp,novdec,"yta<=+5C, timvis, vakter #75/#234 (prep.py)",1132,-0.168,0.706
813,15.5462,56.9071,Bsp,novdec,"yta<=+5C, timvis, vakter #75/#234 (prep.py)",1177,-0.076,0.854
814,16.3394,56.78152,Bsp,novdec,"yta<=+5C, timvis, vakter #75/#234 (prep.py)",1024,-0.638,0.91
815,15.9295,56.92821,Bsp,novdec,"yta<=+5C, timvis, vakter #75/#234 (prep.py)",1149,-0.998,1.09
816,16.48495,57.12576,Bsp,novdec,"yta<=+5C, timvis, vakter #75/#234 (prep.py)",1169,-0.268,0.995
817,16.24542,57.04218,Bsp,novdec,"yta<=+5C, timvis, vakter #75/#234 (prep.py)",1082,-0.496,1.163
818,15.60767,57.14977,Bsp,novdec,"yta<=+5C, timvis, vakter #75/#234 (prep.py)",1247,-0.638,0.922
819,15.5674,57.29442,Bsp,novdec,"yta<=+5C, timvis, vakter #75/#234 (prep.py)",1177,-0.493,0.812
821,16.08126,57.262,Bsp,novdec,"yta<=+5C, timvis, vakter #75/#234 (prep.py)",1204,-1.73,2.597
822,16.45862,57.29351,Bsp,novdec,"yta<=+5C, timvis, vakter #75/#234 (prep.py)",1130,-0.754,0.967
823,16.47321,57.60982,Bsp,novdec,"yta<=+5C, timvis, vakter #75/#234 (prep.py)",1138,-0.248,0.882
826,15.62516,57.63533,Bsp,novdec,"yta<=+5C, timvis, vakter #75/#234 (prep.py)",1255,-0.759,0.889
827,15.82524,57.42323,Bsp,novdec,"yta<=+5C, timvis, vakter #75/#234 (prep.py)",1136,-0.026,0.894
828,16.20318,58.05519,Bsp,novdec,"yta<=+5C, timvis, vakter #75/#234 (prep.py)",1296,-0.802,1.18
829,16.49526,58.00814,Bsp,novdec,"yta<=+5C, timvis, vakter #75/#234 (prep.py)",1218,-0.829,1.094
832,16.46101,56.66693,Bsp,novdec,"yta<=+5C, timvis, vakter #75/#234 (prep.py)",1096,-1.603,0.98
833,15.91562,56.72643,Bsp,novdec,"yta<=+5C, timvis, vakter #75/#234 (prep.py)",1034,-0.315,0.901
834,15.83667,57.67282,Bsp,novdec,"yta<=+5C, timvis, vakter #75/#234 (prep.py)",1164,-0.35,0.857
835,15.57707,57.40869,Bsp,novdec,"yta<=+5C, timvis, vakter #75/#234 (prep.py)",1094,-0.262,0.991
836,16.50226,57.80555,Bsp,novdec,"yta<=+5C, timvis, vakter #75/#234 (prep.py)",1211,-0.197,0.872
837,16.7322,56.88985,Bsp,novdec,"yta<=+5C, timvis, vakter #75/#234 (prep.py)",991,-0.147,0.906
838,16.40657,56.32072,Bsp,novdec,"yta<=+5C, timvis, vakter #75/#234 (prep.py)",909,0.073,0.955
839,16.28228,57.69671,Bsp,novdec,"yta<=+5C, timvis, vakter #75/#234 (prep.py)",1291,-1.394,0.973
840,16.71417,57.90735,Bsp,novdec,"yta<=+5C, timvis, vakter #75/#234 (prep.py)",1225,-1.228,0.989
903,18.4252,57.54391,Bsp,novdec,"yta<=+5C, timvis, vakter #75/#234 (prep.py)",866,-0.579,0.836
904,18.82076,57.4284,Bsp,novdec,"yta<=+5C, timvis, vakter #75/#234 (prep.py)",1005,-0.513,0.834
905,18.28024,57.1313,Bsp,novdec,"yta<=+5C, timvis, vakter #75/#234 (prep.py)",971,-0.454,0.793
906,18.37971,57.3321,Bsp,novdec,"yta<=+5C, timvis, vakter #75/#234 (prep.py)",1119,-0.726,0.852
907,18.53916,57.63388,Bsp,novdec,"yta<=+5C, timvis, vakter #75/#234 (prep.py)",1062,-0.019,0.708
909,18.91674,57.83317,Bsp,novdec,"yta<=+5C, timvis, vakter #75/#234 (prep.py)",617,-0.207,0.736
910,18.27452,57.62329,Bsp,novdec,"yta<=+5C, timvis, vakter #75/#234 (prep.py)",943,0.263,0.754
911,18.46715,57.76062,Bsp,novdec,"yta<=+5C, timvis, vakter #75/#234 (prep.py)",1070,-0.552,0.694
912,18.7465,57.58913,Bsp,novdec,"yta<=+5C, timvis, vakter #75/#234 (prep.py)",1076,-0.734,0.805
913,18.61617,57.32709,Bsp,novdec,"yta<=+5C, timvis, vakter #75/#234 (prep.py)",0,,
914,19.23691,57.9576,Bsp,novdec,"yta<=+5C, timvis, vakter #75/#234 (prep.py)",1062,-0.86,0.801
1001,15.92265,56.23595,Bsp,novdec,"yta<=+5C, timvis, vakter #75/#234 (prep.py)",889,-0.256,0.844
1004,15.58156,56.21324,Bsp,novdec,"yta<=+5C, timvis, vakter #75/#234 (prep.py)",862,-0.239,0.89
1005,15.21282,56.22175,Bsp,novdec,"yta<=+5C, timvis, vakter #75/#234 (prep.py)",855,-0.105,0.873
1007,15.07646,56.40534,Bsp,novdec,"yta<=+5C, timvis, vakter #75/#234 (prep.py)",1087,-0.316,0.88
1012,14.52867,56.2582,Bsp,novdec,"yta<=+5C, timvis, vakter #75/#234 (prep.py)",891,-0.539,1.295
1017,14.39957,56.39047,Bsp,novdec,"yta<=+5C, timvis, vakter #75/#234 (prep.py)",1060,-0.476,1.047
1018,14.55171,56.06482,Bsp,novdec,"yta<=+5C, timvis, vakter #75/#234 (prep.py)",859,-1.384,1.261
1019,14.90455,56.18801,Bsp,novdec,"yta<=+5C, timvis, vakter #75/#234 (prep.py)",859,0.224,1.061
1020,15.17377,56.32266,Bsp,novdec,"yta<=+5C, timvis, vakter #75/#234 (prep.py)",1002,0.35,0.918
1021,15.58133,56.30454,Bsp,novdec,"yta<=+5C, timvis, vakter #75/#234 (prep.py)",1009,-0.566,0.907
1022,15.3724,56.43346,Bsp,novdec,"yta<=+5C, timvis, vakter #75/#234 (prep.py)",1074,-0.28,0.863
1023,14.73224,56.17752,Bsp,novdec,"yta<=+5C, timvis, vakter #75/#234 (prep.py)",853,-0.17,1.051
1024,15.74281,56.13741,Bsp,novdec,"yta<=+5C, timvis, vakter #75/#234 (prep.py)",795,0.06,1.047
1026,15.11305,56.21701,Bsp,novdec,"yta<=+5C, timvis, vakter #75/#234 (prep.py)",836,0.329,0.841
1101,13.3512,56.13423,Bsp,novdec,"yta<=+5C, timvis, vakter #75/#234 (prep.py)",828,0.445,0.932
1103,12.94354,56.40401,Bsp,novdec,"yta<=+5C, timvis, vakter #75/#234 (prep.py)",701,1.389,0.959
1104,12.95447,56.43987,Bsp,novdec,"yta<=+5C, timvis, vakter #75/#234 (prep.py)",630,0.447,0.894
1106,13.02323,56.18141,Bsp,novdec,"yta<=+5C, timvis, vakter #75/#234 (prep.py)",147,0.742,0.689
1111,14.10275,56.0239,Bsp,novdec,"yta<=+5C, timvis, vakter #75/#234 (prep.py)",756,0.437,0.818
1112,13.68793,56.31459,Bsp,novdec,"yta<=+5C, timvis, vakter #75/#234 (prep.py)",901,-0.175,1.049
1113,13.76364,56.08563,Bsp,novdec,"yta<=+5C, timvis, vakter #75/#234 (prep.py)",818,0.148,0.924
1114,13.94019,56.25934,Bsp,novdec,"yta<=+5C, timvis, vakter #75/#234 (prep.py)",874,0.18,0.895
1115,14.12254,56.50001,Bsp,novdec,"yta<=+5C, timvis, vakter #75/#234 (prep.py)",911,0.214,0.889
1117,14.0933,55.72301,Bsp,novdec,"yta<=+5C, timvis, vakter #75/#234 (prep.py)",761,1.003,0.954
1118,13.92695,55.9565,Bsp,novdec,"yta<=+5C, timvis, vakter #75/#234 (prep.py)",748,0.769,0.877
1121,14.22989,55.63866,Bsp,novdec,"yta<=+5C, timvis, vakter #75/#234 (prep.py)",767,-0.076,0.779
1122,14.12036,55.49531,Bsp,novdec,"yta<=+5C, timvis, vakter #75/#234 (prep.py)",749,-0.342,0.938
1123,13.1499,56.22857,Bsp,novdec,"yta<=+5C, timvis, vakter #75/#234 (prep.py)",758,0.586,0.756
1125,13.51021,56.38603,Bsp,novdec,"yta<=+5C, timvis, vakter #75/#234 (prep.py)",845,0.592,0.872
1126,14.24952,56.36816,Bsp,novdec,"yta<=+5C, timvis, vakter #75/#234 (prep.py)",1041,-0.21,1.026
1127,14.26996,55.91338,Bsp,novdec,"yta<=+5C, timvis, vakter #75/#234 (prep.py)",773,0.218,0.92
1128,12.8927,56.18254,Bsp,novdec,"yta<=+5C, timvis, vakter #75/#234 (prep.py)",872,0.027,0.957
1129,14.32617,56.18188,Bsp,novdec,"yta<=+5C, timvis, vakter #75/#234 (prep.py)",928,-0.6,0.951
1130,14.25555,55.4479,Bsp,novdec,"yta<=+5C, timvis, vakter #75/#234 (prep.py)",656,0.308,0.844
1131,13.87537,56.43083,Bsp,novdec,"yta<=+5C, timvis, vakter #75/#234 (prep.py)",902,-0.221,0.935
1139,13.56001,56.22063,Bsp,novdec,"yta<=+5C, timvis, vakter #75/#234 (prep.py)",913,-0.013,0.941
1144,12.7222,56.4337,Bsp,novdec,"yta<=+5C, timvis, vakter #75/#234 (prep.py)",783,-0.01,0.842
1146,14.07317,56.22339,Bsp,novdec,"yta<=+5C, timvis, vakter #75/#234 (prep.py)",855,-0.209,1.094
1200,13.40638,55.65469,Bsp,novdec,"yta<=+5C, timvis, vakter #75/#234 (prep.py)",802,-0.32,0.829
1202,13.35538,55.33904,Bsp,novdec,"yta<=+5C, timvis, vakter #75/#234 (prep.py)",616,0.159,0.855
1203,13.08482,55.55881,Bsp,novdec,"yta<=+5C, timvis, vakter #75/#234 (prep.py)",720,0.317,0.704
1204,13.32586,55.50842,Bsp,novdec,"yta<=+5C, timvis, vakter #75/#234 (prep.py)",727,0.133,0.963
1206,13.66835,55.47412,Bsp,novdec,"yta<=+5C, timvis, vakter #75/#234 (prep.py)",713,0.385,0.762
1207,13.91451,55.56067,Bsp,novdec,"yta<=+5C, timvis, vakter #75/#234 (prep.py)",747,0.454,0.905
1209,13.2242,55.71807,Bsp,novdec,"yta<=+5C, timvis, vakter #75/#234 (prep.py)",0,,
1210,13.10679,55.64147,Bsp,novdec,"yta<=+5C, timvis, vakter #75/#234 (prep.py)",721,0.139,0.798
1211,13.01544,55.74926,Bsp,novdec,"yta<=+5C, timvis, vakter #75/#234 (prep.py)",614,0.715,1.023
1212,13.131,55.7912,Bsp,novdec,"yta<=+5C, timvis, vakter #75/#234 (prep.py)",701,0.104,1.001
1213,13.3044,55.76772,Bsp,novdec,"yta<=+5C, timvis, vakter #75/#234 (prep.py)",720,0.411,0.841
1214,13.72786,55.9005,Bsp,novdec,"yta<=+5C, timvis, vakter #75/#234 (prep.py)",813,0.949,0.772
1215,13.64239,55.85583,Bsp,novdec,"yta<=+5C, timvis, vakter #75/#234 (prep.py)",803,1.278,1.015
1216,13.60991,55.98556,Bsp,novdec,"yta<=+5C, timvis, vakter #75/#234 (prep.py)",827,-0.028,0.949
1217,13.28244,55.99556,Bsp,novdec,"yta<=+5C, timvis, vakter #75/#234 (prep.py)",835,0.186,0.902
1218,12.94881,55.99942,Bsp,novdec,"yta<=+5C, timvis, vakter #75/#234 (prep.py)",798,0.15,0.962
1219,12.8885,55.85769,Bsp,novdec,"yta<=+5C, timvis, vakter #75/#234 (prep.py)",561,0.98,0.95
1220,12.82087,55.93618,Bsp,novdec,"yta<=+5C, timvis, vakter #75/#234 (prep.py)",706,0.426,0.846
1222,12.78523,56.08747,Bsp,novdec,"yta<=+5C, timvis, vakter #75/#234 (prep.py)",722,0.652,0.852
1224,12.56263,56.18271,Bsp,novdec,"yta<=+5C, timvis, vakter #75/#234 (prep.py)",721,-0.035,0.976
1225,13.67515,55.77952,Bsp,novdec,"yta<=+5C, timvis, vakter #75/#234 (prep.py)",835,0.264,0.717
1226,13.50002,55.58467,Bsp,novdec,"yta<=+5C, timvis, vakter #75/#234 (prep.py)",861,0.106,0.813
1232,13.33155,55.90092,Bsp,novdec,"yta<=+5C, timvis, vakter #75/#234 (prep.py)",810,0.193,0.899
1233,13.10841,55.92927,Bsp,novdec,"yta<=+5C, timvis, vakter #75/#234 (prep.py)",776,0.496,0.983
1234,13.00702,55.45453,Bsp,novdec,"yta<=+5C, timvis, vakter #75/#234 (prep.py)",659,-0.078,0.709
1235,13.77309,55.61339,Bsp,novdec,"yta<=+5C, timvis, vakter #75/#234 (prep.py)",757,0.325,0.845
1237,13.07605,55.39007,Bsp,novdec,"yta<=+5C, timvis, vakter #75/#234 (prep.py)",614,-0.115,0.734
1302,11.96758,57.5506,Bsp,novdec,"yta<=+5C, timvis, vakter #75/#234 (prep.py)",834,-0.529,1.132
1305,12.21556,57.28403,Bsp,novdec,"yta<=+5C, timvis, vakter #75/#234 (prep.py)",763,0.305,1.052
1306,12.32142,57.24271,Bsp,novdec,"yta<=+5C, timvis, vakter #75/#234 (prep.py)",787,0.605,1.238
1307,12.28902,57.07145,Bsp,novdec,"yta<=+5C, timvis, vakter #75/#234 (prep.py)",736,-0.534,1.12
1308,12.59042,57.15218,Bsp,novdec,"yta<=+5C, timvis, vakter #75/#234 (prep.py)",916,0.042,1.051
1311,12.79389,56.95058,Bsp,novdec,"yta<=+5C, timvis, vakter #75/#234 (prep.py)",937,0.047,1.127
1314,12.70202,56.72434,Bsp,novdec,"yta<=+5C, timvis, vakter #75/#234 (prep.py)",923,-0.389,0.952
1315,13.37187,57.09672,Bsp,novdec,"yta<=+5C, timvis, vakter #75/#234 (prep.py)",973,0.043,0.855
1317,12.95216,56.77581,Bsp,novdec,"yta<=+5C, timvis, vakter #75/#234 (prep.py)",815,0.901,0.901
1318,12.88275,56.72412,Bsp,novdec,"yta<=+5C, timvis, vakter #75/#234 (prep.py)",760,0.812,0.986
1320,12.96606,56.52382,Bsp,novdec,"yta<=+5C, timvis, vakter #75/#234 (prep.py)",616,1.323,0.765
1321,13.38066,56.49619,Bsp,novdec,"yta<=+5C, timvis, vakter #75/#234 (prep.py)",937,-0.143,0.95
1322,13.15111,56.38994,Bsp,novdec,"yta<=+5C, timvis, vakter #75/#234 (prep.py)",827,0.195,0.998
1323,13.06551,56.92288,Bsp,novdec,"yta<=+5C, timvis, vakter #75/#234 (prep.py)",591,0.755,1.043
1327,12.38559,57.02854,Bsp,novdec,"yta<=+5C, timvis, vakter #75/#234 (prep.py)",681,0.41,1.043
1328,12.08143,57.45995,Bsp,novdec,"yta<=+5C, timvis, vakter #75/#234 (prep.py)",692,0.692,1.05
1330,13.44676,57.00116,Bsp,novdec,"yta<=+5C, timvis, vakter #75/#234 (prep.py)",984,-0.145,0.955
1331,13.32662,56.72066,Bsp,novdec,"yta<=+5C, timvis, vakter #75/#234 (prep.py)",982,-0.1,0.876
1332,12.93935,57.11995,Bsp,novdec,"yta<=+5C, timvis, vakter #75/#234 (prep.py)",947,0.557,0.981
1333,12.65512,57.06879,Bsp,novdec,"yta<=+5C, timvis, vakter #75/#234 (prep.py)",843,0.187,1.158
1334,13.14617,56.71937,Bsp,novdec,"yta<=+5C, timvis, vakter #75/#234 (prep.py)",923,0.517,1.005
1335,12.66302,56.86238,Bsp,novdec,"yta<=+5C, timvis, vakter #75/#234 (prep.py)",691,0.579,1.113
1336,12.80515,56.77877,Bsp,novdec,"yta<=+5C, timvis, vakter #75/#234 (prep.py)",733,1.032,1.071
1337,12.9848,56.58983,Bsp,novdec,"yta<=+5C, timvis, vakter #75/#234 (prep.py)",795,-0.031,0.913
1338,11.97951,57.40758,Bsp,novdec,"yta<=+5C, timvis, vakter #75/#234 (prep.py)",713,0.265,1.189
1339,12.1906,57.38759,Bsp,novdec,"yta<=+5C, timvis, vakter #75/#234 (prep.py)",776,-0.08,1.104
1340,12.24922,57.20089,Bsp,novdec,"yta<=+5C, timvis, vakter #75/#234 (prep.py)",729,0.455,1.116
1341,12.87792,57.27538,Bsp,novdec,"yta<=+5C, timvis, vakter #75/#234 (prep.py)",979,-0.109,1.297
1342,12.90382,56.64022,Bsp,novdec,"yta<=+5C, timvis, vakter #75/#234 (prep.py)",641,0.466,0.978
1401,12.05344,57.55174,Bsp,novdec,"yta<=+5C, timvis, vakter #75/#234 (prep.py)",690,1.464,1.163
1402,11.97834,57.86199,Bsp,novdec,"yta<=+5C, timvis, vakter #75/#234 (prep.py)",831,1.105,1.043
1403,11.84119,57.9791,Bsp,novdec,"yta<=+5C, timvis, vakter #75/#234 (prep.py)",745,0.304,1.519
1404,11.97531,58.15282,Bsp,novdec,"yta<=+5C, timvis, vakter #75/#234 (prep.py)",1055,-0.521,1.057
1406,11.68935,58.1912,Bsp,novdec,"yta<=+5C, timvis, vakter #75/#234 (prep.py)",948,-0.476,1.533
1407,11.78093,58.05927,Bsp,novdec,"yta<=+5C, timvis, vakter #75/#234 (prep.py)",790,0.674,1.269
1413,12.13453,57.74009,Bsp,novdec,"yta<=+5C, timvis, vakter #75/#234 (prep.py)",851,0.188,1.352
1414,12.06925,57.67407,Bsp,novdec,"yta<=+5C, timvis, vakter #75/#234 (prep.py)",708,1.088,1.241
1417,11.89231,57.79282,Bsp,novdec,"yta<=+5C, timvis, vakter #75/#234 (prep.py)",793,-0.414,1.176
1418,12.3929,57.69677,Bsp,novdec,"yta<=+5C, timvis, vakter #75/#234 (prep.py)",971,0.289,1.255
1421,11.99854,57.79973,Bsp,novdec,"yta<=+5C, timvis, vakter #75/#234 (prep.py)",837,0.038,1.148
1422,11.27981,58.41295,Bsp,novdec,"yta<=+5C, timvis, vakter #75/#234 (prep.py)",871,-0.35,1.048
1424,11.48181,58.31182,Bsp,novdec,"yta<=+5C, timvis, vakter #75/#234 (prep.py)",854,0.308,1.054
1425,11.87924,58.11465,Bsp,novdec,"yta<=+5C, timvis, vakter #75/#234 (prep.py)",796,1.276,1.015
1426,11.49825,58.15973,Bsp,novdec,"yta<=+5C, timvis, vakter #75/#234 (prep.py)",986,-1.036,1.246
1427,11.68119,58.01463,Bsp,novdec,"yta<=+5C, timvis, vakter #75/#234 (prep.py)",810,0.629,1.197
1428,11.59826,58.80433,Bsp,novdec,"yta<=+5C, timvis, vakter #75/#234 (prep.py)",1042,-0.292,0.951
1429,11.88375,58.2789,Bsp,novdec,"yta<=+5C, timvis, vakter #75/#234 (prep.py)",895,-0.278,1.696
1430,12.37147,57.6707,Bsp,novdec,"yta<=+5C, timvis, vakter #75/#234 (prep.py)",895,0.432,1.101
1431,11.83904,58.32756,Bsp,novdec,"yta<=+5C, timvis, vakter #75/#234 (prep.py)",860,0.385,1.06
1432,11.56399,58.29175,Bsp,novdec,"yta<=+5C, timvis, vakter #75/#234 (prep.py)",853,1.608,1.305
1433,12.02085,57.65095,Bsp,novdec,"yta<=+5C, timvis, vakter #75/#234 (prep.py)",735,1.392,1.144
1436,11.23927,59.02018,Bsp,novdec,"yta<=+5C, timvis, vakter #75/#234 (prep.py)",979,-0.635,1.011
1437,11.47645,58.5647,Bsp,novdec,"yta<=+5C, timvis, vakter #75/#234 (prep.py)",876,0.91,1.098
1438,12.07677,58.33095,Bsp,novdec,"yta<=+5C, timvis, vakter #75/#234 (prep.py)",969,0.681,1.023
1439,11.25226,59.09292,Bsp,novdec,"yta<=+5C, timvis, vakter #75/#234 (prep.py)",902,0.12,1.627
1440,11.92694,57.69788,Bsp,novdec,"yta<=+5C, timvis, vakter #75/#234 (prep.py)",726,0.211,1.125
1441,11.27528,58.8764,Bsp,novdec,"yta<=+5C, timvis, vakter #75/#234 (prep.py)",892,0.235,1.167
1442,11.94128,57.64602,Bsp,novdec,"yta<=+5C, timvis, vakter #75/#234 (prep.py)",582,0.343,1.1
1443,11.66164,58.45711,Bsp,novdec,"yta<=+5C, timvis, vakter #75/#234 (prep.py)",0,,
1501,13.4718,57.38772,Bsp,novdec,"yta<=+5C, timvis, vakter #75/#234 (prep.py)",1139,0.631,0.639
1502,13.14119,57.60835,Bsp,novdec,"yta<=+5C, timvis, vakter #75/#234 (prep.py)",1089,-0.33,0.919
1503,12.59233,57.50803,Bsp,novdec,"yta<=+5C, timvis, vakter #75/#234 (prep.py)",968,-0.118,0.915
1504,12.47049,57.58524,Bsp,novdec,"yta<=+5C, timvis, vakter #75/#234 (prep.py)",945,0.216,1.42
1506,12.54185,57.66438,Bsp,novdec,"yta<=+5C, timvis, vakter #75/#234 (prep.py)",938,0.127,1.591
1507,12.69623,57.67733,Bsp,novdec,"yta<=+5C, timvis, vakter #75/#234 (prep.py)",1038,-0.214,1.113
1508,12.8853,57.71248,Bsp,novdec,"yta<=+5C, timvis, vakter #75/#234 (prep.py)",870,-0.235,1.021
1509,12.84788,57.757,Bsp,novdec,"yta<=+5C, timvis, vakter #75/#234 (prep.py)",1166,-0.484,0.852
1512,13.50452,57.80146,Bsp,novdec,"yta<=+5C, timvis, vakter #75/#234 (prep.py)",991,1.615,0.79
1513,13.67684,57.77605,Bsp,novdec,"yta<=+5C, timvis, vakter #75/#234 (prep.py)",1169,0.349,0.81
1514,12.19413,57.74217,Bsp,novdec,"yta<=+5C, timvis, vakter #75/#234 (prep.py)",795,1.061,0.953
1515,12.32818,57.88645,Bsp,novdec,"yta<=+5C, timvis, vakter #75/#234 (prep.py)",939,-0.032,1.276
1516,12.45101,57.83962,Bsp,novdec,"yta<=+5C, timvis, vakter #75/#234 (prep.py)",907,1.277,1.071
1520,12.01358,57.82452,Bsp,novdec,"yta<=+5C, timvis, vakter #75/#234 (prep.py)",785,1.357,0.981
1522,12.13222,57.96451,Bsp,novdec,"yta<=+5C, timvis, vakter #75/#234 (prep.py)",805,0.76,1.213
1523,12.15405,58.19976,Bsp,novdec,"yta<=+5C, timvis, vakter #75/#234 (prep.py)",810,1.565,1.313
1524,12.2356,58.23814,Bsp,novdec,"yta<=+5C, timvis, vakter #75/#234 (prep.py)",856,1.274,0.973
1527,12.47896,58.36418,Bsp,novdec,"yta<=+5C, timvis, vakter #75/#234 (prep.py)",1112,-1.296,1.215
1529,12.27987,58.44641,Bsp,novdec,"yta<=+5C, timvis, vakter #75/#234 (prep.py)",1021,0.091,1.058
1530,12.41298,58.60068,Bsp,novdec,"yta<=+5C, timvis, vakter #75/#234 (prep.py)",959,0.791,1.0
1531,12.50682,58.78001,Bsp,novdec,"yta<=+5C, timvis, vakter #75/#234 (prep.py)",975,0.128,0.848
1532,12.67693,59.05306,Bsp,novdec,"yta<=+5C, timvis, vakter #75/#234 (prep.py)",1095,-0.285,0.94
1534,11.99112,58.50847,Bsp,novdec,"yta<=+5C, timvis, vakter #75/#234 (prep.py)",1022,0.475,1.161
1536,11.86621,58.87572,Bsp,novdec,"yta<=+5C, timvis, vakter #75/#234 (prep.py)",1123,-0.456,1.177
1537,12.48993,59.05335,Bsp,novdec,"yta<=+5C, timvis, vakter #75/#234 (prep.py)",1155,-0.369,1.033
1539,12.52558,58.30369,Bsp,novdec,"yta<=+5C, timvis, vakter #75/#234 (prep.py)",985,0.54,1.079
1540,12.84793,57.9411,Bsp,novdec,"yta<=+5C, timvis, vakter #75/#234 (prep.py)",812,-0.042,0.959
1541,12.96634,57.48908,Bsp,novdec,"yta<=+5C, timvis, vakter #75/#234 (prep.py)",954,-0.327,1.156
1542,13.19335,57.94644,Bsp,novdec,"yta<=+5C, timvis, vakter #75/#234 (prep.py)",1106,0.058,1.025
1543,13.02697,57.41912,Bsp,novdec,"yta<=+5C, timvis, vakter #75/#234 (prep.py)",1050,-0.338,0.886
1544,13.51947,57.95454,Bsp,novdec,"yta<=+5C, timvis, vakter #75/#234 (prep.py)",1112,0.799,1.042
1545,13.43095,57.67339,Bsp,novdec,"yta<=+5C, timvis, vakter #75/#234 (prep.py)",1115,0.665,0.796
1546,12.81466,57.37576,Bsp,novdec,"yta<=+5C, timvis, vakter #75/#234 (prep.py)",997,0.125,0.832
1548,12.01967,58.58064,Bsp,novdec,"yta<=+5C, timvis, vakter #75/#234 (prep.py)",1060,-0.462,1.611
1552,12.10703,59.19603,Bsp,novdec,"yta<=+5C, timvis, vakter #75/#234 (prep.py)",948,-0.711,1.078
1553,12.18171,58.7872,Bsp,novdec,"yta<=+5C, timvis, vakter #75/#234 (prep.py)",1061,-0.068,1.077
1554,12.55323,57.90569,Bsp,novdec,"yta<=+5C, timvis, vakter #75/#234 (prep.py)",971,-0.514,1.397
1555,12.74234,57.51286,Bsp,novdec,"yta<=+5C, timvis, vakter #75/#234 (prep.py)",931,0.203,1.185
1556,12.44534,58.13707,Bsp,novdec,"yta<=+5C, timvis, vakter #75/#234 (prep.py)",1028,-0.116,1.121
1558,13.06149,57.74338,Bsp,novdec,"yta<=+5C, timvis, vakter #75/#234 (prep.py)",1078,0.268,0.8
1559,13.34506,57.81732,Bsp,novdec,"yta<=+5C, timvis, vakter #75/#234 (prep.py)",1086,0.508,0.893
1560,12.46181,57.35535,Bsp,novdec,"yta<=+5C, timvis, vakter #75/#234 (prep.py)",843,0.191,1.188
1602,13.07089,58.29612,Bsp,novdec,"yta<=+5C, timvis, vakter #75/#234 (prep.py)",948,0.899,0.935
1603,13.46248,58.40419,Bsp,novdec,"yta<=+5C, timvis, vakter #75/#234 (prep.py)",1050,-0.238,0.842
1604,12.79072,58.31912,Bsp,novdec,"yta<=+5C, timvis, vakter #75/#234 (prep.py)",976,0.349,0.896
1605,12.8908,58.42964,Bsp,novdec,"yta<=+5C, timvis, vakter #75/#234 (prep.py)",1000,-0.099,0.818
1606,13.24527,58.44701,Bsp,novdec,"yta<=+5C, timvis, vakter #75/#234 (prep.py)",982,-0.066,0.945
1607,13.80851,58.55244,Bsp,novdec,"yta<=+5C, timvis, vakter #75/#234 (prep.py)",1020,-0.051,0.886
1608,13.64841,58.60894,Bsp,novdec,"yta<=+5C, timvis, vakter #75/#234 (prep.py)",999,-0.445,1.002
1609,14.09947,58.80486,Bsp,novdec,"yta<=+5C, timvis, vakter #75/#234 (prep.py)",1013,0.515,0.941
1610,14.31777,58.89297,Bsp,novdec,"yta<=+5C, timvis, vakter #75/#234 (prep.py)",1117,-0.309,0.948
1612,14.30406,58.46764,Bsp,novdec,"yta<=+5C, timvis, vakter #75/#234 (prep.py)",1074,0.416,0.803
1614,14.1445,58.01682,Bsp,novdec,"yta<=+5C, timvis, vakter #75/#234 (prep.py)",1079,-0.408,0.93
1615,13.83507,58.03624,Bsp,novdec,"yta<=+5C, timvis, vakter #75/#234 (prep.py)",1124,0.262,1.067
1616,13.78451,58.07955,Bsp,novdec,"yta<=+5C, timvis, vakter #75/#234 (prep.py)",1038,1.01,1.025
1617,13.5819,58.1579,Bsp,novdec,"yta<=+5C, timvis, vakter #75/#234 (prep.py)",1124,0.044,1.006
1618,13.79436,58.29451,Bsp,novdec,"yta<=+5C, timvis, vakter #75/#234 (prep.py)",1132,0.24,0.799
1619,13.46387,58.30824,Bsp,novdec,"yta<=+5C, timvis, vakter #75/#234 (prep.py)",1130,0.105,0.818
1620,13.45325,58.16376,Bsp,novdec,"yta<=+5C, timvis, vakter #75/#234 (prep.py)",1113,0.274,0.848
1622,13.74892,58.38795,Bsp,novdec,"yta<=+5C, timvis, vakter #75/#234 (prep.py)",1137,0.46,0.907
1623,14.12302,58.34589,Bsp,novdec,"yta<=+5C, timvis, vakter #75/#234 (prep.py)",1114,0.241,0.977
1627,13.63035,58.39416,Bsp,novdec,"yta<=+5C, timvis, vakter #75/#234 (prep.py)",1103,0.182,0.918
1628,13.40779,58.51089,Bsp,novdec,"yta<=+5C, timvis, vakter #75/#234 (prep.py)",958,-1.364,2.029
1629,14.01107,58.61324,Bsp,novdec,"yta<=+5C, timvis, vakter #75/#234 (prep.py)",1047,-0.404,1.03
1630,14.09442,58.98836,Bsp,novdec,"yta<=+5C, timvis, vakter #75/#234 (prep.py)",1052,-0.295,0.867
1631,14.33808,58.68268,Bsp,novdec,"yta<=+5C, timvis, vakter #75/#234 (prep.py)",1078,-0.101,0.946
1633,13.11978,58.56907,Bsp,novdec,"yta<=+5C, timvis, vakter #75/#234 (prep.py)",959,0.522,0.714
1634,13.97871,58.06277,Bsp,novdec,"yta<=+5C, timvis, vakter #75/#234 (prep.py)",1167,0.364,0.895
1635,13.84679,58.78122,Bsp,novdec,"yta<=+5C, timvis, vakter #75/#234 (prep.py)",1029,-0.263,1.016
1636,12.86425,58.14418,Bsp,novdec,"yta<=+5C, timvis, vakter #75/#234 (prep.py)",920,0.529,0.938
1701,13.98515,59.37442,Bsp,novdec,"yta<=+5C, timvis, vakter #75/#234 (prep.py)",1027,0.432,1.002
1702,13.26903,59.39096,Bsp,novdec,"yta<=+5C, timvis, vakter #75/#234 (prep.py)",1075,0.016,0.941
1703,12.99542,59.25535,Bsp,novdec,"yta<=+5C, timvis, vakter #75/#234 (prep.py)",1136,-0.337,1.068
1704,12.46399,59.28568,Bsp,novdec,"yta<=+5C, timvis, vakter #75/#234 (prep.py)",1237,-0.659,1.188
1707,13.80741,59.6105,Bsp,novdec,"yta<=+5C, timvis, vakter #75/#234 (prep.py)",1318,-0.61,1.068
1708,13.46294,59.54196,Bsp,novdec,"yta<=+5C, timvis, vakter #75/#234 (prep.py)",1158,-0.533,0.948
1709,12.90176,59.6663,Bsp,novdec,"yta<=+5C, timvis, vakter #75/#234 (prep.py)",1319,-1.682,1.19
1710,13.56298,59.90514,Bsp,novdec,"yta<=+5C, timvis, vakter #75/#234 (prep.py)",1382,-0.157,1.125
1712,14.29202,59.30978,Bsp,novdec,"yta<=+5C, timvis, vakter #75/#234 (prep.py)",1199,-0.188,0.932
1713,14.07169,59.6851,Bsp,novdec,"yta<=+5C, timvis, vakter #75/#234 (prep.py)",1349,-0.48,0.986
1714,14.17572,60.11296,Bsp,novdec,"yta<=+5C, timvis, vakter #75/#234 (prep.py)",1428,-0.519,0.922
1715,13.17176,60.35375,Bsp,novdec,"yta<=+5C, timvis, vakter #75/#234 (prep.py)",1437,1.36,1.363
1716,12.27461,59.91077,Bsp,novdec,"yta<=+5C, timvis, vakter #75/#234 (prep.py)",1361,-0.002,1.052
1717,12.62267,60.02018,Bsp,novdec,"yta<=+5C, timvis, vakter #75/#234 (prep.py)",1434,-0.597,1.232
1719,12.50797,61.02176,Bsp,novdec,"yta<=+5C, timvis, vakter #75/#234 (prep.py)",1459,0.743,1.356
1720,13.25744,60.42345,Bsp,novdec,"yta<=+5C, timvis, vakter #75/#234 (prep.py)",1428,-0.217,1.535
1721,12.77232,60.75702,Bsp,novdec,"yta<=+5C, timvis, vakter #75/#234 (prep.py)",1188,-0.905,1.569
1722,14.18282,59.19912,Bsp,novdec,"yta<=+5C, timvis, vakter #75/#234 (prep.py)",1134,-0.148,0.816
1723,14.19634,59.68604,Bsp,novdec,"yta<=+5C, timvis, vakter #75/#234 (prep.py)",1305,0.351,0.869
1724,13.9089,60.02189,Bsp,novdec,"yta<=+5C, timvis, vakter #75/#234 (prep.py)",1435,-0.406,1.196
1725,13.25258,60.20662,Bsp,novdec,"yta<=+5C, timvis, vakter #75/#234 (prep.py)",1443,0.324,1.32
1726,12.6148,60.3851,Bsp,novdec,"yta<=+5C, timvis, vakter #75/#234 (prep.py)",1455,0.345,1.292
1727,13.0968,59.99261,Bsp,novdec,"yta<=+5C, timvis, vakter #75/#234 (prep.py)",1393,0.214,0.94
1728,12.23626,59.57759,Bsp,novdec,"yta<=+5C, timvis, vakter #75/#234 (prep.py)",1329,-0.902,1.088
1729,13.40264,59.86734,Bsp,novdec,"yta<=+5C, timvis, vakter #75/#234 (prep.py)",1404,1.048,0.983
1730,12.78825,59.40579,Bsp,novdec,"yta<=+5C, timvis, vakter #75/#234 (prep.py)",1262,-1.034,1.018
1731,13.59619,59.39983,Bsp,novdec,"yta<=+5C, timvis, vakter #75/#234 (prep.py)",1095,0.592,1.009
1732,13.39538,60.28845,Bsp,novdec,"yta<=+5C, timvis, vakter #75/#234 (prep.py)",1416,-0.231,1.257
1733,12.17169,59.3878,Bsp,novdec,"yta<=+5C, timvis, vakter #75/#234 (prep.py)",1173,-0.379,1.254
1734,14.23533,59.44107,Bsp,novdec,"yta<=+5C, timvis, vakter #75/#234 (prep.py)",1163,0.558,0.922
1735,13.70538,59.81202,Bsp,novdec,"yta<=+5C, timvis, vakter #75/#234 (prep.py)",1388,0.293,0.888
1736,12.60872,60.20856,Bsp,novdec,"yta<=+5C, timvis, vakter #75/#234 (prep.py)",1440,-0.273,1.14
1737,12.70407,60.65446,Bsp,novdec,"yta<=+5C, timvis, vakter #75/#234 (prep.py)",1457,0.921,1.277
1738,13.13367,59.72571,Bsp,novdec,"yta<=+5C, timvis, vakter #75/#234 (prep.py)",1210,-0.395,0.966
1739,12.55393,59.7097,Bsp,novdec,"yta<=+5C, timvis, vakter #75/#234 (prep.py)",1226,-0.27,1.036
1740,13.01138,60.24733,Bsp,novdec,"yta<=+5C, timvis, vakter #75/#234 (prep.py)",1398,1.062,1.308
1741,14.3313,59.78517,Bsp,novdec,"yta<=+5C, timvis, vakter #75/#234 (prep.py)",1351,-0.898,0.896
1745,11.81582,59.50657,Bsp,novdec,"yta<=+5C, timvis, vakter #75/#234 (prep.py)",1184,-1.003,1.012
1802,14.92733,58.83945,Bsp,novdec,"yta<=+5C, timvis, vakter #75/#234 (prep.py)",1082,0.428,0.817
1803,15.23628,59.13025,Bsp,novdec,"yta<=+5C, timvis, vakter #75/#234 (prep.py)",1149,0.123,1.031
1804,15.48433,59.46093,Bsp,novdec,"yta<=+5C, timvis, vakter #75/#234 (prep.py)",1269,-0.789,0.832
1805,14.39915,59.32109,Bsp,novdec,"yta<=+5C, timvis, vakter #75/#234 (prep.py)",1202,-0.602,1.183
1806,15.01808,59.89607,Bsp,novdec,"yta<=+5C, timvis, vakter #75/#234 (prep.py)",1375,-0.342,1.211
1807,15.41206,59.23004,Bsp,novdec,"yta<=+5C, timvis, vakter #75/#234 (prep.py)",1141,0.048,0.848
1808,15.12504,59.19265,Bsp,novdec,"yta<=+5C, timvis, vakter #75/#234 (prep.py)",981,1.216,0.911
1809,15.0086,59.2435,Bsp,novdec,"yta<=+5C, timvis, vakter #75/#234 (prep.py)",1091,0.285,0.833
1813,14.72963,59.00833,Bsp,novdec,"yta<=+5C, timvis, vakter #75/#234 (prep.py)",1061,1.221,0.974
1814,15.03675,59.01531,Bsp,novdec,"yta<=+5C, timvis, vakter #75/#234 (prep.py)",703,-0.036,0.917
1817,14.46499,59.19336,Bsp,novdec,"yta<=+5C, timvis, vakter #75/#234 (prep.py)",1130,-0.135,0.93
1818,14.81104,59.25935,Bsp,novdec,"yta<=+5C, timvis, vakter #75/#234 (prep.py)",1096,0.892,0.956
1819,15.13371,59.4561,Bsp,novdec,"yta<=+5C, timvis, vakter #75/#234 (prep.py)",1166,0.461,0.794
1820,15.13717,59.64346,Bsp,novdec,"yta<=+5C, timvis, vakter #75/#234 (prep.py)",1243,0.255,0.726
1821,14.46917,58.94775,Bsp,novdec,"yta<=+5C, timvis, vakter #75/#234 (prep.py)",1054,0.361,0.855
1822,14.99338,58.76905,Bsp,novdec,"yta<=+5C, timvis, vakter #75/#234 (prep.py)",1055,-0.083,0.73
1823,15.41173,58.86538,Bsp,novdec,"yta<=+5C, timvis, vakter #75/#234 (prep.py)",1084,-0.159,0.804
1825,15.47218,59.76081,Bsp,novdec,"yta<=+5C, timvis, vakter #75/#234 (prep.py)",1372,-0.174,0.84
1826,14.97861,60.02542,Bsp,novdec,"yta<=+5C, timvis, vakter #75/#234 (prep.py)",1151,0.062,0.945
1827,14.65541,59.81675,Bsp,novdec,"yta<=+5C, timvis, vakter #75/#234 (prep.py)",1332,-0.497,0.998
1828,14.71316,59.42773,Bsp,novdec,"yta<=+5C, timvis, vakter #75/#234 (prep.py)",1202,-0.084,0.81
1829,14.65981,59.60277,Bsp,novdec,"yta<=+5C, timvis, vakter #75/#234 (prep.py)",1323,-0.058,0.78
1830,14.59621,59.31758,Bsp,novdec,"yta<=+5C, timvis, vakter #75/#234 (prep.py)",1130,0.451,0.92
1901,15.98738,59.40687,Bsp,novdec,"yta<=+5C, timvis, vakter #75/#234 (prep.py)",1098,0.069,0.821
1903,16.30543,59.48335,Bsp,novdec,"yta<=+5C, timvis, vakter #75/#234 (prep.py)",1106,0.051,0.853
1904,16.05002,59.55642,Bsp,novdec,"yta<=+5C, timvis, vakter #75/#234 (prep.py)",1067,1.007,0.921
1905,16.19885,59.63191,Bsp,novdec,"yta<=+5C, timvis, vakter #75/#234 (prep.py)",1246,-0.232,0.901
1908,15.77119,59.671,Bsp,novdec,"yta<=+5C, timvis, vakter #75/#234 (prep.py)",1360,0.1,0.866
1909,16.23854,59.71932,Bsp,novdec,"yta<=+5C, timvis, vakter #75/#234 (prep.py)",1238,0.271,0.86
1910,16.56223,59.77214,Bsp,novdec,"yta<=+5C, timvis, vakter #75/#234 (prep.py)",1172,1.173,0.854
1911,15.57859,59.84512,Bsp,novdec,"yta<=+5C, timvis, vakter #75/#234 (prep.py)",1412,-0.912,0.796
1912,15.95162,59.91839,Bsp,novdec,"yta<=+5C, timvis, vakter #75/#234 (prep.py)",1390,-0.655,0.905
1913,16.63289,59.86078,Bsp,novdec,"yta<=+5C, timvis, vakter #75/#234 (prep.py)",1276,-0.087,0.893
1915,15.91547,60.06724,Bsp,novdec,"yta<=+5C, timvis, vakter #75/#234 (prep.py)",1365,0.295,0.91
1916,16.36495,60.02016,Bsp,novdec,"yta<=+5C, timvis, vakter #75/#234 (prep.py)",1326,-0.058,0.796
1917,16.95893,60.24063,Bsp,novdec,"yta<=+5C, timvis, vakter #75/#234 (prep.py)",1397,-1.174,0.877
1918,17.20328,60.14499,Bsp,novdec,"yta<=+5C, timvis, vakter #75/#234 (prep.py)",1401,-0.74,0.952
1921,15.65741,59.38135,Bsp,novdec,"yta<=+5C, timvis, vakter #75/#234 (prep.py)",1067,0.054,0.756
1922,16.82582,59.93722,Bsp,novdec,"yta<=+5C, timvis, vakter #75/#234 (prep.py)",1242,0.185,0.877
1923,16.66186,59.62021,Bsp,novdec,"yta<=+5C, timvis, vakter #75/#234 (prep.py)",1321,-1.425,1.487
1924,16.51121,59.61718,Bsp,novdec,"yta<=+5C, timvis, vakter #75/#234 (prep.py)",1038,1.415,0.938
2001,15.6589,60.38464,Bsp,novdec,"yta<=+5C, timvis, vakter #75/#234 (prep.py)",1397,0.097,1.026
2003,16.35921,60.25084,Bsp,novdec,"yta<=+5C, timvis, vakter #75/#234 (prep.py)",1396,-0.308,0.893
2004,15.97345,60.56871,Bsp,novdec,"yta<=+5C, timvis, vakter #75/#234 (prep.py)",1427,-0.269,0.954
2005,15.56767,60.54666,Bsp,novdec,"yta<=+5C, timvis, vakter #75/#234 (prep.py)",1370,0.168,1.009
2006,15.06947,60.82718,Bsp,novdec,"yta<=+5C, timvis, vakter #75/#234 (prep.py)",1424,-0.17,1.275
2007,14.79805,61.3877,Bsp,novdec,"yta<=+5C, timvis, vakter #75/#234 (prep.py)",1460,-0.124,1.192
2009,13.49569,60.51606,Bsp,novdec,"yta<=+5C, timvis, vakter #75/#234 (prep.py)",1453,0.036,1.155
2010,13.95575,60.50087,Bsp,novdec,"yta<=+5C, timvis, vakter #75/#234 (prep.py)",1430,0.454,0.996
2011,15.12289,60.12292,Bsp,novdec,"yta<=+5C, timvis, vakter #75/#234 (prep.py)",1372,-0.044,0.933
2012,15.3182,60.329,Bsp,novdec,"yta<=+5C, timvis, vakter #75/#234 (prep.py)",1370,-0.258,0.983
2015,13.11398,61.15832,Bsp,novdec,"yta<=+5C, timvis, vakter #75/#234 (prep.py)",1459,1.502,1.152
2016,14.83506,60.92175,Bsp,novdec,"yta<=+5C, timvis, vakter #75/#234 (prep.py)",1422,-0.563,1.369
2020,14.28152,61.10679,Bsp,novdec,"yta<=+5C, timvis, vakter #75/#234 (prep.py)",1444,0.765,1.265
2021,13.47749,61.41966,Bsp,novdec,"yta<=+5C, timvis, vakter #75/#234 (prep.py)",1458,0.039,0.97
2025,15.31488,60.53019,Bsp,novdec,"yta<=+5C, timvis, vakter #75/#234 (prep.py)",1405,0.036,0.951
2026,14.19978,60.32658,Bsp,novdec,"yta<=+5C, timvis, vakter #75/#234 (prep.py)",1430,0.874,1.232
2027,13.43257,60.79871,Bsp,novdec,"yta<=+5C, timvis, vakter #75/#234 (prep.py)",1459,0.561,1.07
2028,13.61997,61.07876,Bsp,novdec,"yta<=+5C, timvis, vakter #75/#234 (prep.py)",1456,-0.65,1.263
2029,14.67408,60.46694,Bsp,novdec,"yta<=+5C, timvis, vakter #75/#234 (prep.py)",1429,0.412,1.36
2030,15.46065,60.71369,Bsp,novdec,"yta<=+5C, timvis, vakter #75/#234 (prep.py)",1428,-0.235,0.91
2031,15.66647,59.99664,Bsp,novdec,"yta<=+5C, timvis, vakter #75/#234 (prep.py)",1369,-0.16,0.833
2032,15.13507,61.16663,Bsp,novdec,"yta<=+5C, timvis, vakter #75/#234 (prep.py)",1456,-0.087,1.156
2033,12.28758,61.84026,Bsp,novdec,"yta<=+5C, timvis, vakter #75/#234 (prep.py)",1460,-0.462,1.38
2035,14.84721,61.49486,Bsp,novdec,"yta<=+5C, timvis, vakter #75/#234 (prep.py)",1454,-0.47,1.055
2036,16.08531,60.84889,Bsp,novdec,"yta<=+5C, timvis, vakter #75/#234 (prep.py)",1458,0.372,1.002
2037,13.073,61.38492,Bsp,novdec,"yta<=+5C, timvis, vakter #75/#234 (prep.py)",1459,0.568,1.181
2039,14.52263,60.1602,Bsp,novdec,"yta<=+5C, timvis, vakter #75/#234 (prep.py)",1445,0.486,1.043
2040,14.57236,61.00965,Bsp,novdec,"yta<=+5C, timvis, vakter #75/#234 (prep.py)",1393,1.312,1.22
2041,14.61004,60.60374,Bsp,novdec,"yta<=+5C, timvis, vakter #75/#234 (prep.py)",0,,
2042,14.33417,60.85978,Bsp,novdec,"yta<=+5C, timvis, vakter #75/#234 (prep.py)",1453,-0.632,1.359
2043,15.25262,60.82338,Bsp,novdec,"yta<=+5C, timvis, vakter #75/#234 (prep.py)",1451,-0.397,0.939
2044,16.02826,60.24094,Bsp,novdec,"yta<=+5C, timvis, vakter #75/#234 (prep.py)",1303,0.191,1.01
2101,16.91662,60.29538,Bsp,novdec,"yta<=+5C, timvis, vakter #75/#234 (prep.py)",1350,0.007,0.869
2102,16.90422,60.6258,Bsp,novdec,"yta<=+5C, timvis, vakter #75/#234 (prep.py)",1354,0.43,0.997
2104,17.09528,61.76464,Bsp,novdec,"yta<=+5C, timvis, vakter #75/#234 (prep.py)",1389,0.091,1.507
2105,16.32031,60.55791,Bsp,novdec,"yta<=+5C, timvis, vakter #75/#234 (prep.py)",1401,0.705,0.989
2106,16.98676,61.0053,Bsp,novdec,"yta<=+5C, timvis, vakter #75/#234 (prep.py)",1295,0.435,0.902
2107,16.77012,61.19249,Bsp,novdec,"yta<=+5C, timvis, vakter #75/#234 (prep.py)",1439,-0.032,1.031
2108,17.03194,61.23234,Bsp,novdec,"yta<=+5C, timvis, vakter #75/#234 (prep.py)",1387,-0.517,1.11
2111,17.05474,61.61682,Bsp,novdec,"yta<=+5C, timvis, vakter #75/#234 (prep.py)",1387,-0.703,1.162
2112,17.07296,61.70624,Bsp,novdec,"yta<=+5C, timvis, vakter #75/#234 (prep.py)",1376,1.472,1.344
2113,17.18516,61.90038,Bsp,novdec,"yta<=+5C, timvis, vakter #75/#234 (prep.py)",1371,0.953,1.095
2114,17.24117,61.97238,Bsp,novdec,"yta<=+5C, timvis, vakter #75/#234 (prep.py)",1342,0.853,1.167
2115,17.27754,62.0778,Bsp,novdec,"yta<=+5C, timvis, vakter #75/#234 (prep.py)",1426,-0.381,1.183
2116,16.78866,61.75801,Bsp,novdec,"yta<=+5C, timvis, vakter #75/#234 (prep.py)",1351,-1.124,1.961
2117,16.17699,61.13231,Bsp,novdec,"yta<=+5C, timvis, vakter #75/#234 (prep.py)",1449,0.563,1.107
2118,16.19347,61.81609,Bsp,novdec,"yta<=+5C, timvis, vakter #75/#234 (prep.py)",1455,-1.174,1.445
2119,15.81385,61.79915,Bsp,novdec,"yta<=+5C, timvis, vakter #75/#234 (prep.py)",1433,-0.59,1.513
2120,16.16065,61.75329,Bsp,novdec,"yta<=+5C, timvis, vakter #75/#234 (prep.py)",1449,0.032,1.344
2121,16.31745,61.57569,Bsp,novdec,"yta<=+5C, timvis, vakter #75/#234 (prep.py)",1451,-0.779,1.444
2122,16.51295,61.3508,Bsp,novdec,"yta<=+5C, timvis, vakter #75/#234 (prep.py)",1439,-0.537,1.115
2123,17.02963,60.89522,Bsp,novdec,"yta<=+5C, timvis, vakter #75/#234 (prep.py)",1341,-0.418,1.036
2125,15.54248,61.33549,Bsp,novdec,"yta<=+5C, timvis, vakter #75/#234 (prep.py)",1452,0.076,1.234
2126,14.73568,61.69752,Bsp,novdec,"yta<=+5C, timvis, vakter #75/#234 (prep.py)",1452,-1.444,1.21
2127,15.2103,61.85417,Bsp,novdec,"yta<=+5C, timvis, vakter #75/#234 (prep.py)",1459,1.37,1.199
2128,15.67114,62.26322,Bsp,novdec,"yta<=+5C, timvis, vakter #75/#234 (prep.py)",1457,-0.237,1.393
2129,16.56565,62.07392,Bsp,novdec,"yta<=+5C, timvis, vakter #75/#234 (prep.py)",1461,0.567,1.271
2130,16.74834,60.76107,Bsp,novdec,"yta<=+5C, timvis, vakter #75/#234 (prep.py)",1416,-0.713,1.113
2131,17.30748,60.50476,Bsp,novdec,"yta<=+5C, timvis, vakter #75/#234 (prep.py)",1115,-0.916,1.05
2132,17.08122,60.74456,Bsp,novdec,"yta<=+5C, timvis, vakter #75/#234 (prep.py)",1344,0.052,1.013
2134,16.02407,61.81902,Bsp,novdec,"yta<=+5C, timvis, vakter #75/#234 (prep.py)",1454,-0.112,1.138
2135,16.53741,60.57883,Bsp,novdec,"yta<=+5C, timvis, vakter #75/#234 (prep.py)",1383,-0.597,1.165
2136,16.03359,61.33787,Bsp,novdec,"yta<=+5C, timvis, vakter #75/#234 (prep.py)",1458,-0.369,1.096
2137,16.98209,61.51511,Bsp,novdec,"yta<=+5C, timvis, vakter #75/#234 (prep.py)",1404,-0.431,0.99
2138,17.09141,60.67351,Bsp,novdec,"yta<=+5C, timvis, vakter #75/#234 (prep.py)",1310,0.183,0.84
2139,15.7963,61.07116,Bsp,novdec,"yta<=+5C, timvis, vakter #75/#234 (prep.py)",1379,0.145,1.199
2140,17.03914,61.68189,Bsp,novdec,"yta<=+5C, timvis, vakter #75/#234 (prep.py)",1394,-0.356,0.97
2141,15.3148,61.98233,Bsp,novdec,"yta<=+5C, timvis, vakter #75/#234 (prep.py)",1455,-0.567,1.179
2201,17.36961,62.19534,Bsp,novdec,"yta<=+5C, timvis, vakter #75/#234 (prep.py)",1401,0.218,0.982
2202,17.34482,62.43064,Bsp,novdec,"yta<=+5C, timvis, vakter #75/#234 (prep.py)",1351,1.226,1.313
2204,17.70954,62.56162,Bsp,novdec,"yta<=+5C, timvis, vakter #75/#234 (prep.py)",1448,-0.928,1.237
2207,18.29064,63.01178,Bsp,novdec,"yta<=+5C, timvis, vakter #75/#234 (prep.py)",1423,0.191,1.079
2208,18.38751,63.11516,Bsp,novdec,"yta<=+5C, timvis, vakter #75/#234 (prep.py)",1457,-0.173,1.007
2210,19.11791,63.34339,Bsp,novdec,"yta<=+5C, timvis, vakter #75/#234 (prep.py)",1219,-3.514,4.353
2212,16.87648,62.37616,Bsp,novdec,"yta<=+5C, timvis, vakter #75/#234 (prep.py)",1445,-0.132,1.337
2213,17.04746,62.36276,Bsp,novdec,"yta<=+5C, timvis, vakter #75/#234 (prep.py)",1448,-0.164,1.21
2214,17.12191,62.55283,Bsp,novdec,"yta<=+5C, timvis, vakter #75/#234 (prep.py)",1456,-1.379,1.331
2216,17.3137,62.47091,Bsp,novdec,"yta<=+5C, timvis, vakter #75/#234 (prep.py)",1409,0.455,1.262
2217,18.43926,63.17608,Bsp,novdec,"yta<=+5C, timvis, vakter #75/#234 (prep.py)",1423,-0.276,1.142
2218,18.67241,63.2954,Bsp,novdec,"yta<=+5C, timvis, vakter #75/#234 (prep.py)",1422,0.355,1.031
2219,17.6701,63.03237,Bsp,novdec,"yta<=+5C, timvis, vakter #75/#234 (prep.py)",1450,-1.463,1.316
2220,16.86308,63.48617,Bsp,novdec,"yta<=+5C, timvis, vakter #75/#234 (prep.py)",1454,-0.936,1.508
2221,17.45301,62.51646,Bsp,novdec,"yta<=+5C, timvis, vakter #75/#234 (prep.py)",1409,-0.49,1.215
2222,16.73914,62.76284,Bsp,novdec,"yta<=+5C, timvis, vakter #75/#234 (prep.py)",1457,-0.545,1.388
2223,17.97234,63.27099,Bsp,novdec,"yta<=+5C, timvis, vakter #75/#234 (prep.py)",1453,0.58,1.156
2224,17.21393,63.88879,Bsp,novdec,"yta<=+5C, timvis, vakter #75/#234 (prep.py)",1455,0.183,1.187
2225,15.48949,62.48681,Bsp,novdec,"yta<=+5C, timvis, vakter #75/#234 (prep.py)",1458,0.584,1.236
2226,15.85131,62.55525,Bsp,novdec,"yta<=+5C, timvis, vakter #75/#234 (prep.py)",1444,-1.019,1.746
2227,17.0136,63.11954,Bsp,novdec,"yta<=+5C, timvis, vakter #75/#234 (prep.py)",1455,-1.131,1.377
2228,17.23215,62.9353,Bsp,novdec,"yta<=+5C, timvis, vakter #75/#234 (prep.py)",1112,-1.064,1.214
2229,17.68126,63.77018,Bsp,novdec,"yta<=+5C, timvis, vakter #75/#234 (prep.py)",1459,0.063,0.856
2230,16.17365,63.59451,Bsp,novdec,"yta<=+5C, timvis, vakter #75/#234 (prep.py)",1449,0.465,1.135
2231,16.7094,63.28752,Bsp,novdec,"yta<=+5C, timvis, vakter #75/#234 (prep.py)",1438,-1.549,1.31
2233,17.69184,63.15141,Bsp,novdec,"yta<=+5C, timvis, vakter #75/#234 (prep.py)",1456,-1.134,1.421
2234,19.01686,63.59045,Bsp,novdec,"yta<=+5C, timvis, vakter #75/#234 (prep.py)",1455,-0.255,1.476
2235,17.93824,62.79775,Bsp,novdec,"yta<=+5C, timvis, vakter #75/#234 (prep.py)",1032,0.003,1.651
2237,17.84698,62.68591,Bsp,novdec,"yta<=+5C, timvis, vakter #75/#234 (prep.py)",1242,-0.009,1.44
2238,18.0975,62.9271,Bsp,novdec,"yta<=+5C, timvis, vakter #75/#234 (prep.py)",1407,0.623,1.682
2239,18.2542,63.41774,Bsp,novdec,"yta<=+5C, timvis, vakter #75/#234 (prep.py)",1456,-1.131,1.286
2240,19.05551,63.32863,Bsp,novdec,"yta<=+5C, timvis, vakter #75/#234 (prep.py)",1425,-0.669,1.022
2241,16.36673,62.4734,Bsp,novdec,"yta<=+5C, timvis, vakter #75/#234 (prep.py)",1449,-0.991,1.413
2242,18.44596,62.87643,Bsp,novdec,"yta<=+5C, timvis, vakter #75/#234 (prep.py)",1361,0.196,1.311
2243,16.87831,63.44002,Bsp,novdec,"yta<=+5C, timvis, vakter #75/#234 (prep.py)",1455,-0.915,1.603
2244,17.34096,62.38865,Bsp,novdec,"yta<=+5C, timvis, vakter #75/#234 (prep.py)",0,,
2245,17.34481,62.27648,Bsp,novdec,"yta<=+5C, timvis, vakter #75/#234 (prep.py)",1342,2.208,1.312
2246,14.99271,62.42945,Bsp,novdec,"yta<=+5C, timvis, vakter #75/#234 (prep.py)",1460,-0.038,1.265
2251,17.51769,63.09903,Bsp,novdec,"yta<=+5C, timvis, vakter #75/#234 (prep.py)",1453,0.352,1.274
2312,12.38533,63.26783,Bsp,novdec,"yta<=+5C, timvis, vakter #75/#234 (prep.py)",1435,0.852,1.354
2313,12.7017,63.36647,Bsp,novdec,"yta<=+5C, timvis, vakter #75/#234 (prep.py)",1453,0.412,1.231
2316,12.23492,62.57038,Bsp,novdec,"yta<=+5C, timvis, vakter #75/#234 (prep.py)",1461,0.303,1.117
2317,13.87663,63.30547,Bsp,novdec,"yta<=+5C, timvis, vakter #75/#234 (prep.py)",1410,-0.68,1.114
2318,15.00113,63.61424,Bsp,novdec,"yta<=+5C, timvis, vakter #75/#234 (prep.py)",1451,-0.111,1.255
2319,15.58156,62.68552,Bsp,novdec,"yta<=+5C, timvis, vakter #75/#234 (prep.py)",1398,-0.156,1.118
2320,15.99327,63.14861,Bsp,novdec,"yta<=+5C, timvis, vakter #75/#234 (prep.py)",1403,0.175,1.106
2321,12.7276,62.72792,Bsp,novdec,"yta<=+5C, timvis, vakter #75/#234 (prep.py)",0,,
2322,12.93904,62.17469,Bsp,novdec,"yta<=+5C, timvis, vakter #75/#234 (prep.py)",1459,-0.745,1.393
2323,14.44999,62.51325,Bsp,novdec,"yta<=+5C, timvis, vakter #75/#234 (prep.py)",1457,-0.067,1.253
2324,15.49267,63.74515,Bsp,novdec,"yta<=+5C, timvis, vakter #75/#234 (prep.py)",1457,-0.82,1.243
2325,14.93756,63.01819,Bsp,novdec,"yta<=+5C, timvis, vakter #75/#234 (prep.py)",1449,0.249,1.124
2327,14.85313,63.26642,Bsp,novdec,"yta<=+5C, timvis, vakter #75/#234 (prep.py)",1441,0.015,1.353
2328,14.57243,62.98301,Bsp,novdec,"yta<=+5C, timvis, vakter #75/#234 (prep.py)",1288,-0.477,1.368
2329,14.38937,62.68376,Bsp,novdec,"yta<=+5C, timvis, vakter #75/#234 (prep.py)",1457,-0.598,1.274
2331,14.95222,61.99926,Bsp,novdec,"yta<=+5C, timvis, vakter #75/#234 (prep.py)",1461,0.005,0.849
2332,14.03971,64.77191,Bsp,novdec,"yta<=+5C, timvis, vakter #75/#234 (prep.py)",1458,-0.332,1.346
2333,14.66694,64.36281,Bsp,novdec,"yta<=+5C, timvis, vakter #75/#234 (prep.py)",1329,1.523,1.164
2334,16.73011,63.04099,Bsp,novdec,"yta<=+5C, timvis, vakter #75/#234 (prep.py)",1446,0.039,1.09
2335,13.87308,62.1957,Bsp,novdec,"yta<=+5C, timvis, vakter #75/#234 (prep.py)",1463,0.397,1.081
2336,14.1453,64.0654,Bsp,novdec,"yta<=+5C, timvis, vakter #75/#234 (prep.py)",1397,0.87,1.171
2338,13.16064,63.37374,Bsp,novdec,"yta<=+5C, timvis, vakter #75/#234 (prep.py)",1435,0.584,1.142
2339,16.27726,64.16534,Bsp,novdec,"yta<=+5C, timvis, vakter #75/#234 (prep.py)",1457,0.807,1.075
2341,14.07164,62.47962,Bsp,novdec,"yta<=+5C, timvis, vakter #75/#234 (prep.py)",1456,0.788,1.391
2342,15.16571,63.19345,Bsp,novdec,"yta<=+5C, timvis, vakter #75/#234 (prep.py)",1444,-0.385,1.176
2343,13.21465,63.26193,Bsp,novdec,"yta<=+5C, timvis, vakter #75/#234 (prep.py)",1463,1.152,1.708
2345,12.4024,63.52372,Bsp,novdec,"yta<=+5C, timvis, vakter #75/#234 (prep.py)",1435,1.103,1.333
2346,15.1236,63.43446,Bsp,novdec,"yta<=+5C, timvis, vakter #75/#234 (prep.py)",1455,-0.242,1.246
2347,12.954,62.40071,Bsp,novdec,"yta<=+5C, timvis, vakter #75/#234 (prep.py)",1457,-0.703,1.308
2348,14.81715,62.25957,Bsp,novdec,"yta<=+5C, timvis, vakter #75/#234 (prep.py)",1458,-1.697,1.352
2349,15.67918,62.92543,Bsp,novdec,"yta<=+5C, timvis, vakter #75/#234 (prep.py)",1448,-0.077,1.124
2350,14.72438,63.16598,Bsp,novdec,"yta<=+5C, timvis, vakter #75/#234 (prep.py)",1390,0.479,1.026
2351,15.8574,63.97011,Bsp,novdec,"yta<=+5C, timvis, vakter #75/#234 (prep.py)",1445,0.166,1.219
2352,14.293,63.0761,Bsp,novdec,"yta<=+5C, timvis, vakter #75/#234 (prep.py)",1435,0.467,1.126
2353,13.02034,63.56908,Bsp,novdec,"yta<=+5C, timvis, vakter #75/#234 (prep.py)",1385,-0.021,1.161
2354,13.85875,63.66569,Bsp,novdec,"yta<=+5C, timvis, vakter #75/#234 (prep.py)",1436,-0.481,1.3
2355,13.78964,63.09901,Bsp,novdec,"yta<=+5C, timvis, vakter #75/#234 (prep.py)",1458,1.678,1.217
2356,16.40409,63.8461,Bsp,novdec,"yta<=+5C, timvis, vakter #75/#234 (prep.py)",1441,-0.064,1.422
2358,12.08744,63.3178,Bsp,novdec,"yta<=+5C, timvis, vakter #75/#234 (prep.py)",1458,1.234,1.109
2359,16.66254,63.01157,Bsp,novdec,"yta<=+5C, timvis, vakter #75/#234 (prep.py)",1303,0.018,2.017
2401,20.98781,64.8453,Bsp,novdec,"yta<=+5C, timvis, vakter #75/#234 (prep.py)",1436,0.372,1.781
2402,21.27981,64.43595,Bsp,novdec,"yta<=+5C, timvis, vakter #75/#234 (prep.py)",1458,-0.362,1.321
2404,20.03746,63.99501,Bsp,novdec,"yta<=+5C, timvis, vakter #75/#234 (prep.py)",1451,1.035,1.231
2405,18.16868,64.75711,Bsp,novdec,"yta<=+5C, timvis, vakter #75/#234 (prep.py)",1451,-0.908,1.409
2406,15.09514,66.01046,Bsp,novdec,"yta<=+5C, timvis, vakter #75/#234 (prep.py)",1439,0.148,1.26
2407,20.37368,64.89635,Bsp,novdec,"yta<=+5C, timvis, vakter #75/#234 (prep.py)",1454,0.067,1.276
2408,20.67919,64.80764,Bsp,novdec,"yta<=+5C, timvis, vakter #75/#234 (prep.py)",1266,0.282,1.03
2409,21.05257,64.27449,Bsp,novdec,"yta<=+5C, timvis, vakter #75/#234 (prep.py)",1276,-2.3,1.227
2410,20.70839,63.96865,Bsp,novdec,"yta<=+5C, timvis, vakter #75/#234 (prep.py)",1399,-0.198,1.41
2411,19.89699,63.90224,Bsp,novdec,"yta<=+5C, timvis, vakter #75/#234 (prep.py)",1448,-0.703,0.994
2412,19.67621,64.04967,Bsp,novdec,"yta<=+5C, timvis, vakter #75/#234 (prep.py)",1252,-0.736,1.313
2413,18.06065,64.425,Bsp,novdec,"yta<=+5C, timvis, vakter #75/#234 (prep.py)",1457,0.438,1.109
2414,17.40331,64.73432,Bsp,novdec,"yta<=+5C, timvis, vakter #75/#234 (prep.py)",1457,0.22,1.125
2415,19.44012,63.57175,Bsp,novdec,"yta<=+5C, timvis, vakter #75/#234 (prep.py)",1436,-0.95,1.365
2416,20.06001,63.71248,Bsp,novdec,"yta<=+5C, timvis, vakter #75/#234 (prep.py)",1459,-0.222,1.264
2418,20.68828,64.49138,Bsp,novdec,"yta<=+5C, timvis, vakter #75/#234 (prep.py)",1454,-0.464,1.249
2419,20.27178,64.88797,Bsp,novdec,"yta<=+5C, timvis, vakter #75/#234 (prep.py)",1458,-0.192,1.003
2420,19.74408,64.9725,Bsp,novdec,"yta<=+5C, timvis, vakter #75/#234 (prep.py)",1449,-0.695,1.131
2422,16.9911,64.87458,Bsp,novdec,"yta<=+5C, timvis, vakter #75/#234 (prep.py)",1457,-0.4,1.05
2423,18.37734,64.07201,Bsp,novdec,"yta<=+5C, timvis, vakter #75/#234 (prep.py)",1452,-0.002,1.13
2424,16.79644,64.43596,Bsp,novdec,"yta<=+5C, timvis, vakter #75/#234 (prep.py)",1461,-0.775,1.116
2425,19.23951,64.68265,Bsp,novdec,"yta<=+5C, timvis, vakter #75/#234 (prep.py)",1455,-0.469,1.162
2426,20.22874,64.26622,Bsp,novdec,"yta<=+5C, timvis, vakter #75/#234 (prep.py)",1451,-0.183,1.113
2427,15.90064,65.48067,Bsp,novdec,"yta<=+5C, timvis, vakter #75/#234 (prep.py)",1431,-0.674,1.205
2428,19.05483,65.05477,Bsp,novdec,"yta<=+5C, timvis, vakter #75/#234 (prep.py)",1457,0.834,0.999
2429,16.21224,65.95607,Bsp,novdec,"yta<=+5C, timvis, vakter #75/#234 (prep.py)",1442,-1.997,1.939
2430,17.1039,65.52031,Bsp,novdec,"yta<=+5C, timvis, vakter #75/#234 (prep.py)",1451,-0.446,1.158
2431,14.81495,65.42227,Bsp,novdec,"yta<=+5C, timvis, vakter #75/#234 (prep.py)",1460,1.321,2.279
2432,19.70408,65.24462,Bsp,novdec,"yta<=+5C, timvis, vakter #75/#234 (prep.py)",1460,-1.303,1.12
2433,15.37878,64.96776,Bsp,novdec,"yta<=+5C, timvis, vakter #75/#234 (prep.py)",1454,-0.487,1.426
2434,19.03595,64.40163,Bsp,novdec,"yta<=+5C, timvis, vakter #75/#234 (prep.py)",1452,-1.876,1.281
2435,18.11518,65.24643,Bsp,novdec,"yta<=+5C, timvis, vakter #75/#234 (prep.py)",1463,-0.964,1.529
2436,16.56652,65.3552,Bsp,novdec,"yta<=+5C, timvis, vakter #75/#234 (prep.py)",1449,-0.575,1.369
2437,19.96772,64.61368,Bsp,novdec,"yta<=+5C, timvis, vakter #75/#234 (prep.py)",1461,0.965,2.016
2438,18.7966,64.82426,Bsp,novdec,"yta<=+5C, timvis, vakter #75/#234 (prep.py)",1455,0.624,1.632
2439,15.19118,64.82152,Bsp,novdec,"yta<=+5C, timvis, vakter #75/#234 (prep.py)",1423,-1.249,1.303
2440,20.35683,63.712,Bsp,novdec,"yta<=+5C, timvis, vakter #75/#234 (prep.py)",1455,0.07,1.754
2441,20.6659,65.13633,Bsp,novdec,"yta<=+5C, timvis, vakter #75/#234 (prep.py)",0,,
2442,19.31765,63.93495,Bsp,novdec,"yta<=+5C, timvis, vakter #75/#234 (prep.py)",1459,0.344,1.136
2443,19.59428,64.31308,Bsp,novdec,"yta<=+5C, timvis, vakter #75/#234 (prep.py)",1451,0.655,1.937
2444,21.13018,64.65151,Bsp,novdec,"yta<=+5C, timvis, vakter #75/#234 (prep.py)",1443,-0.651,1.013
2445,17.64195,65.02058,Bsp,novdec,"yta<=+5C, timvis, vakter #75/#234 (prep.py)",1452,-0.96,1.35
2446,18.45865,65.4361,Bsp,novdec,"yta<=+5C, timvis, vakter #75/#234 (prep.py)",1452,-0.881,1.346
2447,17.49861,64.19857,Bsp,novdec,"yta<=+5C, timvis, vakter #75/#234 (prep.py)",1449,-0.425,1.318
2448,18.84674,64.20992,Bsp,novdec,"yta<=+5C, timvis, vakter #75/#234 (prep.py)",1456,-0.301,1.189
2449,19.30894,63.77245,Bsp,novdec,"yta<=+5C, timvis, vakter #75/#234 (prep.py)",1305,-0.747,1.22
2450,21.25805,64.5074,Bsp,novdec,"yta<=+5C, timvis, vakter #75/#234 (prep.py)",1215,-0.584,0.997
2451,20.45339,63.87147,Bsp,novdec,"yta<=+5C, timvis, vakter #75/#234 (prep.py)",1450,-0.022,1.246
2452,15.88401,64.54342,Bsp,novdec,"yta<=+5C, timvis, vakter #75/#234 (prep.py)",1458,0.603,2.03
2453,14.80457,66.11838,Bsp,novdec,"yta<=+5C, timvis, vakter #75/#234 (prep.py)",1452,0.629,1.14
2454,17.63416,65.20836,Bsp,novdec,"yta<=+5C, timvis, vakter #75/#234 (prep.py)",1456,-0.252,1.132
2455,19.9229,64.43465,Bsp,novdec,"yta<=+5C, timvis, vakter #75/#234 (prep.py)",0,,
2456,17.876,64.64089,Bsp,novdec,"yta<=+5C, timvis, vakter #75/#234 (prep.py)",1455,-0.61,0.837
2457,19.82462,63.61553,Bsp,novdec,"yta<=+5C, timvis, vakter #75/#234 (prep.py)",1449,-0.554,1.016
2501,23.9912,65.80951,Bsp,novdec,"yta<=+5C, timvis, vakter #75/#234 (prep.py)",1452,-0.594,1.149
2502,23.43694,65.83687,Bsp,novdec,"yta<=+5C, timvis, vakter #75/#234 (prep.py)",1462,-0.251,1.337
2503,22.96527,65.88341,Bsp,novdec,"yta<=+5C, timvis, vakter #75/#234 (prep.py)",1449,-1.382,1.238
2504,22.6116,65.90197,Bsp,novdec,"yta<=+5C, timvis, vakter #75/#234 (prep.py)",1454,-2.093,1.436
2505,22.31332,65.84931,Bsp,novdec,"yta<=+5C, timvis, vakter #75/#234 (prep.py)",1451,-1.115,1.578
2506,21.83118,65.69458,Bsp,novdec,"yta<=+5C, timvis, vakter #75/#234 (prep.py)",1450,-0.959,1.436
2507,21.77514,65.51313,Bsp,novdec,"yta<=+5C, timvis, vakter #75/#234 (prep.py)",1453,-0.024,1.21
2508,21.49879,65.17207,Bsp,novdec,"yta<=+5C, timvis, vakter #75/#234 (prep.py)",1447,-1.011,1.008
2509,21.76374,65.7576,Bsp,novdec,"yta<=+5C, timvis, vakter #75/#234 (prep.py)",1450,-0.469,1.595
2510,21.45077,65.39206,Bsp,novdec,"yta<=+5C, timvis, vakter #75/#234 (prep.py)",1448,-0.077,1.697
2512,19.67458,66.50505,Bsp,novdec,"yta<=+5C, timvis, vakter #75/#234 (prep.py)",1450,0.256,1.539
2513,21.75469,68.044,Bsp,novdec,"yta<=+5C, timvis, vakter #75/#234 (prep.py)",1455,-0.775,1.394
2514,18.53652,66.33968,Bsp,novdec,"yta<=+5C, timvis, vakter #75/#234 (prep.py)",0,,
2515,17.54373,65.85957,Bsp,novdec,"yta<=+5C, timvis, vakter #75/#234 (prep.py)",0,,
2516,16.41673,66.48595,Bsp,novdec,"yta<=+5C, timvis, vakter #75/#234 (prep.py)",1446,-0.758,1.445
2517,18.57499,68.4342,Bsp,novdec,"yta<=+5C, timvis, vakter #75/#234 (prep.py)",1443,-0.597,1.208
2518,18.26902,68.42948,Bsp,novdec,"yta<=+5C, timvis, vakter #75/#234 (prep.py)",1444,0.111,1.279
2519,18.11643,68.43262,Bsp,novdec,"yta<=+5C, timvis, vakter #75/#234 (prep.py)",571,-0.093,1.311
2520,19.78166,68.14824,Bsp,novdec,"yta<=+5C, timvis, vakter #75/#234 (prep.py)",1449,-0.089,1.497
2521,21.87487,66.76504,Bsp,novdec,"yta<=+5C, timvis, vakter #75/#234 (prep.py)",1442,-1.017,1.338
2522,18.44375,65.58448,Bsp,novdec,"yta<=+5C, timvis, vakter #75/#234 (prep.py)",1454,-0.546,1.031
2523,23.87031,66.75348,Bsp,novdec,"yta<=+5C, timvis, vakter #75/#234 (prep.py)",1446,1.005,1.314
2525,23.70938,66.19995,Bsp,novdec,"yta<=+5C, timvis, vakter #75/#234 (prep.py)",1448,-0.129,1.269
2526,23.24254,67.7733,Bsp,novdec,"yta<=+5C, timvis, vakter #75/#234 (prep.py)",1460,0.055,1.412
2528,19.82094,66.96028,Bsp,novdec,"yta<=+5C, timvis, vakter #75/#234 (prep.py)",1455,1.514,1.727
2529,20.72594,66.36436,Bsp,novdec,"yta<=+5C, timvis, vakter #75/#234 (prep.py)",1453,-2.575,1.665
2530,20.73824,65.32655,Bsp,novdec,"yta<=+5C, timvis, vakter #75/#234 (prep.py)",1453,-1.283,1.108
2531,22.14802,66.19946,Bsp,novdec,"yta<=+5C, timvis, vakter #75/#234 (prep.py)",0,,
2532,22.63156,67.15809,Bsp,novdec,"yta<=+5C, timvis, vakter #75/#234 (prep.py)",1452,-1.046,1.217
2533,19.02747,67.86012,Bsp,novdec,"yta<=+5C, timvis, vakter #75/#234 (prep.py)",1433,0.873,1.967
2534,18.36681,67.4741,Bsp,novdec,"yta<=+5C, timvis, vakter #75/#234 (prep.py)",1431,2.375,1.792
2535,17.72085,66.95166,Bsp,novdec,"yta<=+5C, timvis, vakter #75/#234 (prep.py)",1448,-0.324,1.287
2536,19.31239,65.70871,Bsp,novdec,"yta<=+5C, timvis, vakter #75/#234 (prep.py)",1453,-1.288,0.995
2539,21.3548,65.63538,Bsp,novdec,"yta<=+5C, timvis, vakter #75/#234 (prep.py)",1452,-0.742,0.986
2540,22.89922,66.68881,Bsp,novdec,"yta<=+5C, timvis, vakter #75/#234 (prep.py)",1460,-0.261,1.207
2541,22.0513,67.45409,Bsp,novdec,"yta<=+5C, timvis, vakter #75/#234 (prep.py)",1455,0.347,1.236
2542,22.80753,66.16889,Bsp,novdec,"yta<=+5C, timvis, vakter #75/#234 (prep.py)",1446,-0.23,1.507
2543,19.98354,66.15222,Bsp,novdec,"yta<=+5C, timvis, vakter #75/#234 (prep.py)",1456,0.136,1.217
2544,19.95864,65.67301,Bsp,novdec,"yta<=+5C, timvis, vakter #75/#234 (prep.py)",1453,-0.03,1.166
2545,21.02237,66.76056,Bsp,novdec,"yta<=+5C, timvis, vakter #75/#234 (prep.py)",1449,-1.469,1.608
2546,22.5191,68.43015,Bsp,novdec,"yta<=+5C, timvis, vakter #75/#234 (prep.py)",1454,-0.046,1.428
2547,21.29114,65.93131,Bsp,novdec,"yta<=+5C, timvis, vakter #75/#234 (prep.py)",1449,-1.803,1.234
2548,17.09409,66.32424,Bsp,novdec,"yta<=+5C, timvis, vakter #75/#234 (prep.py)",1453,-0.595,1.197
2549,15.88305,66.75991,Bsp,novdec,"yta<=+5C, timvis, vakter #75/#234 (prep.py)",1458,-1.668,1.754
2550,21.04867,67.27606,Bsp,novdec,"yta<=+5C, timvis, vakter #75/#234 (prep.py)",1459,-0.387,1.058
2551,16.0113,66.73128,Bsp,novdec,"yta<=+5C, timvis, vakter #75/#234 (prep.py)",1450,-0.701,1.534
2552,20.67108,65.7858,Bsp,novdec,"yta<=+5C, timvis, vakter #75/#234 (prep.py)",1450,-2.074,1.137
2553,21.98351,66.01574,Bsp,novdec,"yta<=+5C, timvis, vakter #75/#234 (prep.py)",1445,-0.163,1.851
2554,18.36792,65.89413,Bsp,novdec,"yta<=+5C, timvis, vakter #75/#234 (prep.py)",1458,-1.411,1.166
2555,23.48217,67.44146,Bsp,novdec,"yta<=+5C, timvis, vakter #75/#234 (prep.py)",1449,-0.121,1.281
2556,21.19325,67.05215,Bsp,novdec,"yta<=+5C, timvis, vakter #75/#234 (prep.py)",1458,-1.265,1.542
2557,22.48294,66.48496,Bsp,novdec,"yta<=+5C, timvis, vakter #75/#234 (prep.py)",1446,-1.536,1.466
2558,23.6244,66.39659,Bsp,novdec,"yta<=+5C, timvis, vakter #75/#234 (prep.py)",1441,-0.143,1.498
2559,23.50581,66.02773,Bsp,novdec,"yta<=+5C, timvis, vakter #75/#234 (prep.py)",1457,-1.152,1.359
2560,21.10576,67.61179,Bsp,novdec,"yta<=+5C, timvis, vakter #75/#234 (prep.py)",1442,-0.356,1.052
2561,21.67568,67.66733,Bsp,novdec,"yta<=+5C, timvis, vakter #75/#234 (prep.py)",1437,-1.803,1.748
2566,23.31109,68.12011,Bsp,novdec,"yta<=+5C, timvis, vakter #75/#234 (prep.py)",1453,-0.876,2.005
2567,21.87581,67.01018,Bsp,novdec,"yta<=+5C, timvis, vakter #75/#234 (prep.py)",1457,-0.448,1.45
2568,22.683,66.76414,Bsp,novdec,"yta<=+5C, timvis, vakter #75/#234 (prep.py)",1449,0.652,1.508
2569,22.40316,67.424,Bsp,novdec,"yta<=+5C, timvis, vakter #75/#234 (prep.py)",1454,0.943,1.886
2575,23.80691,65.74642,Bsp,novdec,"yta<=+5C, timvis, vakter #75/#234 (prep.py)",1455,-0.798,1.299
7101,12.72302,56.02482,Bsp,novdec,"yta<=+5C, timvis, vakter #75/#234 (prep.py)",0,,
7102,13.01448,55.61158,Bsp,novdec,"yta<=+5C, timvis, vakter #75/#234 (prep.py)",0,,
7103,13.15882,55.36937,Bsp,novdec,"yta<=+5C, timvis, vakter #75/#234 (prep.py)",0,,
7301,14.17775,57.76393,Bsp,novdec,"yta<=+5C, timvis, vakter #75/#234 (prep.py)",0,,
7501,17.14719,60.68384,Bsp,novdec,"yta<=+5C, timvis, vakter #75/#234 (prep.py)",0,,
7502,15.41958,60.47459,Bsp,novdec,"yta<=+5C, timvis, vakter #75/#234 (prep.py)",0,,
7503,16.50864,59.5959,Bsp,novdec,"yta<=+5C, timvis, vakter #75/#234 (prep.py)",0,,
7504,15.05991,59.06042,Bsp,novdec,"yta<=+5C, timvis, vakter #75/#234 (prep.py)",0,,
7601,15.64424,62.52549,Bsp,novdec,"yta<=+5C, timvis, vakter #75/#234 (prep.py)",0,,
