{"type":"FeatureCollection","generated_at":"2026-09-04T05:12:21.405Z","source":"OpenStreetMap (ODbL)","features":[{"type":"Feature","geometry":{"type":"Point","coordinates":[13.1454826,58.491731]},"properties":{"id":"3992923","road":"44","name":"Ågårdsbron","highway":"primary"}},{"type":"Feature","geometry":{"type":"Point","coordinates":[12.2981904,58.3347469]},"properties":{"id":"4007793","road":"E 45","name":null,"highway":"trunk"}},{"type":"Feature","geometry":{"type":"Point","coordinates":[12.6282081,58.3427338]},"properties":{"id":"4007817","road":"44","name":null,"highway":"primary"}},{"type":"Feature","geometry":{"type":"Point","coordinates":[11.8194453,58.3510683]},"properties":{"id":"4010205","road":"44","name":null,"highway":"primary"}},{"type":"Feature","geometry":{"type":"Point","coordinates":[13.4982652,58.1577372]},"properties":{"id":"4025557","road":"47","name":null,"highway":"primary"}},{"type":"Feature","geometry":{"type":"Point","coordinates":[11.8844102,58.0610992]},"properties":{"id":"4038626","road":"E 6","name":null,"highway":"motorway"}},{"type":"Feature","geometry":{"type":"Point","coordinates":[11.9998515,57.6897949]},"properties":{"id":"4040629","road":"40","name":null,"highway":"motorway"}},{"type":"Feature","geometry":{"type":"Point","coordinates":[13.8736353,58.3941845]},"properties":{"id":"4137176","road":"26","name":"Östra leden","highway":"trunk"}},{"type":"Feature","geometry":{"type":"Point","coordinates":[18.0418505,59.3830607]},"properties":{"id":"4215436","road":"E 18","name":null,"highway":"trunk"}},{"type":"Feature","geometry":{"type":"Point","coordinates":[18.0410329,59.3821119]},"properties":{"id":"4215438","road":"E 18.20","name":"Roslagsvägen","highway":"primary"}},{"type":"Feature","geometry":{"type":"Point","coordinates":[14.0719023,57.1652285]},"properties":{"id":"4256375","road":"E 4","name":null,"highway":"motorway"}},{"type":"Feature","geometry":{"type":"Point","coordinates":[12.9386055,57.7267509]},"properties":{"id":"4265633","road":"42","name":"Kungsgatan","highway":"primary"}},{"type":"Feature","geometry":{"type":"Point","coordinates":[12.2611756,58.3385431]},"properties":{"id":"4270277","road":"44","name":null,"highway":"trunk"}},{"type":"Feature","geometry":{"type":"Point","coordinates":[12.2644999,58.3385117]},"properties":{"id":"4270279","road":"44","name":null,"highway":"trunk"}},{"type":"Feature","geometry":{"type":"Point","coordinates":[12.2647276,58.3392064]},"properties":{"id":"4270280","road":"E 45","name":null,"highway":"trunk"}},{"type":"Feature","geometry":{"type":"Point","coordinates":[12.2701787,58.4708561]},"properties":{"id":"4276983","road":"E 45","name":null,"highway":"trunk"}},{"type":"Feature","geometry":{"type":"Point","coordinates":[16.9846114,58.7573129]},"properties":{"id":"4296896","road":"E 4","name":null,"highway":"motorway"}},{"type":"Feature","geometry":{"type":"Point","coordinates":[11.9015601,57.6911561]},"properties":{"id":"4303422","road":"E 6.20","name":"Västerleden","highway":"trunk"}},{"type":"Feature","geometry":{"type":"Point","coordinates":[12.2616603,58.3463798]},"properties":{"id":"4303600","road":"E 45","name":null,"highway":"trunk"}},{"type":"Feature","geometry":{"type":"Point","coordinates":[12.2598905,58.3513483]},"properties":{"id":"4303602","road":"E 45","name":null,"highway":"trunk"}},{"type":"Feature","geometry":{"type":"Point","coordinates":[17.8254088,59.7344042]},"properties":{"id":"4320071","road":"E 4","name":null,"highway":"motorway"}},{"type":"Feature","geometry":{"type":"Point","coordinates":[11.9047413,57.6851508]},"properties":{"id":"4330874","road":"E 6.20","name":"Västerleden","highway":"trunk"}},{"type":"Feature","geometry":{"type":"Point","coordinates":[13.9946569,56.9390143]},"properties":{"id":"4332832","road":"E 4","name":null,"highway":"motorway"}},{"type":"Feature","geometry":{"type":"Point","coordinates":[16.1122698,58.5803242]},"properties":{"id":"4339849","road":"E 22","name":null,"highway":"motorway"}},{"type":"Feature","geometry":{"type":"Point","coordinates":[13.4372893,58.3761195]},"properties":{"id":"4343957","road":"E 20","name":null,"highway":"trunk"}},{"type":"Feature","geometry":{"type":"Point","coordinates":[13.4603415,58.3844211]},"properties":{"id":"4343958","road":"E 20","name":null,"highway":"trunk"}},{"type":"Feature","geometry":{"type":"Point","coordinates":[13.463644,58.3921796]},"properties":{"id":"4343961","road":"E 20","name":null,"highway":"trunk"}},{"type":"Feature","geometry":{"type":"Point","coordinates":[13.413284,58.3752837]},"properties":{"id":"4343962","road":"E 20","name":null,"highway":"trunk"}},{"type":"Feature","geometry":{"type":"Point","coordinates":[11.9324337,57.6458983]},"properties":{"id":"4350249","road":"158","name":"Järnbrottsmotet","highway":"primary"}},{"type":"Feature","geometry":{"type":"Point","coordinates":[11.2493359,59.0775753]},"properties":{"id":"4361564","road":"E 6","name":null,"highway":"motorway"}},{"type":"Feature","geometry":{"type":"Point","coordinates":[15.1316883,57.2828862]},"properties":{"id":"4361949","road":"28","name":null,"highway":"primary"}},{"type":"Feature","geometry":{"type":"Point","coordinates":[15.840303,57.6660656]},"properties":{"id":"4362433","road":"23","name":null,"highway":"primary"}},{"type":"Feature","geometry":{"type":"Point","coordinates":[14.220545,57.778295]},"properties":{"id":"4362909","road":null,"name":null,"highway":"trunk"}},{"type":"Feature","geometry":{"type":"Point","coordinates":[14.2216556,57.7785994]},"properties":{"id":"4362910","road":"40","name":null,"highway":"trunk"}},{"type":"Feature","geometry":{"type":"Point","coordinates":[14.9555776,57.6574293]},"properties":{"id":"4363073","road":"32","name":null,"highway":"primary"}},{"type":"Feature","geometry":{"type":"Point","coordinates":[15.1497901,57.6405004]},"properties":{"id":"4363196","road":"40","name":null,"highway":"trunk"}},{"type":"Feature","geometry":{"type":"Point","coordinates":[16.3296048,57.7079472]},"properties":{"id":"4363326","road":"40","name":null,"highway":"trunk"}},{"type":"Feature","geometry":{"type":"Point","coordinates":[16.5575788,57.7636809]},"properties":{"id":"4363416","road":"E 22","name":null,"highway":"trunk"}},{"type":"Feature","geometry":{"type":"Point","coordinates":[16.163247,58.6444145]},"properties":{"id":"4370335","road":"55","name":null,"highway":"motorway"}},{"type":"Feature","geometry":{"type":"Point","coordinates":[16.1597081,58.6174343]},"properties":{"id":"4384899","road":null,"name":"Stockholmsvägen","highway":"motorway"}},{"type":"Feature","geometry":{"type":"Point","coordinates":[15.2286542,59.2955854]},"properties":{"id":"4388728","road":"E 18","name":"Arbogavägen","highway":"motorway"}},{"type":"Feature","geometry":{"type":"Point","coordinates":[12.7802935,56.0869759]},"properties":{"id":"4400427","road":"E 4.23","name":null,"highway":"motorway"}},{"type":"Feature","geometry":{"type":"Point","coordinates":[13.5333546,59.3837821]},"properties":{"id":"4423411","road":"236","name":"Örsholmsleden","highway":"primary"}},{"type":"Feature","geometry":{"type":"Point","coordinates":[13.5331928,59.3858097]},"properties":{"id":"4423413","road":"236","name":"Örsholmsleden","highway":"primary"}},{"type":"Feature","geometry":{"type":"Point","coordinates":[13.5322153,59.3886268]},"properties":{"id":"4423415","road":"236","name":"Örsholmsleden","highway":"primary"}},{"type":"Feature","geometry":{"type":"Point","coordinates":[13.3970027,55.782188]},"properties":{"id":"4462692","road":"E 22","name":null,"highway":"motorway"}},{"type":"Feature","geometry":{"type":"Point","coordinates":[14.0064723,56.290439]},"properties":{"id":"4464149","road":"23","name":null,"highway":"primary"}},{"type":"Feature","geometry":{"type":"Point","coordinates":[13.8165182,58.6751062]},"properties":{"id":"4475048","road":"26","name":null,"highway":"trunk"}},{"type":"Feature","geometry":{"type":"Point","coordinates":[16.18954,58.9992051]},"properties":{"id":"4491212","road":"52","name":"Mejerigatan","highway":"primary"}},{"type":"Feature","geometry":{"type":"Point","coordinates":[16.5218301,59.0409013]},"properties":{"id":"4491633","road":"55","name":null,"highway":"trunk"}},{"type":"Feature","geometry":{"type":"Point","coordinates":[18.0032758,59.325338]},"properties":{"id":"4520744","road":"E 4","name":"Essingeleden","highway":"motorway"}},{"type":"Feature","geometry":{"type":"Point","coordinates":[17.9990434,59.3233893]},"properties":{"id":"4520745","road":"E 4","name":"Essingeleden","highway":"motorway"}},{"type":"Feature","geometry":{"type":"Point","coordinates":[18.0061839,59.3266198]},"properties":{"id":"4520746","road":"E 4","name":"Essingeleden","highway":"motorway"}},{"type":"Feature","geometry":{"type":"Point","coordinates":[13.8550528,58.3680823]},"properties":{"id":"4540813","road":"26","name":null,"highway":"trunk"}},{"type":"Feature","geometry":{"type":"Point","coordinates":[13.8096923,58.3105443]},"properties":{"id":"4540815","road":"26","name":null,"highway":"trunk"}},{"type":"Feature","geometry":{"type":"Point","coordinates":[11.9538374,57.6003102]},"properties":{"id":"4550756","road":"158","name":"Säröleden","highway":"primary"}},{"type":"Feature","geometry":{"type":"Point","coordinates":[17.5959682,59.8674677]},"properties":{"id":"4568559","road":"55","name":"Bärbyleden","highway":"primary"}},{"type":"Feature","geometry":{"type":"Point","coordinates":[19.4626586,63.5778587]},"properties":{"id":"4568680","road":"E 4","name":null,"highway":"trunk"}},{"type":"Feature","geometry":{"type":"Point","coordinates":[13.5096653,59.3674707]},"properties":{"id":"4582091","road":"236","name":"Hammaröleden","highway":"primary"}},{"type":"Feature","geometry":{"type":"Point","coordinates":[16.3867964,57.8898669]},"properties":{"id":"4588830","road":"E 22","name":null,"highway":"trunk"}},{"type":"Feature","geometry":{"type":"Point","coordinates":[11.8428058,58.3263664]},"properties":{"id":"4590389","road":"E 6","name":"Sunningebron","highway":"motorway"}},{"type":"Feature","geometry":{"type":"Point","coordinates":[11.8529536,58.3208508]},"properties":{"id":"4590391","road":"E 6","name":null,"highway":"motorway"}},{"type":"Feature","geometry":{"type":"Point","coordinates":[15.9491484,58.4895686]},"properties":{"id":"4590483","road":"E 4","name":null,"highway":"motorway"}},{"type":"Feature","geometry":{"type":"Point","coordinates":[18.6895536,59.741838]},"properties":{"id":"4631776","road":"E 18","name":null,"highway":"trunk"}},{"type":"Feature","geometry":{"type":"Point","coordinates":[14.1000497,57.8287785]},"properties":{"id":"4724459","road":"26","name":null,"highway":"trunk"}},{"type":"Feature","geometry":{"type":"Point","coordinates":[12.9925394,59.2592537]},"properties":{"id":"4725546","road":"E 45","name":"Inlandsvägen","highway":"trunk"}},{"type":"Feature","geometry":{"type":"Point","coordinates":[17.6313185,59.5311209]},"properties":{"id":"4732346","road":"E 18","name":null,"highway":"motorway"}},{"type":"Feature","geometry":{"type":"Point","coordinates":[11.903932,57.6869688]},"properties":{"id":"4773068","road":"E 6.20","name":"Västerleden","highway":"trunk"}},{"type":"Feature","geometry":{"type":"Point","coordinates":[11.2713583,59.0965631]},"properties":{"id":"4780162","road":"O 1040","name":"Gamla Svinesundsbron","highway":"primary"}},{"type":"Feature","geometry":{"type":"Point","coordinates":[18.0654641,59.3245771]},"properties":{"id":"4802609","road":"E 4.25","name":"Centralbron","highway":"trunk"}},{"type":"Feature","geometry":{"type":"Point","coordinates":[11.2522329,59.0910218]},"properties":{"id":"4817722","road":"E 6","name":"Svinesundsbron","highway":"motorway"}},{"type":"Feature","geometry":{"type":"Point","coordinates":[11.2513756,59.0954743]},"properties":{"id":"4817723","road":"E 6","name":"Svinesundsbrua","highway":"motorway"}},{"type":"Feature","geometry":{"type":"Point","coordinates":[11.5812822,58.4893294]},"properties":{"id":"4822011","road":"E 6","name":null,"highway":"motorway"}},{"type":"Feature","geometry":{"type":"Point","coordinates":[18.0603999,59.3281867]},"properties":{"id":"4830965","road":"E 4.25","name":"Centralbron","highway":"trunk"}},{"type":"Feature","geometry":{"type":"Point","coordinates":[11.970798,57.8670939]},"properties":{"id":"4865151","road":"E 6","name":"Kungälvsleden","highway":"motorway"}},{"type":"Feature","geometry":{"type":"Point","coordinates":[11.9730893,57.8650111]},"properties":{"id":"4865153","road":"E 6","name":"Kungälvsleden","highway":"motorway"}},{"type":"Feature","geometry":{"type":"Point","coordinates":[17.7550619,59.8151766]},"properties":{"id":"4891857","road":"E 4","name":null,"highway":"motorway"}},{"type":"Feature","geometry":{"type":"Point","coordinates":[17.9622289,59.7499148]},"properties":{"id":"4892222","road":"77","name":null,"highway":"primary"}},{"type":"Feature","geometry":{"type":"Point","coordinates":[15.6640837,59.8805342]},"properties":{"id":"4893319","road":"68","name":null,"highway":"primary"}},{"type":"Feature","geometry":{"type":"Point","coordinates":[11.6708956,58.9348906]},"properties":{"id":"4904076","road":"884","name":"Kornsjøveien","highway":"primary"}},{"type":"Feature","geometry":{"type":"Point","coordinates":[11.4744744,58.5649663]},"properties":{"id":"4923344","road":"E 6","name":null,"highway":"motorway"}},{"type":"Feature","geometry":{"type":"Point","coordinates":[21.7312357,65.7966111]},"properties":{"id":"4943173","road":"97","name":"Lulevägen","highway":"primary"}},{"type":"Feature","geometry":{"type":"Point","coordinates":[16.9906433,58.7637949]},"properties":{"id":"4947045","road":"E 4","name":null,"highway":"motorway"}},{"type":"Feature","geometry":{"type":"Point","coordinates":[14.5699287,61.0094825]},"properties":{"id":"4957295","road":"E 45","name":"Noretbron","highway":"trunk"}},{"type":"Feature","geometry":{"type":"Point","coordinates":[14.5407387,61.0116684]},"properties":{"id":"4957297","road":"70","name":"Badstubacksbron","highway":"primary"}},{"type":"Feature","geometry":{"type":"Point","coordinates":[15.5960484,56.2114298]},"properties":{"id":"4968456","road":"E 22.06","name":"Ronnebyvägen","highway":"trunk"}},{"type":"Feature","geometry":{"type":"Point","coordinates":[15.221449,59.63741]},"properties":{"id":"4969756","road":"68","name":null,"highway":"primary"}},{"type":"Feature","geometry":{"type":"Point","coordinates":[15.1414988,59.74666]},"properties":{"id":"4969989","road":"50","name":null,"highway":"trunk"}},{"type":"Feature","geometry":{"type":"Point","coordinates":[14.2806235,59.5379233]},"properties":{"id":"4971091","road":"26","name":null,"highway":"primary"}},{"type":"Feature","geometry":{"type":"Point","coordinates":[14.2564206,59.501468]},"properties":{"id":"4971096","road":"26","name":null,"highway":"primary"}},{"type":"Feature","geometry":{"type":"Point","coordinates":[15.6415879,56.2061261]},"properties":{"id":"4971762","road":"E 22","name":null,"highway":"trunk"}},{"type":"Feature","geometry":{"type":"Point","coordinates":[14.0968072,58.9892115]},"properties":{"id":"4972957","road":"26","name":null,"highway":"trunk"}},{"type":"Feature","geometry":{"type":"Point","coordinates":[14.8456667,56.1878895]},"properties":{"id":"5007612","road":"E 22","name":null,"highway":"trunk"}},{"type":"Feature","geometry":{"type":"Point","coordinates":[14.8475713,56.1882869]},"properties":{"id":"5007613","road":"E 22","name":null,"highway":"trunk"}},{"type":"Feature","geometry":{"type":"Point","coordinates":[13.0195582,58.2785598]},"properties":{"id":"5051897","road":"47","name":null,"highway":"primary"}},{"type":"Feature","geometry":{"type":"Point","coordinates":[13.0692586,58.2565529]},"properties":{"id":"5051903","road":"47","name":null,"highway":"primary"}},{"type":"Feature","geometry":{"type":"Point","coordinates":[17.6417868,59.1819118]},"properties":{"id":"5108691","road":"E 4","name":null,"highway":"motorway"}},{"type":"Feature","geometry":{"type":"Point","coordinates":[17.3326643,59.0339965]},"properties":{"id":"5113091","road":"57","name":null,"highway":"primary"}},{"type":"Feature","geometry":{"type":"Point","coordinates":[17.6335654,59.1763447]},"properties":{"id":"5115937","road":"E 20","name":null,"highway":"motorway"}},{"type":"Feature","geometry":{"type":"Point","coordinates":[17.8710199,59.2004321]},"properties":{"id":"5148674","road":"226","name":"Huddingevägen","highway":"primary"}},{"type":"Feature","geometry":{"type":"Point","coordinates":[12.6908416,58.3339012]},"properties":{"id":"5155072","road":"47","name":"Östra vägen","highway":"primary"}},{"type":"Feature","geometry":{"type":"Point","coordinates":[17.9951175,59.3334988]},"properties":{"id":"5178978","road":"275","name":"Tranebergsbron","highway":"primary"}},{"type":"Feature","geometry":{"type":"Point","coordinates":[18.567007,59.7321141]},"properties":{"id":"5184596","road":"77","name":null,"highway":"primary"}},{"type":"Feature","geometry":{"type":"Point","coordinates":[15.1413061,59.2416922]},"properties":{"id":"5187589","road":"E 18","name":null,"highway":"trunk"}},{"type":"Feature","geometry":{"type":"Point","coordinates":[17.6140809,59.1783459]},"properties":{"id":"5191312","road":"E 20","name":null,"highway":"motorway"}},{"type":"Feature","geometry":{"type":"Point","coordinates":[17.0260198,59.0778399]},"properties":{"id":"5191364","road":"57","name":null,"highway":"primary"}},{"type":"Feature","geometry":{"type":"Point","coordinates":[17.5977854,59.0862559]},"properties":{"id":"5199387","road":"E 4","name":null,"highway":"motorway"}},{"type":"Feature","geometry":{"type":"Point","coordinates":[17.6431249,59.1774748]},"properties":{"id":"5229491","road":"E 4","name":null,"highway":"motorway"}},{"type":"Feature","geometry":{"type":"Point","coordinates":[17.6387717,59.1765025]},"properties":{"id":"5229578","road":"E 20","name":null,"highway":"motorway"}},{"type":"Feature","geometry":{"type":"Point","coordinates":[17.6424393,59.1831533]},"properties":{"id":"5229754","road":"E 4","name":null,"highway":"motorway"}},{"type":"Feature","geometry":{"type":"Point","coordinates":[17.6430142,59.1855125]},"properties":{"id":"5229777","road":"E 4","name":null,"highway":"motorway"}},{"type":"Feature","geometry":{"type":"Point","coordinates":[17.551923,59.0828611]},"properties":{"id":"5229992","road":"57","name":"Mölnbovägen","highway":"primary"}},{"type":"Feature","geometry":{"type":"Point","coordinates":[13.5601209,58.1320613]},"properties":{"id":"5487004","road":"46","name":null,"highway":"primary"}},{"type":"Feature","geometry":{"type":"Point","coordinates":[13.8569071,57.9138442]},"properties":{"id":"5575920","road":"26","name":null,"highway":"trunk"}},{"type":"Feature","geometry":{"type":"Point","coordinates":[18.0683169,59.3209069]},"properties":{"id":"5788349","road":"E 4.25","name":"Centralbron","highway":"trunk"}},{"type":"Feature","geometry":{"type":"Point","coordinates":[18.0674115,59.322153]},"properties":{"id":"5788351","road":"E 4.25","name":"Centralbron","highway":"trunk"}},{"type":"Feature","geometry":{"type":"Point","coordinates":[13.5440493,57.3242936]},"properties":{"id":"5835314","road":"27","name":null,"highway":"primary"}},{"type":"Feature","geometry":{"type":"Point","coordinates":[17.2414159,62.0106496]},"properties":{"id":"6248517","road":"E 4","name":null,"highway":"trunk"}},{"type":"Feature","geometry":{"type":"Point","coordinates":[17.2660674,62.0607351]},"properties":{"id":"6248518","road":"E 4","name":null,"highway":"trunk"}},{"type":"Feature","geometry":{"type":"Point","coordinates":[17.2571502,63.173698]},"properties":{"id":"7655489","road":"90","name":null,"highway":"primary"}},{"type":"Feature","geometry":{"type":"Point","coordinates":[21.8475465,65.5488294]},"properties":{"id":"7993295","road":"E 4","name":null,"highway":"trunk"}},{"type":"Feature","geometry":{"type":"Point","coordinates":[18.0184705,59.3043655]},"properties":{"id":"8019494","road":"75","name":"Årstalänken","highway":"motorway"}},{"type":"Feature","geometry":{"type":"Point","coordinates":[14.740223,60.454907]},"properties":{"id":"8035278","road":"66","name":null,"highway":"primary"}},{"type":"Feature","geometry":{"type":"Point","coordinates":[11.9995705,57.7307815]},"properties":{"id":"8108305","road":"E 45","name":"Marieholmsleden","highway":"trunk"}},{"type":"Feature","geometry":{"type":"Point","coordinates":[12.5381907,57.6648525]},"properties":{"id":"8122943","road":"40","name":null,"highway":"motorway"}},{"type":"Feature","geometry":{"type":"Point","coordinates":[12.5157669,56.931373]},"properties":{"id":"8134211","road":"E 6","name":null,"highway":"motorway"}},{"type":"Feature","geometry":{"type":"Point","coordinates":[14.1624655,57.7587065]},"properties":{"id":"8137642","road":"40","name":null,"highway":"motorway"}},{"type":"Feature","geometry":{"type":"Point","coordinates":[15.1881343,57.0894939]},"properties":{"id":"8417816","road":"23","name":null,"highway":"primary"}},{"type":"Feature","geometry":{"type":"Point","coordinates":[18.0574436,59.3288375]},"properties":{"id":"8513540","road":"E 4.25","name":"Centralbron","highway":"trunk"}},{"type":"Feature","geometry":{"type":"Point","coordinates":[16.5229996,59.6218043]},"properties":{"id":"9352488","road":"E 18","name":null,"highway":"motorway"}},{"type":"Feature","geometry":{"type":"Point","coordinates":[17.1383232,60.639297]},"properties":{"id":"9406003","road":"E 4","name":null,"highway":"motorway"}},{"type":"Feature","geometry":{"type":"Point","coordinates":[17.1257773,60.6442723]},"properties":{"id":"9406614","road":"E 4","name":null,"highway":"motorway"}},{"type":"Feature","geometry":{"type":"Point","coordinates":[17.093138,60.6714149]},"properties":{"id":"9416962","road":"E 4","name":null,"highway":"motorway"}},{"type":"Feature","geometry":{"type":"Point","coordinates":[17.0943314,60.6709463]},"properties":{"id":"9416967","road":"E 4","name":null,"highway":"motorway"}},{"type":"Feature","geometry":{"type":"Point","coordinates":[17.0900187,60.6748535]},"properties":{"id":"9416984","road":"E 4","name":null,"highway":"motorway"}},{"type":"Feature","geometry":{"type":"Point","coordinates":[17.0869023,60.6826985]},"properties":{"id":"9416995","road":"E 4","name":null,"highway":"trunk"}},{"type":"Feature","geometry":{"type":"Point","coordinates":[16.5159894,59.6190937]},"properties":{"id":"9425656","road":"E 18","name":null,"highway":"motorway"}},{"type":"Feature","geometry":{"type":"Point","coordinates":[16.3480443,59.564863]},"properties":{"id":"9483243","road":"56","name":null,"highway":"trunk"}},{"type":"Feature","geometry":{"type":"Point","coordinates":[12.7985478,58.0423398]},"properties":{"id":"9558770","road":"E 20","name":null,"highway":"trunk"}},{"type":"Feature","geometry":{"type":"Point","coordinates":[16.5479067,59.6242432]},"properties":{"id":"9660513","road":null,"name":null,"highway":"trunk"}},{"type":"Feature","geometry":{"type":"Point","coordinates":[20.0403893,65.0656492]},"properties":{"id":"9923169","road":"95","name":null,"highway":"primary"}},{"type":"Feature","geometry":{"type":"Point","coordinates":[16.8021028,60.6316077]},"properties":{"id":"10120137","road":"E 16","name":null,"highway":"motorway"}},{"type":"Feature","geometry":{"type":"Point","coordinates":[14.1151729,59.3248158]},"properties":{"id":"10205422","road":"E 18","name":null,"highway":"trunk"}},{"type":"Feature","geometry":{"type":"Point","coordinates":[14.5665848,56.9218743]},"properties":{"id":"10449336","road":"25","name":null,"highway":"trunk"}},{"type":"Feature","geometry":{"type":"Point","coordinates":[17.3956706,60.4708505]},"properties":{"id":"10453712","road":"E 4","name":null,"highway":"motorway"}},{"type":"Feature","geometry":{"type":"Point","coordinates":[17.4004925,60.6391247]},"properties":{"id":"10527200","road":"76","name":"Gävlevägen","highway":"primary"}},{"type":"Feature","geometry":{"type":"Point","coordinates":[17.4497918,60.6028905]},"properties":{"id":"10527202","road":"76","name":"Gävlevägen","highway":"primary"}},{"type":"Feature","geometry":{"type":"Point","coordinates":[12.0262081,57.6767098]},"properties":{"id":"10598470","road":"40","name":"Boråsleden","highway":"motorway"}},{"type":"Feature","geometry":{"type":"Point","coordinates":[15.4639193,60.4856654]},"properties":{"id":"10868281","road":"E 16","name":null,"highway":"trunk"}},{"type":"Feature","geometry":{"type":"Point","coordinates":[12.022829,57.6468069]},"properties":{"id":"10958440","road":"E 6","name":null,"highway":"motorway"}},{"type":"Feature","geometry":{"type":"Point","coordinates":[17.4197602,59.0477793]},"properties":{"id":"11972116","road":"57","name":"Järnavägen","highway":"primary"}},{"type":"Feature","geometry":{"type":"Point","coordinates":[16.1993655,60.1476188]},"properties":{"id":"12323089","road":"68","name":null,"highway":"primary"}},{"type":"Feature","geometry":{"type":"Point","coordinates":[14.1470461,64.4979489]},"properties":{"id":"13856097","road":"342","name":"Brogatan","highway":"primary"}},{"type":"Feature","geometry":{"type":"Point","coordinates":[11.9903492,57.857401]},"properties":{"id":"13865741","road":"E 6","name":"Norgevägen","highway":"motorway"}},{"type":"Feature","geometry":{"type":"Point","coordinates":[16.9762761,61.0883674]},"properties":{"id":"14191855","road":"E 4","name":null,"highway":"trunk"}},{"type":"Feature","geometry":{"type":"Point","coordinates":[17.5999841,59.8716962]},"properties":{"id":"14359470","road":"55","name":"Bärbyleden","highway":"primary"}},{"type":"Feature","geometry":{"type":"Point","coordinates":[13.1267376,57.7866186]},"properties":{"id":"14368492","road":"40","name":null,"highway":"motorway"}},{"type":"Feature","geometry":{"type":"Point","coordinates":[13.1570574,57.7990363]},"properties":{"id":"14368497","road":"40","name":null,"highway":"motorway"}},{"type":"Feature","geometry":{"type":"Point","coordinates":[18.0776236,59.3036483]},"properties":{"id":"14869710","road":"E 4.25","name":"Johanneshovsbron","highway":"trunk"}},{"type":"Feature","geometry":{"type":"Point","coordinates":[17.9877011,59.2424042]},"properties":{"id":"14880001","road":"226","name":"Huddingevägen","highway":"primary"}},{"type":"Feature","geometry":{"type":"Point","coordinates":[12.0102543,57.7996617]},"properties":{"id":"14923447","road":"E 6.20","name":"Norrleden","highway":"trunk"}},{"type":"Feature","geometry":{"type":"Point","coordinates":[17.7442194,59.4960821]},"properties":{"id":"15093153","road":"E 18","name":null,"highway":"motorway"}},{"type":"Feature","geometry":{"type":"Point","coordinates":[14.5852208,57.1676346]},"properties":{"id":"15111487","road":"30","name":null,"highway":"primary"}},{"type":"Feature","geometry":{"type":"Point","coordinates":[17.7488083,59.4921899]},"properties":{"id":"15219595","road":"E 18","name":null,"highway":"motorway"}},{"type":"Feature","geometry":{"type":"Point","coordinates":[17.7944299,59.4773491]},"properties":{"id":"15395289","road":"E 18","name":null,"highway":"motorway"}},{"type":"Feature","geometry":{"type":"Point","coordinates":[12.0151202,57.7881003]},"properties":{"id":"15676996","road":"E 6.20","name":"Angeredsleden","highway":"trunk"}},{"type":"Feature","geometry":{"type":"Point","coordinates":[12.9520717,55.5513909]},"properties":{"id":"15729153","road":"E 20","name":"Yttre Ringvägen","highway":"motorway"}},{"type":"Feature","geometry":{"type":"Point","coordinates":[12.951573,55.5508633]},"properties":{"id":"15729157","road":"E 20","name":"Yttre Ringvägen","highway":"motorway"}},{"type":"Feature","geometry":{"type":"Point","coordinates":[14.8252347,56.9014231]},"properties":{"id":"15878833","road":"25","name":"Österleden","highway":"trunk"}},{"type":"Feature","geometry":{"type":"Point","coordinates":[20.8893757,64.1301965]},"properties":{"id":"16134063","road":"E 4","name":null,"highway":"trunk"}},{"type":"Feature","geometry":{"type":"Point","coordinates":[17.1110143,63.8030624]},"properties":{"id":"16355090","road":"90","name":null,"highway":"primary"}},{"type":"Feature","geometry":{"type":"Point","coordinates":[18.014473,59.3059675]},"properties":{"id":"16885239","road":"E 4","name":"Essingeleden","highway":"motorway"}},{"type":"Feature","geometry":{"type":"Point","coordinates":[18.0191116,59.3030329]},"properties":{"id":"16885256","road":"E 4","name":"Essingeleden","highway":"motorway"}},{"type":"Feature","geometry":{"type":"Point","coordinates":[18.0049292,59.3128687]},"properties":{"id":"16885391","road":"E 4","name":"Essingeleden","highway":"motorway"}},{"type":"Feature","geometry":{"type":"Point","coordinates":[16.1547649,64.1066242]},"properties":{"id":"17105363","road":"E 45","name":"Inlandsvägen","highway":"trunk"}},{"type":"Feature","geometry":{"type":"Point","coordinates":[19.1286669,65.6150275]},"properties":{"id":"17490373","road":"E 45","name":"Inlandsvägen","highway":"trunk"}},{"type":"Feature","geometry":{"type":"Point","coordinates":[23.6835923,66.3794962]},"properties":{"id":"18785241","road":"98","name":"Finlandsvägen","highway":"primary"}},{"type":"Feature","geometry":{"type":"Point","coordinates":[13.8856963,58.4183101]},"properties":{"id":"19826773","road":"26","name":null,"highway":"trunk"}},{"type":"Feature","geometry":{"type":"Point","coordinates":[14.4635278,58.5029768]},"properties":{"id":"19839160","road":"49","name":null,"highway":"primary"}},{"type":"Feature","geometry":{"type":"Point","coordinates":[14.2560099,58.4537482]},"properties":{"id":"19839162","road":"49","name":null,"highway":"primary"}},{"type":"Feature","geometry":{"type":"Point","coordinates":[17.9165464,59.4741638]},"properties":{"id":"19916210","road":"E 4","name":"Uppsalavägen","highway":"motorway"}},{"type":"Feature","geometry":{"type":"Point","coordinates":[18.0619729,59.3271826]},"properties":{"id":"20278673","road":"E 4.25","name":"Centralbron","highway":"trunk"}},{"type":"Feature","geometry":{"type":"Point","coordinates":[12.8804071,55.8655669]},"properties":{"id":"20581096","road":"E 6","name":null,"highway":"motorway"}},{"type":"Feature","geometry":{"type":"Point","coordinates":[13.1794275,55.7197034]},"properties":{"id":"20681753","road":"E 6.02","name":"Norra Ringen","highway":"primary"}},{"type":"Feature","geometry":{"type":"Point","coordinates":[14.7196285,61.3187169]},"properties":{"id":"20912072","road":"E 45","name":"Inlandsvägen","highway":"trunk"}},{"type":"Feature","geometry":{"type":"Point","coordinates":[14.8419516,63.0689517]},"properties":{"id":"22189853","road":"E 45","name":"Inlandsvägen","highway":"trunk"}},{"type":"Feature","geometry":{"type":"Point","coordinates":[14.6774523,63.2028929]},"properties":{"id":"22189862","road":"E 45","name":"Inlandsvägen","highway":"trunk"}},{"type":"Feature","geometry":{"type":"Point","coordinates":[14.6902894,63.1802537]},"properties":{"id":"22189865","road":null,"name":null,"highway":"trunk"}},{"type":"Feature","geometry":{"type":"Point","coordinates":[14.6915489,63.1791484]},"properties":{"id":"22189867","road":null,"name":null,"highway":"trunk"}},{"type":"Feature","geometry":{"type":"Point","coordinates":[14.6372701,63.0005769]},"properties":{"id":"22189893","road":"E 45","name":"Inlandsvägen","highway":"trunk"}},{"type":"Feature","geometry":{"type":"Point","coordinates":[14.6562821,61.1499318]},"properties":{"id":"22392963","road":"E 45","name":"Inlandsvägen","highway":"trunk"}},{"type":"Feature","geometry":{"type":"Point","coordinates":[14.6571896,61.1487876]},"properties":{"id":"22392965","road":"E 45","name":"Inlandsvägen","highway":"trunk"}},{"type":"Feature","geometry":{"type":"Point","coordinates":[18.1018816,59.4446825]},"properties":{"id":"22402129","road":"E 18","name":null,"highway":"motorway"}},{"type":"Feature","geometry":{"type":"Point","coordinates":[18.1219291,59.446433]},"properties":{"id":"22404081","road":"E 18","name":null,"highway":"motorway"}},{"type":"Feature","geometry":{"type":"Point","coordinates":[14.3756107,62.0264768]},"properties":{"id":"22407818","road":"E 45","name":"Inlandsvägen","highway":"trunk"}},{"type":"Feature","geometry":{"type":"Point","coordinates":[14.4069858,62.0288239]},"properties":{"id":"22407820","road":"E 45","name":"Inlandsvägen","highway":"trunk"}},{"type":"Feature","geometry":{"type":"Point","coordinates":[14.2389575,60.5098859]},"properties":{"id":"22408919","road":"26","name":"Filipstadsvägen","highway":"primary"}},{"type":"Feature","geometry":{"type":"Point","coordinates":[14.2372878,60.5113661]},"properties":{"id":"22408925","road":"E 16","name":"Järnavägen","highway":"trunk"}},{"type":"Feature","geometry":{"type":"Point","coordinates":[14.2385897,60.5120007]},"properties":{"id":"22408929","road":"E 16","name":"Järnavägen","highway":"trunk"}},{"type":"Feature","geometry":{"type":"Point","coordinates":[14.2233008,60.5220863]},"properties":{"id":"22408932","road":"26","name":"Moravägen","highway":"primary"}},{"type":"Feature","geometry":{"type":"Point","coordinates":[18.1359289,59.4559402]},"properties":{"id":"22415696","road":"264","name":"Arningevägen","highway":"primary"}},{"type":"Feature","geometry":{"type":"Point","coordinates":[18.1644734,59.4971404]},"properties":{"id":"22440526","road":"E 18","name":null,"highway":"motorway"}},{"type":"Feature","geometry":{"type":"Point","coordinates":[18.110546,59.3020563]},"properties":{"id":"22822596","road":"75","name":"Sickla Kanalbro","highway":"motorway"}},{"type":"Feature","geometry":{"type":"Point","coordinates":[13.6578551,58.2284658]},"properties":{"id":"22822972","road":"46","name":null,"highway":"primary"}},{"type":"Feature","geometry":{"type":"Point","coordinates":[13.2855637,58.3491805]},"properties":{"id":"22823402","road":"E 20","name":null,"highway":"trunk"}},{"type":"Feature","geometry":{"type":"Point","coordinates":[14.6858136,57.6776519]},"properties":{"id":"22951522","road":"31","name":"Östra vägen","highway":"trunk"}},{"type":"Feature","geometry":{"type":"Point","coordinates":[20.5288127,63.8935725]},"properties":{"id":"23002292","road":"E 4","name":null,"highway":"trunk"}},{"type":"Feature","geometry":{"type":"Point","coordinates":[20.5437214,63.8958631]},"properties":{"id":"23002299","road":"E 4","name":null,"highway":"trunk"}},{"type":"Feature","geometry":{"type":"Point","coordinates":[20.5536634,63.8968978]},"properties":{"id":"23002302","road":"E 4","name":null,"highway":"trunk"}},{"type":"Feature","geometry":{"type":"Point","coordinates":[20.5643089,63.8990132]},"properties":{"id":"23002482","road":"E 4","name":null,"highway":"trunk"}},{"type":"Feature","geometry":{"type":"Point","coordinates":[18.2922638,59.480524]},"properties":{"id":"23078696","road":"276","name":"Roslagsvägen","highway":"primary"}},{"type":"Feature","geometry":{"type":"Point","coordinates":[20.3077579,63.8018686]},"properties":{"id":"23087445","road":"E 4","name":"Kolbäcksvägen","highway":"trunk"}},{"type":"Feature","geometry":{"type":"Point","coordinates":[15.221984,58.3559949]},"properties":{"id":"23154384","road":"E 4","name":null,"highway":"motorway"}},{"type":"Feature","geometry":{"type":"Point","coordinates":[15.082429,58.2466931]},"properties":{"id":"23156052","road":"32","name":null,"highway":"primary"}},{"type":"Feature","geometry":{"type":"Point","coordinates":[14.1580723,57.7273543]},"properties":{"id":"23164543","road":"E 4","name":null,"highway":"motorway"}},{"type":"Feature","geometry":{"type":"Point","coordinates":[14.2544403,57.7874318]},"properties":{"id":"23165149","road":"E 4","name":null,"highway":"motorway"}},{"type":"Feature","geometry":{"type":"Point","coordinates":[14.2618696,57.7890039]},"properties":{"id":"23165573","road":"E 4","name":null,"highway":"motorway"}},{"type":"Feature","geometry":{"type":"Point","coordinates":[15.8389302,57.6501178]},"properties":{"id":"23170232","road":"23","name":null,"highway":"primary"}},{"type":"Feature","geometry":{"type":"Point","coordinates":[15.8376441,57.6511161]},"properties":{"id":"23170234","road":"40","name":null,"highway":"trunk"}},{"type":"Feature","geometry":{"type":"Point","coordinates":[15.6364408,56.2190228]},"properties":{"id":"23176388","road":"28","name":"Österleden","highway":"primary"}},{"type":"Feature","geometry":{"type":"Point","coordinates":[15.1112168,57.4195049]},"properties":{"id":"23176551","road":"47","name":"Västerleden","highway":"primary"}},{"type":"Feature","geometry":{"type":"Point","coordinates":[17.5451674,59.0792883]},"properties":{"id":"23188989","road":"57","name":"Mölnbovägen","highway":"primary"}},{"type":"Feature","geometry":{"type":"Point","coordinates":[14.4752496,56.0627066]},"properties":{"id":"23204850","road":"E 22","name":null,"highway":"motorway"}},{"type":"Feature","geometry":{"type":"Point","coordinates":[14.5659831,56.0651627]},"properties":{"id":"23205096","road":"E 22.01","name":"Kämpaslättsvägen","highway":"trunk"}},{"type":"Feature","geometry":{"type":"Point","coordinates":[14.5284342,56.2591889]},"properties":{"id":"23206009","road":"15","name":"Pukaviksvägen","highway":"primary"}},{"type":"Feature","geometry":{"type":"Point","coordinates":[15.550294,56.6276567]},"properties":{"id":"23207469","road":"28","name":null,"highway":"primary"}},{"type":"Feature","geometry":{"type":"Point","coordinates":[15.6230501,58.4337151]},"properties":{"id":"23220753","road":"E 4","name":null,"highway":"motorway"}},{"type":"Feature","geometry":{"type":"Point","coordinates":[15.6661805,58.2155291]},"properties":{"id":"23221911","road":"23","name":null,"highway":"primary"}},{"type":"Feature","geometry":{"type":"Point","coordinates":[15.6522254,58.01964]},"properties":{"id":"23222675","road":"23","name":null,"highway":"primary"}},{"type":"Feature","geometry":{"type":"Point","coordinates":[18.1143925,59.3621071]},"properties":{"id":"23222807","road":"277","name":"Lidingöbron","highway":"primary"}},{"type":"Feature","geometry":{"type":"Point","coordinates":[15.6775039,58.168737]},"properties":{"id":"23223758","road":"23","name":null,"highway":"primary"}},{"type":"Feature","geometry":{"type":"Point","coordinates":[15.664806,58.0546466]},"properties":{"id":"23224358","road":"23","name":null,"highway":"primary"}},{"type":"Feature","geometry":{"type":"Point","coordinates":[15.1980068,59.2660145]},"properties":{"id":"23239790","road":"E 20.5","name":"Östra Bangatan","highway":"primary"}},{"type":"Feature","geometry":{"type":"Point","coordinates":[15.1745122,59.2672127]},"properties":{"id":"23239835","road":"E 18","name":"Västerleden","highway":"motorway"}},{"type":"Feature","geometry":{"type":"Point","coordinates":[15.2060574,59.2723254]},"properties":{"id":"23239843","road":"E 20.5","name":"Östra Bangatan","highway":"primary"}},{"type":"Feature","geometry":{"type":"Point","coordinates":[15.1185557,59.1770221]},"properties":{"id":"23240110","road":"E 20","name":null,"highway":"motorway"}},{"type":"Feature","geometry":{"type":"Point","coordinates":[15.1789516,59.1180559]},"properties":{"id":"23240113","road":"52","name":null,"highway":"primary"}},{"type":"Feature","geometry":{"type":"Point","coordinates":[15.1320355,59.2145556]},"properties":{"id":"23240131","road":"51","name":null,"highway":"primary"}},{"type":"Feature","geometry":{"type":"Point","coordinates":[15.1113816,59.1667192]},"properties":{"id":"23240133","road":"E 20","name":null,"highway":"trunk"}},{"type":"Feature","geometry":{"type":"Point","coordinates":[15.9306404,59.4010581]},"properties":{"id":"23240266","road":"E 20","name":null,"highway":"trunk"}},{"type":"Feature","geometry":{"type":"Point","coordinates":[15.8888859,59.3988682]},"properties":{"id":"23240283","road":"E 20","name":"Östra Broleden","highway":"trunk"}},{"type":"Feature","geometry":{"type":"Point","coordinates":[16.0897714,59.4270216]},"properties":{"id":"23240296","road":"250","name":null,"highway":"primary"}},{"type":"Feature","geometry":{"type":"Point","coordinates":[16.4645532,59.3934213]},"properties":{"id":"23240392","road":"E 20","name":null,"highway":"trunk"}},{"type":"Feature","geometry":{"type":"Point","coordinates":[16.4655505,59.3931568]},"properties":{"id":"23240395","road":"E 20","name":null,"highway":"trunk"}},{"type":"Feature","geometry":{"type":"Point","coordinates":[14.7466882,56.8852002]},"properties":{"id":"23249184","road":"23","name":null,"highway":"primary"}},{"type":"Feature","geometry":{"type":"Point","coordinates":[14.5608847,56.9223676]},"properties":{"id":"23249283","road":"25","name":null,"highway":"trunk"}},{"type":"Feature","geometry":{"type":"Point","coordinates":[14.586186,56.7801021]},"properties":{"id":"23249375","road":"23","name":null,"highway":"primary"}},{"type":"Feature","geometry":{"type":"Point","coordinates":[16.3400153,56.6823428]},"properties":{"id":"23268870","road":"137","name":"Ölandsleden","highway":"primary"}},{"type":"Feature","geometry":{"type":"Point","coordinates":[16.3439142,56.682621]},"properties":{"id":"23268872","road":"137","name":"Ölandsleden","highway":"primary"}},{"type":"Feature","geometry":{"type":"Point","coordinates":[16.1539725,58.5907653]},"properties":{"id":"23278718","road":null,"name":"Riksvägen","highway":"trunk"}},{"type":"Feature","geometry":{"type":"Point","coordinates":[16.1513216,58.5875321]},"properties":{"id":"23281732","road":null,"name":"Riksvägen","highway":"trunk"}},{"type":"Feature","geometry":{"type":"Point","coordinates":[16.1277244,58.5952454]},"properties":{"id":"23281736","road":"E 4","name":null,"highway":"motorway"}},{"type":"Feature","geometry":{"type":"Point","coordinates":[16.21263,58.9960291]},"properties":{"id":"23283381","road":"57","name":"Vasavägen","highway":"primary"}},{"type":"Feature","geometry":{"type":"Point","coordinates":[15.2712898,58.5720286]},"properties":{"id":"23284291","road":"34","name":null,"highway":"primary"}},{"type":"Feature","geometry":{"type":"Point","coordinates":[13.1983214,57.8088939]},"properties":{"id":"23309114","road":"40","name":null,"highway":"motorway"}},{"type":"Feature","geometry":{"type":"Point","coordinates":[12.917599,59.1357659]},"properties":{"id":"23315700","road":"E 45","name":"Inlandsvägen","highway":"trunk"}},{"type":"Feature","geometry":{"type":"Point","coordinates":[17.1043891,58.6683041]},"properties":{"id":"23317603","road":"53","name":"Hamnbron","highway":"primary"}},{"type":"Feature","geometry":{"type":"Point","coordinates":[13.0992437,55.6739192]},"properties":{"id":"23318024","road":"E 6","name":null,"highway":"motorway"}},{"type":"Feature","geometry":{"type":"Point","coordinates":[17.3254907,58.9072107]},"properties":{"id":"23319288","road":"E 4","name":null,"highway":"motorway"}},{"type":"Feature","geometry":{"type":"Point","coordinates":[16.2060664,58.6661655]},"properties":{"id":"23319633","road":"E 4","name":null,"highway":"motorway"}},{"type":"Feature","geometry":{"type":"Point","coordinates":[14.1672167,63.3169022]},"properties":{"id":"23329079","road":"E 14","name":null,"highway":"trunk"}},{"type":"Feature","geometry":{"type":"Point","coordinates":[13.1507996,55.7183753]},"properties":{"id":"23330554","road":"E 6.02","name":"Fjelievägen","highway":"primary"}},{"type":"Feature","geometry":{"type":"Point","coordinates":[14.8827773,63.3765216]},"properties":{"id":"23333212","road":"E 45","name":"Inlandsvägen","highway":"trunk"}},{"type":"Feature","geometry":{"type":"Point","coordinates":[14.867799,63.3148063]},"properties":{"id":"23333245","road":"E 45","name":"Inlandsvägen","highway":"trunk"}},{"type":"Feature","geometry":{"type":"Point","coordinates":[18.0342596,59.4096138]},"properties":{"id":"23343205","road":"E 18","name":null,"highway":"motorway"}},{"type":"Feature","geometry":{"type":"Point","coordinates":[15.7308764,58.4470029]},"properties":{"id":"23364295","road":"E 4","name":null,"highway":"motorway"}},{"type":"Feature","geometry":{"type":"Point","coordinates":[15.9297582,56.7405347]},"properties":{"id":"23364482","road":"31","name":null,"highway":"primary"}},{"type":"Feature","geometry":{"type":"Point","coordinates":[15.0620153,59.1030787]},"properties":{"id":"23364734","road":"E 20","name":null,"highway":"trunk"}},{"type":"Feature","geometry":{"type":"Point","coordinates":[15.1692722,59.2610943]},"properties":{"id":"23364762","road":"E 18","name":"Västerleden","highway":"motorway"}},{"type":"Feature","geometry":{"type":"Point","coordinates":[14.6410659,63.2149062]},"properties":{"id":"23401191","road":"E 14","name":null,"highway":"trunk"}},{"type":"Feature","geometry":{"type":"Point","coordinates":[13.0584182,55.6210403]},"properties":{"id":"23401298","road":null,"name":null,"highway":"motorway"}},{"type":"Feature","geometry":{"type":"Point","coordinates":[16.798429,64.4358132]},"properties":{"id":"23401609","road":"E 45","name":"Inlandsvägen","highway":"trunk"}},{"type":"Feature","geometry":{"type":"Point","coordinates":[18.1087022,59.3593625]},"properties":{"id":"23427017","road":"277","name":"Lidingöbron","highway":"primary"}},{"type":"Feature","geometry":{"type":"Point","coordinates":[14.2791203,57.5148531]},"properties":{"id":"23525998","road":"30","name":"Jönköpingsvägen","highway":"primary"}},{"type":"Feature","geometry":{"type":"Point","coordinates":[18.1242846,59.2627478]},"properties":{"id":"23575545","road":"229","name":"Tyresövägen","highway":"motorway"}},{"type":"Feature","geometry":{"type":"Point","coordinates":[12.8594812,56.6723779]},"properties":{"id":"23576859","road":"E 6.04","name":"Slottsbron","highway":"trunk"}},{"type":"Feature","geometry":{"type":"Point","coordinates":[13.0487281,55.5743814]},"properties":{"id":"23618726","road":null,"name":"Inre Ringvägen","highway":"motorway"}},{"type":"Feature","geometry":{"type":"Point","coordinates":[12.9993535,56.502651]},"properties":{"id":"23624631","road":"24","name":null,"highway":"primary"}},{"type":"Feature","geometry":{"type":"Point","coordinates":[14.5397658,57.1864261]},"properties":{"id":"23625845","road":"30","name":null,"highway":"primary"}},{"type":"Feature","geometry":{"type":"Point","coordinates":[12.8988083,56.6739389]},"properties":{"id":"23628679","road":"E 6.05","name":"Växjövägen","highway":"trunk"}},{"type":"Feature","geometry":{"type":"Point","coordinates":[12.905191,56.6540856]},"properties":{"id":"23635835","road":"E 6.04","name":"Laholmsvägen","highway":"trunk"}},{"type":"Feature","geometry":{"type":"Point","coordinates":[12.9031005,56.6444707]},"properties":{"id":"23635859","road":"E 6","name":null,"highway":"motorway"}},{"type":"Feature","geometry":{"type":"Point","coordinates":[18.1326555,59.1221504]},"properties":{"id":"23731504","road":"73","name":"Nynäsvägen","highway":"motorway"}},{"type":"Feature","geometry":{"type":"Point","coordinates":[18.1244784,59.1072537]},"properties":{"id":"23731513","road":"73","name":"Nynäsvägen","highway":"motorway"}},{"type":"Feature","geometry":{"type":"Point","coordinates":[18.1562886,59.1784943]},"properties":{"id":"23731589","road":"73","name":null,"highway":"motorway"}},{"type":"Feature","geometry":{"type":"Point","coordinates":[18.1398759,59.1932085]},"properties":{"id":"23731613","road":"73","name":"Nynäsvägen","highway":"motorway"}},{"type":"Feature","geometry":{"type":"Point","coordinates":[14.1985382,57.6180918]},"properties":{"id":"23738942","road":"30","name":null,"highway":"primary"}},{"type":"Feature","geometry":{"type":"Point","coordinates":[12.3068881,58.2834202]},"properties":{"id":"23775309","road":"E 45","name":"Edsborgsvägen","highway":"trunk"}},{"type":"Feature","geometry":{"type":"Point","coordinates":[18.0499932,59.4217873]},"properties":{"id":"23821270","road":"E 18","name":null,"highway":"motorway"}},{"type":"Feature","geometry":{"type":"Point","coordinates":[12.8923035,55.8550791]},"properties":{"id":"23842882","road":"E 6","name":null,"highway":"motorway"}},{"type":"Feature","geometry":{"type":"Point","coordinates":[17.6622032,59.1988547]},"properties":{"id":"23892126","road":"225","name":null,"highway":"primary"}},{"type":"Feature","geometry":{"type":"Point","coordinates":[12.7797624,55.999522]},"properties":{"id":"23947676","road":"E 6","name":null,"highway":"motorway"}},{"type":"Feature","geometry":{"type":"Point","coordinates":[12.9056791,56.6362296]},"properties":{"id":"23983044","road":"E 6","name":null,"highway":"motorway"}},{"type":"Feature","geometry":{"type":"Point","coordinates":[12.9097557,56.6520732]},"properties":{"id":"23983050","road":"15","name":"Laholmsvägen","highway":"primary"}},{"type":"Feature","geometry":{"type":"Point","coordinates":[13.0154556,55.4799911]},"properties":{"id":"23988659","road":"E 6","name":null,"highway":"motorway"}},{"type":"Feature","geometry":{"type":"Point","coordinates":[18.0506115,59.3707838]},"properties":{"id":"23997012","road":"E 18.20","name":"Roslagsvägen","highway":"primary"}},{"type":"Feature","geometry":{"type":"Point","coordinates":[14.0065714,56.962126]},"properties":{"id":"24003871","road":"E 4","name":null,"highway":"motorway"}},{"type":"Feature","geometry":{"type":"Point","coordinates":[13.4345583,57.852751]},"properties":{"id":"24004981","road":"46","name":"Falköpingsvägen","highway":"primary"}},{"type":"Feature","geometry":{"type":"Point","coordinates":[13.6150419,55.4810528]},"properties":{"id":"24089181","road":"E 65","name":null,"highway":"trunk"}},{"type":"Feature","geometry":{"type":"Point","coordinates":[12.9233395,59.1363127]},"properties":{"id":"24158010","road":"E 45","name":"Inlandsvägen","highway":"trunk"}},{"type":"Feature","geometry":{"type":"Point","coordinates":[14.1840446,57.6264405]},"properties":{"id":"24164861","road":"30","name":null,"highway":"primary"}},{"type":"Feature","geometry":{"type":"Point","coordinates":[12.6533089,58.9825279]},"properties":{"id":"24210151","road":"E 45","name":null,"highway":"trunk"}},{"type":"Feature","geometry":{"type":"Point","coordinates":[17.9211424,59.3943991]},"properties":{"id":"24261604","road":"E 18","name":null,"highway":"motorway"}},{"type":"Feature","geometry":{"type":"Point","coordinates":[13.0716378,58.2961384]},"properties":{"id":"24280895","road":"E 20","name":null,"highway":"trunk"}},{"type":"Feature","geometry":{"type":"Point","coordinates":[19.7042347,63.910208]},"properties":{"id":"24288706","road":"92","name":null,"highway":"primary"}},{"type":"Feature","geometry":{"type":"Point","coordinates":[18.0093532,59.3430636]},"properties":{"id":"24323554","road":"E 4","name":"Tomtebodakurvan","highway":"motorway"}},{"type":"Feature","geometry":{"type":"Point","coordinates":[18.01035,59.3360182]},"properties":{"id":"24323570","road":"E 4","name":"Essingeleden","highway":"motorway"}},{"type":"Feature","geometry":{"type":"Point","coordinates":[13.8042715,56.6491919]},"properties":{"id":"24386880","road":"E 4","name":null,"highway":"motorway"}},{"type":"Feature","geometry":{"type":"Point","coordinates":[13.6524814,56.5032479]},"properties":{"id":"24387027","road":"E 4","name":"Laganbron","highway":"motorway"}},{"type":"Feature","geometry":{"type":"Point","coordinates":[12.8303448,56.7626582]},"properties":{"id":"24392405","road":"E 6","name":null,"highway":"motorway"}},{"type":"Feature","geometry":{"type":"Point","coordinates":[16.3177921,56.6708874]},"properties":{"id":"24445994","road":"E 22","name":null,"highway":"motorway"}},{"type":"Feature","geometry":{"type":"Point","coordinates":[18.1350525,59.2181521]},"properties":{"id":"24491474","road":"73","name":"Nynäsvägen","highway":"motorway"}},{"type":"Feature","geometry":{"type":"Point","coordinates":[13.9736624,56.8502324]},"properties":{"id":"24495832","road":"25","name":null,"highway":"trunk"}},{"type":"Feature","geometry":{"type":"Point","coordinates":[12.8984636,56.2342503]},"properties":{"id":"24496384","road":"E 6","name":null,"highway":"motorway"}},{"type":"Feature","geometry":{"type":"Point","coordinates":[12.9677398,56.5322887]},"properties":{"id":"24544548","road":"E 6","name":null,"highway":"motorway"}},{"type":"Feature","geometry":{"type":"Point","coordinates":[15.6342896,57.9882556]},"properties":{"id":"24573652","road":"23","name":"Storgatan","highway":"primary"}},{"type":"Feature","geometry":{"type":"Point","coordinates":[13.9027312,56.8123832]},"properties":{"id":"24585767","road":"25","name":"Helsingborgsvägen","highway":"trunk"}},{"type":"Feature","geometry":{"type":"Point","coordinates":[13.5091417,55.4943703]},"properties":{"id":"24626688","road":"E 65","name":null,"highway":"trunk"}},{"type":"Feature","geometry":{"type":"Point","coordinates":[13.7716713,55.4271739]},"properties":{"id":"24628291","road":"9","name":"Dag Hammarskjölds väg","highway":"primary"}},{"type":"Feature","geometry":{"type":"Point","coordinates":[14.2025549,57.0579543]},"properties":{"id":"24676614","road":"27","name":null,"highway":"primary"}},{"type":"Feature","geometry":{"type":"Point","coordinates":[14.0488235,57.1679551]},"properties":{"id":"24676863","road":"27","name":null,"highway":"primary"}},{"type":"Feature","geometry":{"type":"Point","coordinates":[14.9658443,57.6615081]},"properties":{"id":"24733562","road":"40","name":"Broarpsvägen","highway":"trunk"}},{"type":"Feature","geometry":{"type":"Point","coordinates":[12.9595353,56.5043461]},"properties":{"id":"24741612","road":"E 6","name":null,"highway":"motorway"}},{"type":"Feature","geometry":{"type":"Point","coordinates":[16.8987641,60.6249143]},"properties":{"id":"24765261","road":"E 16","name":null,"highway":"motorway"}},{"type":"Feature","geometry":{"type":"Point","coordinates":[13.0975915,55.6979262]},"properties":{"id":"24823524","road":"E 6","name":null,"highway":"motorway"}},{"type":"Feature","geometry":{"type":"Point","coordinates":[14.0918321,56.0404927]},"properties":{"id":"24850075","road":"19","name":"Karpalundsvägen","highway":"primary"}},{"type":"Feature","geometry":{"type":"Point","coordinates":[13.1440601,56.7195931]},"properties":{"id":"24868043","road":"25","name":null,"highway":"trunk"}},{"type":"Feature","geometry":{"type":"Point","coordinates":[13.7758923,56.7607424]},"properties":{"id":"24868047","road":"25","name":null,"highway":"trunk"}},{"type":"Feature","geometry":{"type":"Point","coordinates":[14.7805747,56.8971754]},"properties":{"id":"24868499","road":"23","name":null,"highway":"trunk"}},{"type":"Feature","geometry":{"type":"Point","coordinates":[12.5711575,56.907714]},"properties":{"id":"24875950","road":"E 6","name":null,"highway":"motorway"}},{"type":"Feature","geometry":{"type":"Point","coordinates":[18.1431891,59.2646058]},"properties":{"id":"24898874","road":"229","name":"Tyresövägen","highway":"motorway"}},{"type":"Feature","geometry":{"type":"Point","coordinates":[18.007315,59.2640143]},"properties":{"id":"24898878","road":"226","name":"Huddingevägen","highway":"primary"}},{"type":"Feature","geometry":{"type":"Point","coordinates":[14.9284248,58.837482]},"properties":{"id":"24908540","road":"50","name":null,"highway":"trunk"}},{"type":"Feature","geometry":{"type":"Point","coordinates":[14.9337915,58.8126608]},"properties":{"id":"24908605","road":"50","name":null,"highway":"trunk"}},{"type":"Feature","geometry":{"type":"Point","coordinates":[12.9484522,56.5766812]},"properties":{"id":"24928236","road":"E 6","name":null,"highway":"motorway"}},{"type":"Feature","geometry":{"type":"Point","coordinates":[13.0174874,56.5738664]},"properties":{"id":"24928240","road":"15","name":null,"highway":"primary"}},{"type":"Feature","geometry":{"type":"Point","coordinates":[12.9500871,56.4234825]},"properties":{"id":"24935249","road":"E 6","name":null,"highway":"motorway"}},{"type":"Feature","geometry":{"type":"Point","coordinates":[12.0736092,57.4645918]},"properties":{"id":"24936411","road":"E 6","name":null,"highway":"motorway"}},{"type":"Feature","geometry":{"type":"Point","coordinates":[12.1571196,57.4303132]},"properties":{"id":"24940721","road":"E 6","name":null,"highway":"motorway"}},{"type":"Feature","geometry":{"type":"Point","coordinates":[20.9615662,64.7532226]},"properties":{"id":"24944683","road":"95","name":null,"highway":"primary"}},{"type":"Feature","geometry":{"type":"Point","coordinates":[20.9599641,64.7471532]},"properties":{"id":"24944711","road":"E 4","name":null,"highway":"trunk"}},{"type":"Feature","geometry":{"type":"Point","coordinates":[20.927407,64.7576943]},"properties":{"id":"24944752","road":"95","name":"Järnvägsleden","highway":"primary"}},{"type":"Feature","geometry":{"type":"Point","coordinates":[20.9085749,64.7608757]},"properties":{"id":"24944789","road":"95","name":"Järnvägsleden","highway":"primary"}},{"type":"Feature","geometry":{"type":"Point","coordinates":[12.0813078,57.4600865]},"properties":{"id":"24960394","road":"E 6","name":null,"highway":"motorway"}},{"type":"Feature","geometry":{"type":"Point","coordinates":[12.0484666,57.6757751]},"properties":{"id":"24964844","road":"40","name":"Boråsleden","highway":"motorway"}},{"type":"Feature","geometry":{"type":"Point","coordinates":[12.0181718,57.6815798]},"properties":{"id":"24964860","road":"40","name":"Boråsleden","highway":"motorway"}},{"type":"Feature","geometry":{"type":"Point","coordinates":[15.696408,60.5942874]},"properties":{"id":"24994506","road":"E 16","name":"Lugnetleden","highway":"trunk"}},{"type":"Feature","geometry":{"type":"Point","coordinates":[15.4070449,62.7656822]},"properties":{"id":"25026575","road":"E 14","name":null,"highway":"trunk"}},{"type":"Feature","geometry":{"type":"Point","coordinates":[16.899337,62.3720872]},"properties":{"id":"25028901","road":"E 14","name":null,"highway":"trunk"}},{"type":"Feature","geometry":{"type":"Point","coordinates":[13.0773335,55.627338]},"properties":{"id":"25031742","road":"E 22.10","name":null,"highway":"motorway"}},{"type":"Feature","geometry":{"type":"Point","coordinates":[13.0561893,55.5862921]},"properties":{"id":"25044478","road":"E 6.01","name":"Inre Ringvägen","highway":"motorway"}},{"type":"Feature","geometry":{"type":"Point","coordinates":[12.9427583,55.5570748]},"properties":{"id":"25046564","road":"E 20","name":"Yttre Ringvägen","highway":"motorway"}},{"type":"Feature","geometry":{"type":"Point","coordinates":[15.5746526,56.45328]},"properties":{"id":"25101088","road":"28","name":null,"highway":"primary"}},{"type":"Feature","geometry":{"type":"Point","coordinates":[15.6151797,56.1880558]},"properties":{"id":"25101110","road":"E 22.06","name":null,"highway":"trunk"}},{"type":"Feature","geometry":{"type":"Point","coordinates":[15.2726415,56.2112511]},"properties":{"id":"25111475","road":"E 22.04","name":"Strandgatan","highway":"primary"}},{"type":"Feature","geometry":{"type":"Point","coordinates":[15.5416946,56.2090763]},"properties":{"id":"25117056","road":"E 22","name":null,"highway":"motorway"}},{"type":"Feature","geometry":{"type":"Point","coordinates":[15.3273561,56.207101]},"properties":{"id":"25117078","road":"E 22","name":null,"highway":"trunk"}},{"type":"Feature","geometry":{"type":"Point","coordinates":[15.2672966,56.2283609]},"properties":{"id":"25117080","road":"E 22","name":null,"highway":"trunk"}},{"type":"Feature","geometry":{"type":"Point","coordinates":[15.2611095,56.2296513]},"properties":{"id":"25117082","road":"E 22","name":null,"highway":"trunk"}},{"type":"Feature","geometry":{"type":"Point","coordinates":[18.1807095,59.3090541]},"properties":{"id":"25163507","road":null,"name":"Saltsjöbadsleden","highway":"motorway"}},{"type":"Feature","geometry":{"type":"Point","coordinates":[18.1833262,59.303935]},"properties":{"id":"25163554","road":null,"name":"Saltsjöbadsleden","highway":"motorway"}},{"type":"Feature","geometry":{"type":"Point","coordinates":[11.6868071,58.4456523]},"properties":{"id":"25307099","road":"E 6","name":"Munkedalsbron","highway":"motorway"}},{"type":"Feature","geometry":{"type":"Point","coordinates":[11.6952668,58.4446267]},"properties":{"id":"25307107","road":"E 6","name":null,"highway":"motorway"}},{"type":"Feature","geometry":{"type":"Point","coordinates":[14.157686,56.0180254]},"properties":{"id":"25476853","road":"E 22","name":"Sölvesborgsvägen","highway":"motorway"}},{"type":"Feature","geometry":{"type":"Point","coordinates":[13.171517,55.5370207]},"properties":{"id":"25487014","road":"E 65","name":null,"highway":"motorway"}},{"type":"Feature","geometry":{"type":"Point","coordinates":[13.4161627,59.4434742]},"properties":{"id":"25508062","road":"62","name":null,"highway":"primary"}},{"type":"Feature","geometry":{"type":"Point","coordinates":[15.2872151,60.3031024]},"properties":{"id":"25523401","road":"50","name":null,"highway":"trunk"}},{"type":"Feature","geometry":{"type":"Point","coordinates":[15.6148399,56.1864202]},"properties":{"id":"25563032","road":"E 22.06","name":null,"highway":"trunk"}},{"type":"Feature","geometry":{"type":"Point","coordinates":[13.3847333,55.9375012]},"properties":{"id":"25574527","road":"13","name":null,"highway":"primary"}},{"type":"Feature","geometry":{"type":"Point","coordinates":[15.6048924,60.6278153]},"properties":{"id":"25575312","road":"69","name":null,"highway":"primary"}},{"type":"Feature","geometry":{"type":"Point","coordinates":[15.5235312,57.6173668]},"properties":{"id":"25577295","road":"40","name":null,"highway":"trunk"}},{"type":"Feature","geometry":{"type":"Point","coordinates":[16.5198384,57.7279982]},"properties":{"id":"25579071","road":"E 22","name":null,"highway":"trunk"}},{"type":"Feature","geometry":{"type":"Point","coordinates":[16.3988608,57.72443]},"properties":{"id":"25580531","road":"40","name":null,"highway":"trunk"}},{"type":"Feature","geometry":{"type":"Point","coordinates":[15.8657014,57.6560663]},"properties":{"id":"25581339","road":"40","name":null,"highway":"trunk"}},{"type":"Feature","geometry":{"type":"Point","coordinates":[15.7741677,57.7506769]},"properties":{"id":"25581344","road":"23","name":null,"highway":"primary"}},{"type":"Feature","geometry":{"type":"Point","coordinates":[16.3045474,57.6996303]},"properties":{"id":"25589903","road":"40","name":null,"highway":"trunk"}},{"type":"Feature","geometry":{"type":"Point","coordinates":[12.1328997,59.3948272]},"properties":{"id":"25628965","road":"E 18","name":null,"highway":"trunk"}},{"type":"Feature","geometry":{"type":"Point","coordinates":[14.0596351,58.7991336]},"properties":{"id":"25637689","road":"E 20","name":null,"highway":"trunk"}},{"type":"Feature","geometry":{"type":"Point","coordinates":[15.5881579,56.1695492]},"properties":{"id":"25687768","road":"28","name":"Österleden","highway":"primary"}},{"type":"Feature","geometry":{"type":"Point","coordinates":[13.1870875,55.681076]},"properties":{"id":"25707296","road":"E 22","name":"Autostradan","highway":"motorway"}},{"type":"Feature","geometry":{"type":"Point","coordinates":[12.7620472,56.0179544]},"properties":{"id":"25731772","road":"E 4","name":"Malmöleden","highway":"motorway"}},{"type":"Feature","geometry":{"type":"Point","coordinates":[12.7609098,56.0209391]},"properties":{"id":"25731777","road":"111","name":"Österleden","highway":"primary"}},{"type":"Feature","geometry":{"type":"Point","coordinates":[15.6025263,56.2112439]},"properties":{"id":"25788998","road":"E 22","name":null,"highway":"trunk"}},{"type":"Feature","geometry":{"type":"Point","coordinates":[13.9313524,61.2773656]},"properties":{"id":"25832640","road":"70","name":"Särnavägen","highway":"primary"}},{"type":"Feature","geometry":{"type":"Point","coordinates":[13.4617056,58.3861589]},"properties":{"id":"25837768","road":"E 20","name":null,"highway":"trunk"}},{"type":"Feature","geometry":{"type":"Point","coordinates":[12.7144074,62.4332498]},"properties":{"id":"25869825","road":"84","name":null,"highway":"primary"}},{"type":"Feature","geometry":{"type":"Point","coordinates":[14.7604873,63.158229]},"properties":{"id":"25890265","road":"E 14","name":"Inlandsvägen","highway":"trunk"}},{"type":"Feature","geometry":{"type":"Point","coordinates":[11.9574536,57.7222907]},"properties":{"id":"25964967","road":"E 6.21","name":"Lundbyleden","highway":"motorway"}},{"type":"Feature","geometry":{"type":"Point","coordinates":[11.956151,57.7208081]},"properties":{"id":"25964971","road":"E 6.21","name":"Lundbyleden","highway":"motorway"}},{"type":"Feature","geometry":{"type":"Point","coordinates":[13.3182623,56.5134514]},"properties":{"id":"26008753","road":"15","name":null,"highway":"primary"}},{"type":"Feature","geometry":{"type":"Point","coordinates":[20.2938969,63.7503401]},"properties":{"id":"26151335","road":"E 12","name":"Bergöbron","highway":"trunk"}},{"type":"Feature","geometry":{"type":"Point","coordinates":[20.3346739,63.7109399]},"properties":{"id":"26151343","road":"E 12","name":"Obbolabron","highway":"trunk"}},{"type":"Feature","geometry":{"type":"Point","coordinates":[20.3522961,63.7119308]},"properties":{"id":"26151345","road":"E 12","name":"Obbolabron","highway":"trunk"}},{"type":"Feature","geometry":{"type":"Point","coordinates":[20.2816321,63.7993237]},"properties":{"id":"26151600","road":"E 4","name":null,"highway":"trunk"}},{"type":"Feature","geometry":{"type":"Point","coordinates":[14.9270819,56.1885667]},"properties":{"id":"26190362","road":"E 22.03","name":"Ronnebyvägen","highway":"primary"}},{"type":"Feature","geometry":{"type":"Point","coordinates":[15.0130682,56.2043118]},"properties":{"id":"26203000","road":"E 22","name":null,"highway":"trunk"}},{"type":"Feature","geometry":{"type":"Point","coordinates":[16.7393363,64.5859374]},"properties":{"id":"26241535","road":"E 45","name":"Inlandsvägen","highway":"trunk"}},{"type":"Feature","geometry":{"type":"Point","coordinates":[12.7654433,56.0864746]},"properties":{"id":"26291277","road":"E 4.23","name":null,"highway":"motorway"}},{"type":"Feature","geometry":{"type":"Point","coordinates":[13.6339597,56.4685042]},"properties":{"id":"26317831","road":"15","name":null,"highway":"primary"}},{"type":"Feature","geometry":{"type":"Point","coordinates":[16.4057937,60.2838361]},"properties":{"id":"26335886","road":"68","name":"Stora vägen","highway":"primary"}},{"type":"Feature","geometry":{"type":"Point","coordinates":[16.4904596,60.5679062]},"properties":{"id":"26339241","road":"68","name":null,"highway":"primary"}},{"type":"Feature","geometry":{"type":"Point","coordinates":[16.7509175,60.6284505]},"properties":{"id":"26357321","road":"E 16","name":null,"highway":"trunk"}},{"type":"Feature","geometry":{"type":"Point","coordinates":[18.3439159,59.6399153]},"properties":{"id":"26369183","road":"E 18","name":null,"highway":"motorway"}},{"type":"Feature","geometry":{"type":"Point","coordinates":[12.8984065,56.2521375]},"properties":{"id":"26372491","road":"13","name":null,"highway":"primary"}},{"type":"Feature","geometry":{"type":"Point","coordinates":[13.6402944,55.8591945]},"properties":{"id":"26380113","road":"13","name":null,"highway":"primary"}},{"type":"Feature","geometry":{"type":"Point","coordinates":[17.8397869,62.6724502]},"properties":{"id":"26400878","road":"E 4","name":null,"highway":"trunk"}},{"type":"Feature","geometry":{"type":"Point","coordinates":[17.9690379,62.818719]},"properties":{"id":"26417868","road":"E 4","name":null,"highway":"trunk"}},{"type":"Feature","geometry":{"type":"Point","coordinates":[17.9684492,62.827901]},"properties":{"id":"26418009","road":"E 4","name":null,"highway":"trunk"}},{"type":"Feature","geometry":{"type":"Point","coordinates":[18.0266092,62.8601273]},"properties":{"id":"26418518","road":"E 4","name":null,"highway":"trunk"}},{"type":"Feature","geometry":{"type":"Point","coordinates":[18.0604052,62.8759035]},"properties":{"id":"26418771","road":"E 4","name":null,"highway":"trunk"}},{"type":"Feature","geometry":{"type":"Point","coordinates":[18.0928233,62.9085367]},"properties":{"id":"26418779","road":"E 4","name":null,"highway":"trunk"}},{"type":"Feature","geometry":{"type":"Point","coordinates":[18.1928166,63.0126844]},"properties":{"id":"26419758","road":"E 4","name":null,"highway":"trunk"}},{"type":"Feature","geometry":{"type":"Point","coordinates":[13.2537996,60.4193375]},"properties":{"id":"26529370","road":"E 45","name":"Inlandsvägen","highway":"trunk"}},{"type":"Feature","geometry":{"type":"Point","coordinates":[12.9922788,60.1325912]},"properties":{"id":"26529451","road":"E 45","name":"Inlandsvägen","highway":"trunk"}},{"type":"Feature","geometry":{"type":"Point","coordinates":[16.1565772,58.6266504]},"properties":{"id":"26546923","road":"51","name":null,"highway":"primary"}},{"type":"Feature","geometry":{"type":"Point","coordinates":[16.1517796,58.6275821]},"properties":{"id":"26546948","road":"51","name":null,"highway":"primary"}},{"type":"Feature","geometry":{"type":"Point","coordinates":[16.1587244,58.6264466]},"properties":{"id":"26546969","road":"51","name":null,"highway":"primary"}},{"type":"Feature","geometry":{"type":"Point","coordinates":[12.9576155,61.7629535]},"properties":{"id":"26556495","road":"70","name":null,"highway":"primary"}},{"type":"Feature","geometry":{"type":"Point","coordinates":[17.0068359,59.5296938]},"properties":{"id":"26558177","road":"55","name":null,"highway":"primary"}},{"type":"Feature","geometry":{"type":"Point","coordinates":[13.7836643,56.1829782]},"properties":{"id":"26558787","road":"21","name":null,"highway":"primary"}},{"type":"Feature","geometry":{"type":"Point","coordinates":[13.3409457,56.2839279]},"properties":{"id":"26558799","road":"24","name":null,"highway":"primary"}},{"type":"Feature","geometry":{"type":"Point","coordinates":[13.3419746,56.2845938]},"properties":{"id":"26558800","road":"24","name":null,"highway":"primary"}},{"type":"Feature","geometry":{"type":"Point","coordinates":[13.8226961,56.1613847]},"properties":{"id":"26564974","road":"23","name":null,"highway":"primary"}},{"type":"Feature","geometry":{"type":"Point","coordinates":[13.8215569,56.1493538]},"properties":{"id":"26564976","road":"21","name":null,"highway":"primary"}},{"type":"Feature","geometry":{"type":"Point","coordinates":[14.0104882,56.3474733]},"properties":{"id":"26567573","road":"23","name":null,"highway":"primary"}},{"type":"Feature","geometry":{"type":"Point","coordinates":[14.0977434,56.1723525]},"properties":{"id":"26579164","road":"19","name":null,"highway":"primary"}},{"type":"Feature","geometry":{"type":"Point","coordinates":[13.8741358,56.2132352]},"properties":{"id":"26579168","road":"23","name":null,"highway":"primary"}},{"type":"Feature","geometry":{"type":"Point","coordinates":[13.692685,56.1772592]},"properties":{"id":"26579176","road":"21","name":null,"highway":"primary"}},{"type":"Feature","geometry":{"type":"Point","coordinates":[14.4812403,59.3233288]},"properties":{"id":"26598185","road":"E 18","name":"Kristinehamnsvägen","highway":"trunk"}},{"type":"Feature","geometry":{"type":"Point","coordinates":[13.8031309,56.1403371]},"properties":{"id":"26609452","road":"23","name":null,"highway":"primary"}},{"type":"Feature","geometry":{"type":"Point","coordinates":[13.8111771,56.1529529]},"properties":{"id":"26610194","road":"23","name":null,"highway":"primary"}},{"type":"Feature","geometry":{"type":"Point","coordinates":[14.2106363,56.0249103]},"properties":{"id":"26614873","road":"E 22","name":"Sölvesborgsvägen","highway":"motorway"}},{"type":"Feature","geometry":{"type":"Point","coordinates":[13.8159441,56.1711595]},"properties":{"id":"26786009","road":"21","name":null,"highway":"primary"}},{"type":"Feature","geometry":{"type":"Point","coordinates":[13.8833268,56.1004398]},"properties":{"id":"26786353","road":"21","name":null,"highway":"primary"}},{"type":"Feature","geometry":{"type":"Point","coordinates":[14.1163706,56.0182695]},"properties":{"id":"26786359","road":"E 22","name":"Malmövägen","highway":"trunk"}},{"type":"Feature","geometry":{"type":"Point","coordinates":[13.6826465,56.0311037]},"properties":{"id":"26792518","road":"23","name":null,"highway":"primary"}},{"type":"Feature","geometry":{"type":"Point","coordinates":[13.302581,56.2880197]},"properties":{"id":"26842101","road":"24","name":null,"highway":"primary"}},{"type":"Feature","geometry":{"type":"Point","coordinates":[12.8984534,56.2512691]},"properties":{"id":"26843595","road":"13","name":null,"highway":"primary"}},{"type":"Feature","geometry":{"type":"Point","coordinates":[13.7565462,56.1811299]},"properties":{"id":"26922556","road":"21","name":null,"highway":"primary"}},{"type":"Feature","geometry":{"type":"Point","coordinates":[14.9548436,56.1905328]},"properties":{"id":"26945303","road":"E 22","name":null,"highway":"trunk"}},{"type":"Feature","geometry":{"type":"Point","coordinates":[15.0309365,56.2048962]},"properties":{"id":"26945484","road":"E 22","name":null,"highway":"trunk"}},{"type":"Feature","geometry":{"type":"Point","coordinates":[15.3245342,56.2085403]},"properties":{"id":"26988535","road":"E 22","name":null,"highway":"trunk"}},{"type":"Feature","geometry":{"type":"Point","coordinates":[14.5448507,59.3306627]},"properties":{"id":"27009518","road":"E 18","name":"Örebrovägen","highway":"trunk"}},{"type":"Feature","geometry":{"type":"Point","coordinates":[13.217315,55.6982717]},"properties":{"id":"27104245","road":"102","name":"Dalbyvägen","highway":"primary"}},{"type":"Feature","geometry":{"type":"Point","coordinates":[14.1412496,55.7709616]},"properties":{"id":"27109319","road":"19","name":"Ystadsvägen","highway":"primary"}},{"type":"Feature","geometry":{"type":"Point","coordinates":[18.0209581,59.3027575]},"properties":{"id":"27298243","road":"75","name":"Årstalänken","highway":"motorway"}},{"type":"Feature","geometry":{"type":"Point","coordinates":[14.1017843,57.7885318]},"properties":{"id":"27332168","road":"26","name":"Västerleden","highway":"trunk"}},{"type":"Feature","geometry":{"type":"Point","coordinates":[18.0028455,59.2953733]},"properties":{"id":"27368517","road":"E 4","name":"Södertäljevägen","highway":"motorway"}},{"type":"Feature","geometry":{"type":"Point","coordinates":[13.0022385,55.5474612]},"properties":{"id":"27404933","road":"E 6.01","name":null,"highway":"motorway"}},{"type":"Feature","geometry":{"type":"Point","coordinates":[13.1442169,55.5459396]},"properties":{"id":"27405067","road":"E 65","name":null,"highway":"motorway"}},{"type":"Feature","geometry":{"type":"Point","coordinates":[18.0560614,59.3290464]},"properties":{"id":"27423358","road":"E 4.25","name":"Centralbron","highway":"trunk"}},{"type":"Feature","geometry":{"type":"Point","coordinates":[15.2078516,59.2743025]},"properties":{"id":"27437041","road":"E 20.5","name":"Östra Bangatan","highway":"primary"}},{"type":"Feature","geometry":{"type":"Point","coordinates":[18.3469929,59.3203708]},"properties":{"id":"27444055","road":"222","name":"Värmdöleden","highway":"primary"}},{"type":"Feature","geometry":{"type":"Point","coordinates":[13.5797993,56.4717275]},"properties":{"id":"27475272","road":"15","name":null,"highway":"primary"}},{"type":"Feature","geometry":{"type":"Point","coordinates":[14.1049304,57.7713625]},"properties":{"id":"27496270","road":"26","name":"Västerleden","highway":"trunk"}},{"type":"Feature","geometry":{"type":"Point","coordinates":[15.1353514,59.214304]},"properties":{"id":"27514121","road":"51","name":null,"highway":"primary"}},{"type":"Feature","geometry":{"type":"Point","coordinates":[20.2866083,63.7998477]},"properties":{"id":"27520330","road":"E 4","name":"Kolbäcksvägen","highway":"trunk"}},{"type":"Feature","geometry":{"type":"Point","coordinates":[18.6870142,64.5903605]},"properties":{"id":"27520861","road":"E 12","name":"Blå vägen","highway":"trunk"}},{"type":"Feature","geometry":{"type":"Point","coordinates":[13.0150419,55.7496101]},"properties":{"id":"27523733","road":"E 6","name":null,"highway":"motorway"}},{"type":"Feature","geometry":{"type":"Point","coordinates":[14.1398137,60.0868527]},"properties":{"id":"27529681","road":"26","name":null,"highway":"primary"}},{"type":"Feature","geometry":{"type":"Point","coordinates":[14.205243,60.129463]},"properties":{"id":"27531589","road":"26","name":null,"highway":"primary"}},{"type":"Feature","geometry":{"type":"Point","coordinates":[14.1060852,60.7213225]},"properties":{"id":"27531618","road":"26","name":"Vansbrovägen","highway":"primary"}},{"type":"Feature","geometry":{"type":"Point","coordinates":[13.0624093,55.6170395]},"properties":{"id":"27646919","road":"E 6.01","name":"Inre Ringvägen","highway":"motorway"}},{"type":"Feature","geometry":{"type":"Point","coordinates":[13.0541182,55.5968206]},"properties":{"id":"27646931","road":"E 6.01","name":"Inre Ringvägen","highway":"motorway"}},{"type":"Feature","geometry":{"type":"Point","coordinates":[13.0985198,55.6516452]},"properties":{"id":"27647139","road":"E 6","name":null,"highway":"motorway"}},{"type":"Feature","geometry":{"type":"Point","coordinates":[13.3059943,55.7681159]},"properties":{"id":"27776994","road":"E 22","name":null,"highway":"motorway"}},{"type":"Feature","geometry":{"type":"Point","coordinates":[13.0709399,55.7344475]},"properties":{"id":"27777182","road":"E 6","name":null,"highway":"motorway"}},{"type":"Feature","geometry":{"type":"Point","coordinates":[13.2616034,55.7463764]},"properties":{"id":"27777190","road":"E 22","name":null,"highway":"motorway"}},{"type":"Feature","geometry":{"type":"Point","coordinates":[13.3617803,55.7763659]},"properties":{"id":"27777781","road":"E 22","name":null,"highway":"motorway"}},{"type":"Feature","geometry":{"type":"Point","coordinates":[17.9867204,59.3941794]},"properties":{"id":"27810820","road":"E 4","name":"Uppsalavägen","highway":"motorway"}},{"type":"Feature","geometry":{"type":"Point","coordinates":[14.2629045,59.6278583]},"properties":{"id":"27851600","road":"26","name":null,"highway":"primary"}},{"type":"Feature","geometry":{"type":"Point","coordinates":[12.8784819,55.8752712]},"properties":{"id":"27943509","road":"17","name":null,"highway":"primary"}},{"type":"Feature","geometry":{"type":"Point","coordinates":[11.5735555,58.4941743]},"properties":{"id":"27946885","road":"E 6","name":null,"highway":"motorway"}},{"type":"Feature","geometry":{"type":"Point","coordinates":[12.9392321,57.7160377]},"properties":{"id":"28055818","road":"40","name":null,"highway":"motorway"}},{"type":"Feature","geometry":{"type":"Point","coordinates":[13.1043198,55.6409537]},"properties":{"id":"28113363","road":"E 22.10","name":null,"highway":"motorway"}},{"type":"Feature","geometry":{"type":"Point","coordinates":[13.2647407,56.5218641]},"properties":{"id":"28134341","road":"15","name":null,"highway":"primary"}},{"type":"Feature","geometry":{"type":"Point","coordinates":[14.1984568,58.8487409]},"properties":{"id":"28208569","road":"E 20","name":null,"highway":"trunk"}},{"type":"Feature","geometry":{"type":"Point","coordinates":[17.1059744,65.0825315]},"properties":{"id":"28231163","road":"E 45","name":"Inlandsvägen","highway":"trunk"}},{"type":"Feature","geometry":{"type":"Point","coordinates":[13.8210325,57.1670201]},"properties":{"id":"28247887","road":"27","name":null,"highway":"primary"}},{"type":"Feature","geometry":{"type":"Point","coordinates":[13.0783075,55.5600522]},"properties":{"id":"28286967","road":"E 65","name":"Ystadvägen","highway":"motorway"}},{"type":"Feature","geometry":{"type":"Point","coordinates":[13.1138114,55.6138821]},"properties":{"id":"28287277","road":"E 6","name":"Yttre Ringvägen","highway":"motorway"}},{"type":"Feature","geometry":{"type":"Point","coordinates":[13.1145884,55.6123524]},"properties":{"id":"28287284","road":"E 6","name":"Yttre Ringvägen","highway":"motorway"}},{"type":"Feature","geometry":{"type":"Point","coordinates":[13.0679852,55.6032248]},"properties":{"id":"28288222","road":"E 6.01","name":"Inre Ringvägen","highway":"motorway"}},{"type":"Feature","geometry":{"type":"Point","coordinates":[13.0859249,55.5654074]},"properties":{"id":"28288769","road":"E 6","name":"Yttre Ringvägen","highway":"motorway"}},{"type":"Feature","geometry":{"type":"Point","coordinates":[12.9816242,55.5466338]},"properties":{"id":"28289473","road":"E 20","name":"Yttre Ringvägen","highway":"motorway"}},{"type":"Feature","geometry":{"type":"Point","coordinates":[12.9818159,55.5473005]},"properties":{"id":"28289474","road":"E 20","name":"Yttre Ringvägen","highway":"motorway"}},{"type":"Feature","geometry":{"type":"Point","coordinates":[12.9205335,55.5649178]},"properties":{"id":"28289483","road":"E 20","name":null,"highway":"motorway"}},{"type":"Feature","geometry":{"type":"Point","coordinates":[12.9207755,55.5654782]},"properties":{"id":"28289490","road":"E 20","name":null,"highway":"motorway"}},{"type":"Feature","geometry":{"type":"Point","coordinates":[18.7940691,63.314994]},"properties":{"id":"28291799","road":"E 4","name":null,"highway":"trunk"}},{"type":"Feature","geometry":{"type":"Point","coordinates":[15.2300094,59.326556]},"properties":{"id":"28354866","road":"50","name":"Faluvägen","highway":"trunk"}},{"type":"Feature","geometry":{"type":"Point","coordinates":[17.3956812,59.6222523]},"properties":{"id":"28406861","road":"E 18","name":null,"highway":"motorway"}},{"type":"Feature","geometry":{"type":"Point","coordinates":[19.9739821,64.101594]},"properties":{"id":"28438800","road":"363","name":null,"highway":"primary"}},{"type":"Feature","geometry":{"type":"Point","coordinates":[19.8545084,63.9213842]},"properties":{"id":"28458469","road":"E 12","name":"Blå vägen","highway":"trunk"}},{"type":"Feature","geometry":{"type":"Point","coordinates":[19.704752,64.0081182]},"properties":{"id":"28458940","road":"E 12","name":"Blå vägen","highway":"trunk"}},{"type":"Feature","geometry":{"type":"Point","coordinates":[14.1439157,58.4279351]},"properties":{"id":"28459020","road":"49","name":null,"highway":"primary"}},{"type":"Feature","geometry":{"type":"Point","coordinates":[17.3888813,65.0458788]},"properties":{"id":"28463383","road":"E 12","name":"Blå vägen","highway":"trunk"}},{"type":"Feature","geometry":{"type":"Point","coordinates":[19.8489661,63.9209854]},"properties":{"id":"28534321","road":"E 12","name":"Blå vägen","highway":"trunk"}},{"type":"Feature","geometry":{"type":"Point","coordinates":[11.9435365,57.7130689]},"properties":{"id":"28569209","road":"E 6.21","name":"Lundbyleden","highway":"motorway"}},{"type":"Feature","geometry":{"type":"Point","coordinates":[12.1756481,57.6838695]},"properties":{"id":"28600339","road":"40","name":"Boråsleden","highway":"motorway"}},{"type":"Feature","geometry":{"type":"Point","coordinates":[17.6688544,59.8883566]},"properties":{"id":"28604059","road":"E 4","name":null,"highway":"motorway"}},{"type":"Feature","geometry":{"type":"Point","coordinates":[17.670544,59.8878664]},"properties":{"id":"28604065","road":"E 4","name":null,"highway":"motorway"}},{"type":"Feature","geometry":{"type":"Point","coordinates":[13.1066491,55.5758036]},"properties":{"id":"28612815","road":"E 6","name":"Yttre Ringvägen","highway":"motorway"}},{"type":"Feature","geometry":{"type":"Point","coordinates":[13.0969834,55.3774156]},"properties":{"id":"28637435","road":"E 6","name":null,"highway":"trunk"}},{"type":"Feature","geometry":{"type":"Point","coordinates":[13.0566058,55.584581]},"properties":{"id":"28665436","road":"E 6.01","name":"Inre Ringvägen","highway":"motorway"}},{"type":"Feature","geometry":{"type":"Point","coordinates":[16.9212636,60.2918158]},"properties":{"id":"28678544","road":"56","name":"Gysingevägen","highway":"trunk"}},{"type":"Feature","geometry":{"type":"Point","coordinates":[21.0729892,64.90374]},"properties":{"id":"28694291","road":"E 4","name":null,"highway":"trunk"}},{"type":"Feature","geometry":{"type":"Point","coordinates":[17.8533852,64.9119142]},"properties":{"id":"28739167","road":"E 12","name":"Blå vägen","highway":"trunk"}},{"type":"Feature","geometry":{"type":"Point","coordinates":[17.9019906,64.8796855]},"properties":{"id":"28739169","road":"E 12","name":"Blå vägen","highway":"trunk"}},{"type":"Feature","geometry":{"type":"Point","coordinates":[13.0502891,55.57619]},"properties":{"id":"28757715","road":"E 6.01","name":"Inre Ringvägen","highway":"motorway"}},{"type":"Feature","geometry":{"type":"Point","coordinates":[13.0519046,55.5785643]},"properties":{"id":"28757830","road":"E 6.01","name":"Inre Ringvägen","highway":"motorway"}},{"type":"Feature","geometry":{"type":"Point","coordinates":[13.0556575,55.588976]},"properties":{"id":"28765941","road":"E 6.01","name":"Inre Ringvägen","highway":"motorway"}},{"type":"Feature","geometry":{"type":"Point","coordinates":[17.1455329,59.6475296]},"properties":{"id":"28791977","road":"55","name":null,"highway":"primary"}},{"type":"Feature","geometry":{"type":"Point","coordinates":[13.050036,55.5497945]},"properties":{"id":"28841846","road":"E 6","name":"Yttre Ringvägen","highway":"motorway"}},{"type":"Feature","geometry":{"type":"Point","coordinates":[16.6364642,65.3274861]},"properties":{"id":"28851524","road":"E 12","name":"Blå vägen","highway":"trunk"}},{"type":"Feature","geometry":{"type":"Point","coordinates":[12.2271998,57.2307428]},"properties":{"id":"28886478","road":"E 6","name":null,"highway":"motorway"}},{"type":"Feature","geometry":{"type":"Point","coordinates":[12.228065,57.229787]},"properties":{"id":"28888764","road":"E 6","name":null,"highway":"motorway"}},{"type":"Feature","geometry":{"type":"Point","coordinates":[13.8337431,57.9806478]},"properties":{"id":"28901551","road":"26","name":null,"highway":"trunk"}},{"type":"Feature","geometry":{"type":"Point","coordinates":[14.156825,57.7583]},"properties":{"id":"28909032","road":"E 4","name":null,"highway":"motorway"}},{"type":"Feature","geometry":{"type":"Point","coordinates":[13.0900491,55.5678316]},"properties":{"id":"28945194","road":"E 6","name":"Yttre Ringvägen","highway":"motorway"}},{"type":"Feature","geometry":{"type":"Point","coordinates":[15.3384972,60.1417746]},"properties":{"id":"28960462","road":"66","name":"Barkenvägen","highway":"primary"}},{"type":"Feature","geometry":{"type":"Point","coordinates":[15.180684,60.146401]},"properties":{"id":"28963829","road":"50","name":"Bergslagsgatan","highway":"trunk"}},{"type":"Feature","geometry":{"type":"Point","coordinates":[14.1499634,59.3170852]},"properties":{"id":"28966919","road":"E 18","name":null,"highway":"trunk"}},{"type":"Feature","geometry":{"type":"Point","coordinates":[15.5193387,60.0948132]},"properties":{"id":"28971556","road":"66","name":"Barkenvägen","highway":"primary"}},{"type":"Feature","geometry":{"type":"Point","coordinates":[15.5783864,60.0405552]},"properties":{"id":"28971627","road":"66","name":"Barkenvägen","highway":"primary"}},{"type":"Feature","geometry":{"type":"Point","coordinates":[22.0591562,65.624241]},"properties":{"id":"29049159","road":"97","name":null,"highway":"primary"}},{"type":"Feature","geometry":{"type":"Point","coordinates":[14.9392354,63.0182131]},"properties":{"id":"29062021","road":"E 14","name":null,"highway":"trunk"}},{"type":"Feature","geometry":{"type":"Point","coordinates":[15.243711,62.9180184]},"properties":{"id":"29062922","road":"E 14","name":null,"highway":"trunk"}},{"type":"Feature","geometry":{"type":"Point","coordinates":[15.1838515,63.1915695]},"properties":{"id":"29072483","road":"87","name":null,"highway":"primary"}},{"type":"Feature","geometry":{"type":"Point","coordinates":[16.2220607,63.1556634]},"properties":{"id":"29072756","road":"87","name":null,"highway":"primary"}},{"type":"Feature","geometry":{"type":"Point","coordinates":[11.9825355,57.501384]},"properties":{"id":"29085075","road":"158","name":"Säröleden","highway":"primary"}},{"type":"Feature","geometry":{"type":"Point","coordinates":[13.1045384,56.1241553]},"properties":{"id":"29312676","road":"21","name":null,"highway":"primary"}},{"type":"Feature","geometry":{"type":"Point","coordinates":[15.5076652,65.654793]},"properties":{"id":"29318340","road":"E 12","name":"Forsbäck","highway":"trunk"}},{"type":"Feature","geometry":{"type":"Point","coordinates":[15.3395274,65.7169992]},"properties":{"id":"29322619","road":"E 12","name":"Blå vägen","highway":"trunk"}},{"type":"Feature","geometry":{"type":"Point","coordinates":[15.0891185,65.7427242]},"properties":{"id":"29330967","road":"E 12","name":"Blå vägen","highway":"trunk"}},{"type":"Feature","geometry":{"type":"Point","coordinates":[15.1119003,65.7814935]},"properties":{"id":"29330975","road":"E 12","name":"Blå vägen","highway":"trunk"}},{"type":"Feature","geometry":{"type":"Point","coordinates":[13.5361529,56.1464646]},"properties":{"id":"29428314","road":"21","name":null,"highway":"primary"}},{"type":"Feature","geometry":{"type":"Point","coordinates":[15.0442586,65.8431188]},"properties":{"id":"29592674","road":"E 12","name":"Blå vägen","highway":"trunk"}},{"type":"Feature","geometry":{"type":"Point","coordinates":[15.0950735,66.0100689]},"properties":{"id":"29639751","road":"E 12","name":"Blå vägen","highway":"trunk"}},{"type":"Feature","geometry":{"type":"Point","coordinates":[13.2713452,61.1490701]},"properties":{"id":"29654992","road":"66","name":"Nya fjällvägen","highway":"primary"}},{"type":"Feature","geometry":{"type":"Point","coordinates":[12.2800474,57.1690856]},"properties":{"id":"29680423","road":"E 6","name":null,"highway":"motorway"}},{"type":"Feature","geometry":{"type":"Point","coordinates":[19.6647537,63.5871234]},"properties":{"id":"29709786","road":"E 4","name":null,"highway":"trunk"}},{"type":"Feature","geometry":{"type":"Point","coordinates":[19.4252785,63.5591675]},"properties":{"id":"29709788","road":"E 4","name":null,"highway":"trunk"}},{"type":"Feature","geometry":{"type":"Point","coordinates":[19.1163893,63.3431731]},"properties":{"id":"29712583","road":"E 4","name":null,"highway":"trunk"}},{"type":"Feature","geometry":{"type":"Point","coordinates":[19.1691682,63.3571888]},"properties":{"id":"29717228","road":"E 4","name":null,"highway":"trunk"}},{"type":"Feature","geometry":{"type":"Point","coordinates":[13.8233247,58.6759142]},"properties":{"id":"29755462","road":"E 20","name":null,"highway":"trunk"}},{"type":"Feature","geometry":{"type":"Point","coordinates":[16.9808356,61.0923116]},"properties":{"id":"29882320","road":"E 4","name":null,"highway":"trunk"}},{"type":"Feature","geometry":{"type":"Point","coordinates":[12.0060422,57.7225194]},"properties":{"id":"29971891","road":"E 20","name":null,"highway":"motorway"}},{"type":"Feature","geometry":{"type":"Point","coordinates":[17.4271792,62.5179754]},"properties":{"id":"29994310","road":"E 4","name":"Deltavägen","highway":"trunk"}},{"type":"Feature","geometry":{"type":"Point","coordinates":[17.4565933,62.5168625]},"properties":{"id":"29994318","road":"E 4","name":"Deltavägen","highway":"trunk"}},{"type":"Feature","geometry":{"type":"Point","coordinates":[17.449691,62.5167243]},"properties":{"id":"29994320","road":"E 4","name":"Deltavägen","highway":"trunk"}},{"type":"Feature","geometry":{"type":"Point","coordinates":[17.9263496,62.6332724]},"properties":{"id":"29995421","road":"E 4","name":null,"highway":"trunk"}},{"type":"Feature","geometry":{"type":"Point","coordinates":[17.9076891,62.7376398]},"properties":{"id":"29996220","road":"E 4","name":null,"highway":"trunk"}},{"type":"Feature","geometry":{"type":"Point","coordinates":[17.9063984,62.7390244]},"properties":{"id":"29996222","road":"E 4","name":null,"highway":"trunk"}},{"type":"Feature","geometry":{"type":"Point","coordinates":[17.9680607,62.8350956]},"properties":{"id":"29996750","road":"E 4","name":null,"highway":"trunk"}},{"type":"Feature","geometry":{"type":"Point","coordinates":[18.0985291,62.9259157]},"properties":{"id":"29996761","road":"E 4","name":null,"highway":"trunk"}},{"type":"Feature","geometry":{"type":"Point","coordinates":[13.0898664,55.7224629]},"properties":{"id":"30009217","road":"E 6.02","name":"Fjelievägen","highway":"primary"}},{"type":"Feature","geometry":{"type":"Point","coordinates":[19.674551,66.5053851]},"properties":{"id":"30010493","road":"E 45","name":"Inlandsvägen","highway":"trunk"}},{"type":"Feature","geometry":{"type":"Point","coordinates":[13.0797293,63.4008601]},"properties":{"id":"30014604","road":"E 14","name":"Trondheimsleden","highway":"trunk"}},{"type":"Feature","geometry":{"type":"Point","coordinates":[14.3860649,62.6157321]},"properties":{"id":"30019378","road":"E 45","name":"Inlandsvägen","highway":"trunk"}},{"type":"Feature","geometry":{"type":"Point","coordinates":[15.1490767,59.4945558]},"properties":{"id":"30039838","road":"50","name":null,"highway":"trunk"}},{"type":"Feature","geometry":{"type":"Point","coordinates":[15.0536416,66.0374321]},"properties":{"id":"30050361","road":"E 12","name":"Blå vägen","highway":"trunk"}},{"type":"Feature","geometry":{"type":"Point","coordinates":[14.7489441,59.0107488]},"properties":{"id":"30051161","road":"E 20","name":null,"highway":"trunk"}},{"type":"Feature","geometry":{"type":"Point","coordinates":[23.6886682,66.3788316]},"properties":{"id":"30067649","road":"98","name":"Tullitie","highway":"primary"}},{"type":"Feature","geometry":{"type":"Point","coordinates":[15.5328817,62.4999901]},"properties":{"id":"30071151","road":"83","name":null,"highway":"primary"}},{"type":"Feature","geometry":{"type":"Point","coordinates":[14.6456717,66.1289802]},"properties":{"id":"30104279","road":"E 12","name":"Blå vägen","highway":"trunk"}},{"type":"Feature","geometry":{"type":"Point","coordinates":[12.7326814,56.0778691]},"properties":{"id":"30104703","road":"111","name":"Christinelundsvägen","highway":"primary"}},{"type":"Feature","geometry":{"type":"Point","coordinates":[12.7341501,56.0766299]},"properties":{"id":"30104716","road":"111","name":null,"highway":"primary"}},{"type":"Feature","geometry":{"type":"Point","coordinates":[12.7352696,56.0774873]},"properties":{"id":"30104719","road":"111","name":null,"highway":"primary"}},{"type":"Feature","geometry":{"type":"Point","coordinates":[12.9426569,57.7156772]},"properties":{"id":"30113281","road":"40","name":null,"highway":"motorway"}},{"type":"Feature","geometry":{"type":"Point","coordinates":[12.9265809,57.7180603]},"properties":{"id":"30113289","road":"40","name":null,"highway":"motorway"}},{"type":"Feature","geometry":{"type":"Point","coordinates":[12.9242787,57.7177229]},"properties":{"id":"30113291","road":"40","name":null,"highway":"motorway"}},{"type":"Feature","geometry":{"type":"Point","coordinates":[12.2355039,57.6842475]},"properties":{"id":"30116683","road":"40","name":"Boråsleden","highway":"motorway"}},{"type":"Feature","geometry":{"type":"Point","coordinates":[12.0010755,57.689024]},"properties":{"id":"30118685","road":"40","name":"Boråsleden","highway":"motorway"}},{"type":"Feature","geometry":{"type":"Point","coordinates":[13.0274376,59.2036624]},"properties":{"id":"30124281","road":"E 45","name":"Inlandsvägen","highway":"trunk"}},{"type":"Feature","geometry":{"type":"Point","coordinates":[12.6203251,57.4774084]},"properties":{"id":"30146347","road":"41","name":null,"highway":"primary"}},{"type":"Feature","geometry":{"type":"Point","coordinates":[12.5615402,57.660932]},"properties":{"id":"30152961","road":"40","name":null,"highway":"motorway"}},{"type":"Feature","geometry":{"type":"Point","coordinates":[12.4853771,57.6730699]},"properties":{"id":"30174258","road":"40","name":null,"highway":"motorway"}},{"type":"Feature","geometry":{"type":"Point","coordinates":[12.6770083,59.0526462]},"properties":{"id":"30176160","road":"E 45","name":null,"highway":"trunk"}},{"type":"Feature","geometry":{"type":"Point","coordinates":[12.6880097,59.0185551]},"properties":{"id":"30176163","road":"E 45","name":null,"highway":"trunk"}},{"type":"Feature","geometry":{"type":"Point","coordinates":[12.5050355,58.7789489]},"properties":{"id":"30283860","road":"E 45","name":null,"highway":"trunk"}},{"type":"Feature","geometry":{"type":"Point","coordinates":[13.0114041,57.8051189]},"properties":{"id":"30471477","road":"42","name":null,"highway":"primary"}},{"type":"Feature","geometry":{"type":"Point","coordinates":[13.8658318,58.4263402]},"properties":{"id":"30607239","road":"26","name":null,"highway":"trunk"}},{"type":"Feature","geometry":{"type":"Point","coordinates":[13.8826702,58.4197774]},"properties":{"id":"30608023","road":"26","name":"Törebodavägen","highway":"trunk"}},{"type":"Feature","geometry":{"type":"Point","coordinates":[13.8781808,58.4197579]},"properties":{"id":"30608034","road":"26","name":"Törebodavägen","highway":"trunk"}},{"type":"Feature","geometry":{"type":"Point","coordinates":[13.603246,59.9996529]},"properties":{"id":"30646917","road":"62","name":null,"highway":"primary"}},{"type":"Feature","geometry":{"type":"Point","coordinates":[12.2902434,58.3889965]},"properties":{"id":"30679142","road":"E 45","name":null,"highway":"trunk"}},{"type":"Feature","geometry":{"type":"Point","coordinates":[13.9214082,55.4355676]},"properties":{"id":"30729139","road":"9","name":"Österleden","highway":"primary"}},{"type":"Feature","geometry":{"type":"Point","coordinates":[13.4813313,55.4925807]},"properties":{"id":"30732781","road":"E 65","name":null,"highway":"trunk"}},{"type":"Feature","geometry":{"type":"Point","coordinates":[18.1446591,59.1900395]},"properties":{"id":"30755206","road":"73","name":"Nynäsvägen","highway":"motorway"}},{"type":"Feature","geometry":{"type":"Point","coordinates":[12.3036813,58.319086]},"properties":{"id":"30773419","road":"E 45","name":null,"highway":"trunk"}},{"type":"Feature","geometry":{"type":"Point","coordinates":[12.3330986,58.2992745]},"properties":{"id":"30773433","road":"E 45","name":null,"highway":"trunk"}},{"type":"Feature","geometry":{"type":"Point","coordinates":[12.3317146,58.2996533]},"properties":{"id":"30773434","road":"E 45","name":null,"highway":"trunk"}},{"type":"Feature","geometry":{"type":"Point","coordinates":[13.4985542,55.8744377]},"properties":{"id":"30809347","road":"23","name":null,"highway":"primary"}},{"type":"Feature","geometry":{"type":"Point","coordinates":[17.9929626,59.3335534]},"properties":{"id":"30842541","road":"275","name":"Tranebergsbron","highway":"primary"}},{"type":"Feature","geometry":{"type":"Point","coordinates":[19.8993777,66.8106407]},"properties":{"id":"30850411","road":"E 45","name":"Inlandsvägen","highway":"trunk"}},{"type":"Feature","geometry":{"type":"Point","coordinates":[13.0529752,56.1904794]},"properties":{"id":"30907812","road":"E 4","name":null,"highway":"motorway"}},{"type":"Feature","geometry":{"type":"Point","coordinates":[12.8754601,56.1129549]},"properties":{"id":"30907823","road":"E 4","name":null,"highway":"motorway"}},{"type":"Feature","geometry":{"type":"Point","coordinates":[13.3945401,60.2892602]},"properties":{"id":"31000345","road":"62","name":null,"highway":"primary"}},{"type":"Feature","geometry":{"type":"Point","coordinates":[13.5514468,60.0613229]},"properties":{"id":"31000349","road":"62","name":null,"highway":"primary"}},{"type":"Feature","geometry":{"type":"Point","coordinates":[13.5333037,59.828834]},"properties":{"id":"31000918","road":"62","name":"Klarälvsvägen","highway":"primary"}},{"type":"Feature","geometry":{"type":"Point","coordinates":[13.5053118,59.3978939]},"properties":{"id":"31001606","road":"E 18","name":"Borgmästarbron","highway":"motorway"}},{"type":"Feature","geometry":{"type":"Point","coordinates":[12.1546938,58.2004703]},"properties":{"id":"31006692","road":"E 45","name":null,"highway":"trunk"}},{"type":"Feature","geometry":{"type":"Point","coordinates":[15.4575612,60.7183433]},"properties":{"id":"31052394","road":"69","name":null,"highway":"primary"}},{"type":"Feature","geometry":{"type":"Point","coordinates":[15.6148412,60.6206411]},"properties":{"id":"31053285","road":"E 16","name":"Hanröleden","highway":"trunk"}},{"type":"Feature","geometry":{"type":"Point","coordinates":[15.7224366,60.5900112]},"properties":{"id":"31054511","road":"E 16","name":"Korsnäsvägen","highway":"trunk"}},{"type":"Feature","geometry":{"type":"Point","coordinates":[15.7344371,60.5919513]},"properties":{"id":"31054512","road":"E 16","name":"Korsnäsvägen","highway":"trunk"}},{"type":"Feature","geometry":{"type":"Point","coordinates":[12.7345718,56.0193475]},"properties":{"id":"31056241","road":"E 4","name":"Malmöleden","highway":"motorway"}},{"type":"Feature","geometry":{"type":"Point","coordinates":[12.9807671,56.1382163]},"properties":{"id":"31056258","road":"21","name":null,"highway":"primary"}},{"type":"Feature","geometry":{"type":"Point","coordinates":[12.7210905,56.8123612]},"properties":{"id":"31072799","road":"E 6","name":null,"highway":"motorway"}},{"type":"Feature","geometry":{"type":"Point","coordinates":[12.8198739,56.7652759]},"properties":{"id":"31072809","road":"E 6","name":null,"highway":"motorway"}},{"type":"Feature","geometry":{"type":"Point","coordinates":[18.0101462,59.3314043]},"properties":{"id":"31105170","road":"E 4","name":"Essingeleden","highway":"motorway"}},{"type":"Feature","geometry":{"type":"Point","coordinates":[18.0109352,59.3371324]},"properties":{"id":"31105180","road":"E 4","name":"Essingeleden","highway":"motorway"}},{"type":"Feature","geometry":{"type":"Point","coordinates":[14.5678541,56.92181]},"properties":{"id":"31110657","road":"25","name":null,"highway":"trunk"}},{"type":"Feature","geometry":{"type":"Point","coordinates":[17.0322277,61.2350127]},"properties":{"id":"31184063","road":"E 4","name":null,"highway":"trunk"}},{"type":"Feature","geometry":{"type":"Point","coordinates":[17.0335322,61.2411194]},"properties":{"id":"31184077","road":"E 4","name":null,"highway":"trunk"}},{"type":"Feature","geometry":{"type":"Point","coordinates":[16.9867164,61.4799409]},"properties":{"id":"31184089","road":"E 4","name":null,"highway":"trunk"}},{"type":"Feature","geometry":{"type":"Point","coordinates":[13.2668181,61.1485926]},"properties":{"id":"31266982","road":"66","name":"Nya fjällvägen","highway":"primary"}},{"type":"Feature","geometry":{"type":"Point","coordinates":[13.7403226,60.6629264]},"properties":{"id":"31270726","road":"E 16","name":"Västerdalsvägen","highway":"trunk"}},{"type":"Feature","geometry":{"type":"Point","coordinates":[14.1579169,59.7136747]},"properties":{"id":"31713923","road":"63","name":null,"highway":"primary"}},{"type":"Feature","geometry":{"type":"Point","coordinates":[18.1773477,65.583049]},"properties":{"id":"31744915","road":"E 45","name":"Inlandsvägen","highway":"trunk"}},{"type":"Feature","geometry":{"type":"Point","coordinates":[18.1662475,65.5837473]},"properties":{"id":"31901633","road":"E 45","name":"Inlandsvägen","highway":"trunk"}},{"type":"Feature","geometry":{"type":"Point","coordinates":[18.8687799,65.6002741]},"properties":{"id":"32112754","road":"E 45","name":"Inlandsvägen","highway":"trunk"}},{"type":"Feature","geometry":{"type":"Point","coordinates":[20.0483484,65.6875304]},"properties":{"id":"32115900","road":"94","name":null,"highway":"primary"}},{"type":"Feature","geometry":{"type":"Point","coordinates":[16.911401,60.6264347]},"properties":{"id":"32121119","road":"E 16","name":null,"highway":"motorway"}},{"type":"Feature","geometry":{"type":"Point","coordinates":[13.5222179,58.5350792]},"properties":{"id":"32398805","road":"E 20","name":null,"highway":"primary"}},{"type":"Feature","geometry":{"type":"Point","coordinates":[11.2322699,58.9979994]},"properties":{"id":"32544465","road":"E 6","name":null,"highway":"motorway"}},{"type":"Feature","geometry":{"type":"Point","coordinates":[12.3261505,63.2879337]},"properties":{"id":"32649972","road":"E 14","name":null,"highway":"trunk"}},{"type":"Feature","geometry":{"type":"Point","coordinates":[13.0480753,60.2888205]},"properties":{"id":"32901420","road":"E 45","name":"Inlandsvägen","highway":"trunk"}},{"type":"Feature","geometry":{"type":"Point","coordinates":[13.5135967,59.369885]},"properties":{"id":"32910010","road":"236","name":"Hammaröleden","highway":"primary"}},{"type":"Feature","geometry":{"type":"Point","coordinates":[16.5770064,61.2220563]},"properties":{"id":"32953261","road":"83","name":"Kilafors Riksväg","highway":"primary"}},{"type":"Feature","geometry":{"type":"Point","coordinates":[16.2249158,57.7013057]},"properties":{"id":"33082143","road":"40","name":null,"highway":"trunk"}},{"type":"Feature","geometry":{"type":"Point","coordinates":[16.0678337,61.8339862]},"properties":{"id":"33215839","road":"83","name":"Ramsjövägen","highway":"primary"}},{"type":"Feature","geometry":{"type":"Point","coordinates":[16.0662034,61.8237385]},"properties":{"id":"33280755","road":"83","name":null,"highway":"primary"}},{"type":"Feature","geometry":{"type":"Point","coordinates":[11.9314318,57.6441269]},"properties":{"id":"33292994","road":"158","name":"Säröleden","highway":"primary"}},{"type":"Feature","geometry":{"type":"Point","coordinates":[11.9437893,57.6459202]},"properties":{"id":"33293019","road":"E 6.20","name":"Söderleden","highway":"trunk"}},{"type":"Feature","geometry":{"type":"Point","coordinates":[16.4340499,57.2685964]},"properties":{"id":"33441492","road":"E 22","name":null,"highway":"trunk"}},{"type":"Feature","geometry":{"type":"Point","coordinates":[17.3178507,62.4828206]},"properties":{"id":"33442748","road":"E 4","name":null,"highway":"motorway"}},{"type":"Feature","geometry":{"type":"Point","coordinates":[16.4310174,57.2667596]},"properties":{"id":"33443971","road":"E 22","name":null,"highway":"trunk"}},{"type":"Feature","geometry":{"type":"Point","coordinates":[17.0806304,60.7504293]},"properties":{"id":"33628015","road":"E 4","name":null,"highway":"trunk"}},{"type":"Feature","geometry":{"type":"Point","coordinates":[13.2623592,56.0761968]},"properties":{"id":"33775849","road":"13","name":"Skäralidsvägen","highway":"primary"}},{"type":"Feature","geometry":{"type":"Point","coordinates":[17.5441803,59.8435654]},"properties":{"id":"33917258","road":"55","name":null,"highway":"primary"}},{"type":"Feature","geometry":{"type":"Point","coordinates":[13.6679463,55.4740379]},"properties":{"id":"34033042","road":"E 65","name":"Malmövägen","highway":"trunk"}},{"type":"Feature","geometry":{"type":"Point","coordinates":[13.7636114,57.1723901]},"properties":{"id":"34080453","road":"27","name":"Anderstorpsvägen","highway":"primary"}},{"type":"Feature","geometry":{"type":"Point","coordinates":[15.5100272,60.4374507]},"properties":{"id":"34144791","road":"70","name":null,"highway":"trunk"}},{"type":"Feature","geometry":{"type":"Point","coordinates":[13.5394143,59.4002139]},"properties":{"id":"34356723","road":"E 18","name":null,"highway":"motorway"}},{"type":"Feature","geometry":{"type":"Point","coordinates":[13.5479771,59.401602]},"properties":{"id":"34356765","road":"E 18","name":null,"highway":"motorway"}},{"type":"Feature","geometry":{"type":"Point","coordinates":[14.857092,56.8564554]},"properties":{"id":"34424846","road":"27","name":"Ronnebyvägen","highway":"primary"}},{"type":"Feature","geometry":{"type":"Point","coordinates":[13.6522181,56.4986428]},"properties":{"id":"34478401","road":"E 4","name":null,"highway":"motorway"}},{"type":"Feature","geometry":{"type":"Point","coordinates":[17.458802,58.959144]},"properties":{"id":"34505965","road":"E 4","name":null,"highway":"motorway"}},{"type":"Feature","geometry":{"type":"Point","coordinates":[17.4209506,58.9351431]},"properties":{"id":"34547688","road":"E 4","name":null,"highway":"motorway"}},{"type":"Feature","geometry":{"type":"Point","coordinates":[13.1617244,56.1194613]},"properties":{"id":"34573060","road":"13","name":null,"highway":"primary"}},{"type":"Feature","geometry":{"type":"Point","coordinates":[15.4559417,60.4835594]},"properties":{"id":"34744132","road":"E 16","name":null,"highway":"trunk"}},{"type":"Feature","geometry":{"type":"Point","coordinates":[13.6102796,56.4753165]},"properties":{"id":"34996950","road":"15","name":null,"highway":"primary"}},{"type":"Feature","geometry":{"type":"Point","coordinates":[18.6776738,59.7443068]},"properties":{"id":"35012463","road":"77","name":null,"highway":"motorway"}},{"type":"Feature","geometry":{"type":"Point","coordinates":[13.6926272,55.647552]},"properties":{"id":"35089748","road":"13","name":"Hörbyvägen","highway":"primary"}},{"type":"Feature","geometry":{"type":"Point","coordinates":[15.3774918,60.5138084]},"properties":{"id":"35147497","road":"E 16","name":"Tjärnavägen","highway":"trunk"}},{"type":"Feature","geometry":{"type":"Point","coordinates":[12.0025736,57.7242811]},"properties":{"id":"35317194","road":"E 6.21","name":"Partihallsförbindelsen","highway":"motorway"}},{"type":"Feature","geometry":{"type":"Point","coordinates":[18.1229786,59.2345581]},"properties":{"id":"35447740","road":"73","name":"Nynäsvägen","highway":"motorway"}},{"type":"Feature","geometry":{"type":"Point","coordinates":[18.0592155,59.328796]},"properties":{"id":"35477774","road":"E 4.25","name":"Centralbron","highway":"trunk"}},{"type":"Feature","geometry":{"type":"Point","coordinates":[15.1322061,59.1015271]},"properties":{"id":"35539889","road":"52","name":null,"highway":"primary"}},{"type":"Feature","geometry":{"type":"Point","coordinates":[17.9228482,59.4955242]},"properties":{"id":"35541318","road":"E 4","name":"Uppsalavägen","highway":"motorway"}},{"type":"Feature","geometry":{"type":"Point","coordinates":[14.4308112,57.9917386]},"properties":{"id":"35896572","road":"E 4","name":null,"highway":"motorway"}},{"type":"Feature","geometry":{"type":"Point","coordinates":[13.5328653,59.4186956]},"properties":{"id":"35924682","road":"63","name":null,"highway":"primary"}},{"type":"Feature","geometry":{"type":"Point","coordinates":[16.3272208,56.6829589]},"properties":{"id":"35957599","road":"137","name":"Ölandsleden","highway":"primary"}},{"type":"Feature","geometry":{"type":"Point","coordinates":[13.6043031,59.4010603]},"properties":{"id":"35969167","road":"E 18","name":null,"highway":"motorway"}},{"type":"Feature","geometry":{"type":"Point","coordinates":[18.1353981,59.3103839]},"properties":{"id":"35971209","road":"222","name":"Värmdöleden","highway":"motorway"}},{"type":"Feature","geometry":{"type":"Point","coordinates":[15.0865977,60.6753618]},"properties":{"id":"35976837","road":"70","name":null,"highway":"trunk"}},{"type":"Feature","geometry":{"type":"Point","coordinates":[13.4254207,59.3821841]},"properties":{"id":"36132613","road":"61","name":null,"highway":"primary"}},{"type":"Feature","geometry":{"type":"Point","coordinates":[16.8325391,59.9474896]},"properties":{"id":"36334269","road":"56","name":null,"highway":"trunk"}},{"type":"Feature","geometry":{"type":"Point","coordinates":[15.5370008,58.4256644]},"properties":{"id":"36716210","road":"34","name":"Malmslättsvägen","highway":"motorway"}},{"type":"Feature","geometry":{"type":"Point","coordinates":[12.5406036,57.9261049]},"properties":{"id":"36825779","road":"E 20","name":null,"highway":"trunk"}},{"type":"Feature","geometry":{"type":"Point","coordinates":[12.1591739,57.7440659]},"properties":{"id":"36834982","road":"E 20","name":null,"highway":"motorway"}},{"type":"Feature","geometry":{"type":"Point","coordinates":[20.9812106,64.726295]},"properties":{"id":"36865927","road":"E 4","name":null,"highway":"trunk"}},{"type":"Feature","geometry":{"type":"Point","coordinates":[13.4779049,58.4755658]},"properties":{"id":"36978473","road":"E 20","name":null,"highway":"motorway"}},{"type":"Feature","geometry":{"type":"Point","coordinates":[13.4842404,58.4865077]},"properties":{"id":"36978477","road":"E 20","name":null,"highway":"motorway"}},{"type":"Feature","geometry":{"type":"Point","coordinates":[13.5412564,58.5434912]},"properties":{"id":"36978482","road":"E 20","name":null,"highway":"motorway"}},{"type":"Feature","geometry":{"type":"Point","coordinates":[12.2603492,57.763211]},"properties":{"id":"37016051","road":"E 20","name":null,"highway":"motorway"}},{"type":"Feature","geometry":{"type":"Point","coordinates":[12.3253875,57.7869183]},"properties":{"id":"37016935","road":"E 20","name":null,"highway":"motorway"}},{"type":"Feature","geometry":{"type":"Point","coordinates":[17.9229809,62.6367824]},"properties":{"id":"37074202","road":"E 4","name":null,"highway":"trunk"}},{"type":"Feature","geometry":{"type":"Point","coordinates":[17.9076036,62.6442404]},"properties":{"id":"37074204","road":"E 4","name":null,"highway":"trunk"}},{"type":"Feature","geometry":{"type":"Point","coordinates":[16.3143382,58.4802574]},"properties":{"id":"37266643","road":"E 22","name":"Erik Dahlbergsgatan","highway":"trunk"}},{"type":"Feature","geometry":{"type":"Point","coordinates":[13.5954653,55.4827438]},"properties":{"id":"37374654","road":"E 65","name":null,"highway":"trunk"}},{"type":"Feature","geometry":{"type":"Point","coordinates":[17.1788249,59.2402668]},"properties":{"id":"37385270","road":"E 20","name":null,"highway":"motorway"}},{"type":"Feature","geometry":{"type":"Point","coordinates":[19.2336927,68.3020852]},"properties":{"id":"37388293","road":"E 10","name":null,"highway":"trunk"}},{"type":"Feature","geometry":{"type":"Point","coordinates":[15.2958214,58.3702109]},"properties":{"id":"37776354","road":"E 4","name":null,"highway":"motorway"}},{"type":"Feature","geometry":{"type":"Point","coordinates":[13.2211389,55.7099006]},"properties":{"id":"37878909","road":"E 22","name":"Autostradan","highway":"motorway"}},{"type":"Feature","geometry":{"type":"Point","coordinates":[15.4966859,58.4253083]},"properties":{"id":"37901261","road":"E 4","name":null,"highway":"motorway"}},{"type":"Feature","geometry":{"type":"Point","coordinates":[12.9177423,57.7168214]},"properties":{"id":"37930161","road":"40","name":null,"highway":"motorway"}},{"type":"Feature","geometry":{"type":"Point","coordinates":[12.9364403,57.7313545]},"properties":{"id":"37977697","road":"42","name":"Norrby Långgata","highway":"primary"}},{"type":"Feature","geometry":{"type":"Point","coordinates":[12.9349221,56.1449947]},"properties":{"id":"37994902","road":"E 4","name":null,"highway":"motorway"}},{"type":"Feature","geometry":{"type":"Point","coordinates":[12.787943,55.9755389]},"properties":{"id":"37995156","road":"E 6","name":null,"highway":"motorway"}},{"type":"Feature","geometry":{"type":"Point","coordinates":[19.7448316,63.9227832]},"properties":{"id":"37997800","road":"92","name":null,"highway":"primary"}},{"type":"Feature","geometry":{"type":"Point","coordinates":[19.7654443,63.9223366]},"properties":{"id":"37997803","road":"92","name":null,"highway":"primary"}},{"type":"Feature","geometry":{"type":"Point","coordinates":[13.2051477,55.3679589]},"properties":{"id":"38045489","road":"9","name":"Östra Infarten","highway":"primary"}},{"type":"Feature","geometry":{"type":"Point","coordinates":[15.9686906,59.5207554]},"properties":{"id":"38072873","road":"250","name":"Kolsvavägen","highway":"primary"}},{"type":"Feature","geometry":{"type":"Point","coordinates":[15.9280609,59.4975807]},"properties":{"id":"38073427","road":"E 18","name":null,"highway":"motorway"}},{"type":"Feature","geometry":{"type":"Point","coordinates":[15.9332663,59.5005674]},"properties":{"id":"38073432","road":"E 18","name":null,"highway":"motorway"}},{"type":"Feature","geometry":{"type":"Point","coordinates":[16.5044524,59.3888099]},"properties":{"id":"38076350","road":"E 20","name":null,"highway":"motorway"}},{"type":"Feature","geometry":{"type":"Point","coordinates":[13.4787017,55.8093527]},"properties":{"id":"38078474","road":"E 22","name":null,"highway":"motorway"}},{"type":"Feature","geometry":{"type":"Point","coordinates":[16.9803115,58.7753407]},"properties":{"id":"38099547","road":"53","name":"Eskilstunavägen","highway":"primary"}},{"type":"Feature","geometry":{"type":"Point","coordinates":[16.9991863,58.7689936]},"properties":{"id":"38099602","road":"E 4","name":null,"highway":"motorway"}},{"type":"Feature","geometry":{"type":"Point","coordinates":[15.22151,59.2954947]},"properties":{"id":"38107905","road":"E 18","name":"Västerleden","highway":"motorway"}},{"type":"Feature","geometry":{"type":"Point","coordinates":[21.017614,64.7684066]},"properties":{"id":"38348769","road":"E 4","name":null,"highway":"trunk"}},{"type":"Feature","geometry":{"type":"Point","coordinates":[15.9923649,58.5105563]},"properties":{"id":"38389196","road":"E 4","name":null,"highway":"motorway"}},{"type":"Feature","geometry":{"type":"Point","coordinates":[16.8460127,59.0059816]},"properties":{"id":"38675411","road":"53","name":"Oxbro","highway":"primary"}},{"type":"Feature","geometry":{"type":"Point","coordinates":[16.8326115,59.0807449]},"properties":{"id":"38675416","road":"57","name":null,"highway":"primary"}},{"type":"Feature","geometry":{"type":"Point","coordinates":[12.3968409,57.8098924]},"properties":{"id":"38805084","road":"E 20","name":null,"highway":"motorway"}},{"type":"Feature","geometry":{"type":"Point","coordinates":[12.0462919,57.4888834]},"properties":{"id":"38817800","road":"158","name":"Säröleden","highway":"primary"}},{"type":"Feature","geometry":{"type":"Point","coordinates":[13.3836325,57.139809]},"properties":{"id":"38872363","road":"26","name":null,"highway":"trunk"}},{"type":"Feature","geometry":{"type":"Point","coordinates":[13.0971777,56.9607788]},"properties":{"id":"38872388","road":"26","name":null,"highway":"trunk"}},{"type":"Feature","geometry":{"type":"Point","coordinates":[12.6863741,56.8479325]},"properties":{"id":"38964045","road":"E 6","name":null,"highway":"motorway"}},{"type":"Feature","geometry":{"type":"Point","coordinates":[14.3343823,55.5702251]},"properties":{"id":"39089264","road":"9","name":"Kristianstadsvägen","highway":"primary"}},{"type":"Feature","geometry":{"type":"Point","coordinates":[14.6342638,63.2166858]},"properties":{"id":"39171744","road":"E 14","name":null,"highway":"trunk"}},{"type":"Feature","geometry":{"type":"Point","coordinates":[13.3628054,57.4918978]},"properties":{"id":"39238255","road":"27","name":null,"highway":"primary"}},{"type":"Feature","geometry":{"type":"Point","coordinates":[12.0166271,57.7882083]},"properties":{"id":"39313832","road":"E 6.20","name":"Angeredsleden","highway":"trunk"}},{"type":"Feature","geometry":{"type":"Point","coordinates":[12.0351443,57.7876318]},"properties":{"id":"39313978","road":"E 6.20","name":"Angeredsleden","highway":"trunk"}},{"type":"Feature","geometry":{"type":"Point","coordinates":[18.0977107,59.5257682]},"properties":{"id":"39320296","road":"264","name":"Arningevägen","highway":"primary"}},{"type":"Feature","geometry":{"type":"Point","coordinates":[15.8854969,60.3967449]},"properties":{"id":"39524752","road":"69","name":null,"highway":"primary"}},{"type":"Feature","geometry":{"type":"Point","coordinates":[17.7737618,62.9324521]},"properties":{"id":"39530434","road":"90","name":"Järnvägsgatan","highway":"primary"}},{"type":"Feature","geometry":{"type":"Point","coordinates":[13.4539356,63.3442273]},"properties":{"id":"39760870","road":"E 14","name":null,"highway":"trunk"}},{"type":"Feature","geometry":{"type":"Point","coordinates":[16.9382231,59.2397902]},"properties":{"id":"39771836","road":"55","name":null,"highway":"primary"}},{"type":"Feature","geometry":{"type":"Point","coordinates":[14.8196823,58.2543859]},"properties":{"id":"39807418","road":"E 4","name":null,"highway":"motorway"}},{"type":"Feature","geometry":{"type":"Point","coordinates":[17.7850258,62.9219655]},"properties":{"id":"39813425","road":"90","name":"Järnvägsgatan","highway":"primary"}},{"type":"Feature","geometry":{"type":"Point","coordinates":[13.8635513,58.3614939]},"properties":{"id":"39816989","road":"26","name":null,"highway":"trunk"}},{"type":"Feature","geometry":{"type":"Point","coordinates":[12.6111031,56.8825235]},"properties":{"id":"40069980","road":"E 6","name":null,"highway":"motorway"}},{"type":"Feature","geometry":{"type":"Point","coordinates":[12.6099579,56.8829063]},"properties":{"id":"40070255","road":"E 6","name":null,"highway":"motorway"}},{"type":"Feature","geometry":{"type":"Point","coordinates":[12.2065388,57.3272277]},"properties":{"id":"40082302","road":"E 6","name":null,"highway":"motorway"}},{"type":"Feature","geometry":{"type":"Point","coordinates":[19.8787722,67.9951694]},"properties":{"id":"40124270","road":"E 10","name":null,"highway":"trunk"}},{"type":"Feature","geometry":{"type":"Point","coordinates":[12.1329389,57.4372214]},"properties":{"id":"40127844","road":"E 6","name":null,"highway":"motorway"}},{"type":"Feature","geometry":{"type":"Point","coordinates":[12.3105773,57.6814735]},"properties":{"id":"40131418","road":"40","name":null,"highway":"motorway"}},{"type":"Feature","geometry":{"type":"Point","coordinates":[12.219428,57.2454263]},"properties":{"id":"40153712","road":"E 6","name":null,"highway":"motorway"}},{"type":"Feature","geometry":{"type":"Point","coordinates":[14.9880875,59.8747929]},"properties":{"id":"40312159","road":"63","name":"Konstmästaregatan","highway":"primary"}},{"type":"Feature","geometry":{"type":"Point","coordinates":[20.0356009,63.8838334]},"properties":{"id":"40447049","road":"E 12","name":"Blå vägen","highway":"trunk"}},{"type":"Feature","geometry":{"type":"Point","coordinates":[13.5696905,56.4707529]},"properties":{"id":"40480996","road":"15","name":null,"highway":"primary"}},{"type":"Feature","geometry":{"type":"Point","coordinates":[13.616359,56.4743684]},"properties":{"id":"40481938","road":"15","name":null,"highway":"primary"}},{"type":"Feature","geometry":{"type":"Point","coordinates":[18.1195087,59.2410467]},"properties":{"id":"40647220","road":"73","name":"Nynäsvägen","highway":"motorway"}},{"type":"Feature","geometry":{"type":"Point","coordinates":[18.1248104,59.229692]},"properties":{"id":"40647236","road":"73","name":"Nynäsvägen","highway":"motorway"}},{"type":"Feature","geometry":{"type":"Point","coordinates":[16.8775241,58.7515482]},"properties":{"id":"40812827","road":"E 4","name":null,"highway":"motorway"}},{"type":"Feature","geometry":{"type":"Point","coordinates":[11.9955239,57.6976413]},"properties":{"id":"40814687","road":"E 6","name":null,"highway":"motorway"}},{"type":"Feature","geometry":{"type":"Point","coordinates":[14.3688731,62.0315659]},"properties":{"id":"40902032","road":"E 45","name":"Ljusnegatan","highway":"trunk"}},{"type":"Feature","geometry":{"type":"Point","coordinates":[14.3736612,62.0283663]},"properties":{"id":"40902035","road":"E 45","name":"Inlandsvägen","highway":"trunk"}},{"type":"Feature","geometry":{"type":"Point","coordinates":[11.4349098,58.645575]},"properties":{"id":"41139070","road":"E 6","name":null,"highway":"motorway"}},{"type":"Feature","geometry":{"type":"Point","coordinates":[20.4049997,67.8436744]},"properties":{"id":"41186280","road":"E 10","name":null,"highway":"trunk"}},{"type":"Feature","geometry":{"type":"Point","coordinates":[17.9970646,59.3211332]},"properties":{"id":"41357528","road":"E 4","name":"Essingeleden","highway":"motorway"}},{"type":"Feature","geometry":{"type":"Point","coordinates":[13.6138147,55.4077176]},"properties":{"id":"41361883","road":"9","name":"Kustvägen","highway":"primary"}},{"type":"Feature","geometry":{"type":"Point","coordinates":[20.0842613,67.9231125]},"properties":{"id":"41405199","road":"E 10","name":null,"highway":"trunk"}},{"type":"Feature","geometry":{"type":"Point","coordinates":[11.9968094,57.7240306]},"properties":{"id":"41453506","road":"E 20.10","name":"Partihallsförbindelsen","highway":"motorway"}},{"type":"Feature","geometry":{"type":"Point","coordinates":[12.0072077,57.7234676]},"properties":{"id":"41453516","road":"E 6.21","name":"Partihallsförbindelsen","highway":"motorway"}},{"type":"Feature","geometry":{"type":"Point","coordinates":[12.0090782,57.7231297]},"properties":{"id":"41453518","road":"E 20","name":null,"highway":"motorway"}},{"type":"Feature","geometry":{"type":"Point","coordinates":[17.6874971,59.1838186]},"properties":{"id":"41543796","road":"225","name":null,"highway":"primary"}},{"type":"Feature","geometry":{"type":"Point","coordinates":[12.8741823,57.6131981]},"properties":{"id":"41615821","road":"41","name":null,"highway":"primary"}},{"type":"Feature","geometry":{"type":"Point","coordinates":[15.9931949,62.520685]},"properties":{"id":"41671637","road":"E 14","name":null,"highway":"trunk"}},{"type":"Feature","geometry":{"type":"Point","coordinates":[16.8774997,62.3761836]},"properties":{"id":"41677991","road":"E 14","name":null,"highway":"trunk"}},{"type":"Feature","geometry":{"type":"Point","coordinates":[15.3949785,60.4660847]},"properties":{"id":"41734687","road":"50","name":null,"highway":"trunk"}},{"type":"Feature","geometry":{"type":"Point","coordinates":[15.542547,60.5139252]},"properties":{"id":"41735995","road":"E 16","name":null,"highway":"trunk"}},{"type":"Feature","geometry":{"type":"Point","coordinates":[17.715012,62.9744341]},"properties":{"id":"42325162","road":"90","name":null,"highway":"primary"}},{"type":"Feature","geometry":{"type":"Point","coordinates":[18.0107841,59.3399022]},"properties":{"id":"42567078","road":"E 4","name":"Karlbergsbron","highway":"motorway"}},{"type":"Feature","geometry":{"type":"Point","coordinates":[17.3476187,62.2682736]},"properties":{"id":"42920526","road":"E 4","name":null,"highway":"motorway"}},{"type":"Feature","geometry":{"type":"Point","coordinates":[17.3449936,62.2734289]},"properties":{"id":"42920611","road":"E 4","name":"Ljungabron","highway":"motorway"}},{"type":"Feature","geometry":{"type":"Point","coordinates":[15.5100685,58.4479223]},"properties":{"id":"42934556","road":"34","name":null,"highway":"primary"}},{"type":"Feature","geometry":{"type":"Point","coordinates":[20.9654119,65.6681158]},"properties":{"id":"42969237","road":"94","name":null,"highway":"primary"}},{"type":"Feature","geometry":{"type":"Point","coordinates":[21.036251,65.6665645]},"properties":{"id":"42972857","road":"94","name":"Lulevägen","highway":"primary"}},{"type":"Feature","geometry":{"type":"Point","coordinates":[16.513962,56.6714335]},"properties":{"id":"43022491","road":"136","name":null,"highway":"primary"}},{"type":"Feature","geometry":{"type":"Point","coordinates":[11.8959024,57.698671]},"properties":{"id":"43048099","road":"E 6.20","name":"Hisingsleden","highway":"trunk"}},{"type":"Feature","geometry":{"type":"Point","coordinates":[11.8899454,57.7054715]},"properties":{"id":"43048109","road":"E 6.21","name":null,"highway":"trunk"}},{"type":"Feature","geometry":{"type":"Point","coordinates":[11.8898106,57.7040308]},"properties":{"id":"43048111","road":"E 6.20","name":"Hisingsleden","highway":"trunk"}},{"type":"Feature","geometry":{"type":"Point","coordinates":[17.0170585,61.3520695]},"properties":{"id":"43190090","road":"E 4","name":null,"highway":"trunk"}},{"type":"Feature","geometry":{"type":"Point","coordinates":[13.0190004,56.1808005]},"properties":{"id":"43310644","road":"E 4","name":null,"highway":"motorway"}},{"type":"Feature","geometry":{"type":"Point","coordinates":[14.5388133,56.2422571]},"properties":{"id":"43736386","road":"15","name":"Pukaviksvägen","highway":"primary"}},{"type":"Feature","geometry":{"type":"Point","coordinates":[14.0145152,56.0488364]},"properties":{"id":"43946314","road":"21","name":"Hässleholmsvägen","highway":"primary"}},{"type":"Feature","geometry":{"type":"Point","coordinates":[16.5163488,58.2737936]},"properties":{"id":"44005504","road":"E 22","name":null,"highway":"trunk"}},{"type":"Feature","geometry":{"type":"Point","coordinates":[17.9195604,62.7853855]},"properties":{"id":"44009160","road":"90","name":null,"highway":"primary"}},{"type":"Feature","geometry":{"type":"Point","coordinates":[11.9858518,57.8014611]},"properties":{"id":"44128852","road":"E 6.20","name":"Norrleden","highway":"trunk"}},{"type":"Feature","geometry":{"type":"Point","coordinates":[18.028073,59.3452633]},"properties":{"id":"44539739","road":"E 4","name":"Norra Länken","highway":"motorway"}},{"type":"Feature","geometry":{"type":"Point","coordinates":[17.9988653,59.3183866]},"properties":{"id":"45049310","road":"E 4","name":"Essingeleden","highway":"motorway"}},{"type":"Feature","geometry":{"type":"Point","coordinates":[16.9874629,60.630464]},"properties":{"id":"45061537","road":"E 16","name":null,"highway":"motorway"}},{"type":"Feature","geometry":{"type":"Point","coordinates":[17.0298161,61.3018763]},"properties":{"id":"45075946","road":"E 4","name":null,"highway":"trunk"}},{"type":"Feature","geometry":{"type":"Point","coordinates":[17.0289403,61.3010464]},"properties":{"id":"45075950","road":"E 4","name":null,"highway":"trunk"}},{"type":"Feature","geometry":{"type":"Point","coordinates":[12.9241609,56.1367721]},"properties":{"id":"45178304","road":"E 4","name":null,"highway":"motorway"}},{"type":"Feature","geometry":{"type":"Point","coordinates":[15.2731701,56.2123514]},"properties":{"id":"45491496","road":null,"name":"Stadshusbron","highway":"primary"}},{"type":"Feature","geometry":{"type":"Point","coordinates":[13.1988709,55.6869928]},"properties":{"id":"45872609","road":"E 22","name":"Autostradan","highway":"motorway"}},{"type":"Feature","geometry":{"type":"Point","coordinates":[17.9523669,59.3969354]},"properties":{"id":"45987051","road":"E 18","name":"Kymlingelänken","highway":"motorway"}},{"type":"Feature","geometry":{"type":"Point","coordinates":[14.4152105,56.0415314]},"properties":{"id":"46723871","road":"E 22","name":null,"highway":"motorway"}},{"type":"Feature","geometry":{"type":"Point","coordinates":[11.9913244,57.718885]},"properties":{"id":"46827848","road":"E 45","name":"Mårten Krakowgatan","highway":"trunk"}},{"type":"Feature","geometry":{"type":"Point","coordinates":[11.9886642,57.718392]},"properties":{"id":"46827874","road":"E 45","name":"Mårten Krakowgatan","highway":"trunk"}},{"type":"Feature","geometry":{"type":"Point","coordinates":[11.9950725,57.7208903]},"properties":{"id":"46828069","road":"E 45","name":"Marieholmsleden","highway":"trunk"}},{"type":"Feature","geometry":{"type":"Point","coordinates":[18.7013026,59.7405033]},"properties":{"id":"47090508","road":"E 18","name":null,"highway":"trunk"}},{"type":"Feature","geometry":{"type":"Point","coordinates":[14.1102874,57.5123772]},"properties":{"id":"47310760","road":"E 4","name":null,"highway":"motorway"}},{"type":"Feature","geometry":{"type":"Point","coordinates":[14.1197845,57.5279889]},"properties":{"id":"47310762","road":"E 4","name":null,"highway":"motorway"}},{"type":"Feature","geometry":{"type":"Point","coordinates":[14.1538456,57.5885018]},"properties":{"id":"47310764","road":"E 4","name":null,"highway":"motorway"}},{"type":"Feature","geometry":{"type":"Point","coordinates":[13.4714947,55.8075595]},"properties":{"id":"47521440","road":"E 22","name":null,"highway":"motorway"}},{"type":"Feature","geometry":{"type":"Point","coordinates":[22.0178662,65.5873705]},"properties":{"id":"47521694","road":"E 4","name":null,"highway":"trunk"}},{"type":"Feature","geometry":{"type":"Point","coordinates":[22.0524718,65.6062686]},"properties":{"id":"47521696","road":"E 4","name":null,"highway":"trunk"}},{"type":"Feature","geometry":{"type":"Point","coordinates":[22.0577862,65.6204837]},"properties":{"id":"47521701","road":"E 4","name":null,"highway":"trunk"}},{"type":"Feature","geometry":{"type":"Point","coordinates":[21.8046418,65.535872]},"properties":{"id":"47570103","road":"E 4","name":null,"highway":"trunk"}},{"type":"Feature","geometry":{"type":"Point","coordinates":[21.4250357,65.320846]},"properties":{"id":"47972319","road":"E 4","name":null,"highway":"trunk"}},{"type":"Feature","geometry":{"type":"Point","coordinates":[13.5369409,55.6410645]},"properties":{"id":"48038188","road":"11","name":null,"highway":"primary"}},{"type":"Feature","geometry":{"type":"Point","coordinates":[14.4750357,57.3555758]},"properties":{"id":"48174896","road":"30","name":"Jönköpingsvägen","highway":"primary"}},{"type":"Feature","geometry":{"type":"Point","coordinates":[21.8163847,66.798989]},"properties":{"id":"48384920","road":"E 10","name":null,"highway":"trunk"}},{"type":"Feature","geometry":{"type":"Point","coordinates":[21.493046,65.4068384]},"properties":{"id":"48389745","road":"E 4","name":null,"highway":"trunk"}},{"type":"Feature","geometry":{"type":"Point","coordinates":[14.271327,57.8102923]},"properties":{"id":"48470687","road":"E 4","name":null,"highway":"motorway"}},{"type":"Feature","geometry":{"type":"Point","coordinates":[14.2715721,57.8163019]},"properties":{"id":"48470694","road":"E 4","name":null,"highway":"motorway"}},{"type":"Feature","geometry":{"type":"Point","coordinates":[21.7582739,65.5710153]},"properties":{"id":"48487108","road":"94","name":"Älvsbyvägen","highway":"primary"}},{"type":"Feature","geometry":{"type":"Point","coordinates":[19.4144534,65.7493248]},"properties":{"id":"48537945","road":"E 45","name":"Inlandsvägen","highway":"trunk"}},{"type":"Feature","geometry":{"type":"Point","coordinates":[20.8703311,66.2316253]},"properties":{"id":"48569668","road":"97","name":null,"highway":"primary"}},{"type":"Feature","geometry":{"type":"Point","coordinates":[17.8728945,66.0479342]},"properties":{"id":"48655347","road":"95","name":"Silvervägen","highway":"primary"}},{"type":"Feature","geometry":{"type":"Point","coordinates":[17.8862928,66.0504958]},"properties":{"id":"48656070","road":"95","name":"Silvervägen","highway":"primary"}},{"type":"Feature","geometry":{"type":"Point","coordinates":[16.3049257,59.4800495]},"properties":{"id":"48674939","road":"56","name":null,"highway":"trunk"}},{"type":"Feature","geometry":{"type":"Point","coordinates":[16.3200372,59.4518706]},"properties":{"id":"48675095","road":"56","name":"Kvicksundsbron","highway":"trunk"}},{"type":"Feature","geometry":{"type":"Point","coordinates":[14.2333294,55.5352887]},"properties":{"id":"48839470","road":"11","name":"Gärsnäsvägen","highway":"primary"}},{"type":"Feature","geometry":{"type":"Point","coordinates":[14.2267827,55.5367698]},"properties":{"id":"48839472","road":"11","name":"Gärsnäsvägen","highway":"primary"}},{"type":"Feature","geometry":{"type":"Point","coordinates":[14.27026,55.5320579]},"properties":{"id":"48839475","road":"9","name":"Simrishamnsvägen","highway":"primary"}},{"type":"Feature","geometry":{"type":"Point","coordinates":[14.2963776,55.5355565]},"properties":{"id":"48839484","road":"9","name":"Gärsnäsvägen","highway":"primary"}},{"type":"Feature","geometry":{"type":"Point","coordinates":[16.5249005,59.3863643]},"properties":{"id":"48920358","road":"53","name":"Årbyrondellen","highway":"primary"}},{"type":"Feature","geometry":{"type":"Point","coordinates":[16.5280176,59.3857665]},"properties":{"id":"48920360","road":"53","name":"Årbyrondellen","highway":"primary"}},{"type":"Feature","geometry":{"type":"Point","coordinates":[15.9757679,59.5259437]},"properties":{"id":"48980274","road":"E 18","name":null,"highway":"motorway"}},{"type":"Feature","geometry":{"type":"Point","coordinates":[15.9931578,59.5081828]},"properties":{"id":"48980331","road":"250","name":"Arbogavägen","highway":"primary"}},{"type":"Feature","geometry":{"type":"Point","coordinates":[22.3047965,65.8468403]},"properties":{"id":"49090097","road":"E 4","name":null,"highway":"trunk"}},{"type":"Feature","geometry":{"type":"Point","coordinates":[21.9094723,65.6736637]},"properties":{"id":"49169376","road":"97","name":null,"highway":"primary"}},{"type":"Feature","geometry":{"type":"Point","coordinates":[21.9381575,65.6673495]},"properties":{"id":"49169392","road":"97","name":null,"highway":"primary"}},{"type":"Feature","geometry":{"type":"Point","coordinates":[22.0140054,65.6425889]},"properties":{"id":"49169417","road":"97","name":null,"highway":"primary"}},{"type":"Feature","geometry":{"type":"Point","coordinates":[22.0479464,65.62783]},"properties":{"id":"49169418","road":"97","name":null,"highway":"primary"}},{"type":"Feature","geometry":{"type":"Point","coordinates":[17.3709591,59.860266]},"properties":{"id":"49220345","road":"72","name":null,"highway":"primary"}},{"type":"Feature","geometry":{"type":"Point","coordinates":[17.8689368,59.6844014]},"properties":{"id":"49493690","road":"E 4","name":"Uppsalavägen","highway":"motorway"}},{"type":"Feature","geometry":{"type":"Point","coordinates":[17.0713771,61.7387328]},"properties":{"id":"50079612","road":"E 4","name":null,"highway":"trunk"}},{"type":"Feature","geometry":{"type":"Point","coordinates":[14.5463376,58.6336653]},"properties":{"id":"50363142","road":"49","name":null,"highway":"primary"}},{"type":"Feature","geometry":{"type":"Point","coordinates":[11.9325605,58.3543227]},"properties":{"id":"50589910","road":"44","name":null,"highway":"motorway"}},{"type":"Feature","geometry":{"type":"Point","coordinates":[16.1559765,58.6318353]},"properties":{"id":"50786502","road":"E 4","name":null,"highway":"motorway"}},{"type":"Feature","geometry":{"type":"Point","coordinates":[16.1656791,58.6426866]},"properties":{"id":"50786506","road":null,"name":null,"highway":"motorway"}},{"type":"Feature","geometry":{"type":"Point","coordinates":[16.1702198,58.6567309]},"properties":{"id":"50786513","road":"55","name":null,"highway":"trunk"}},{"type":"Feature","geometry":{"type":"Point","coordinates":[14.1488219,58.4305992]},"properties":{"id":"51099462","road":"49","name":null,"highway":"primary"}},{"type":"Feature","geometry":{"type":"Point","coordinates":[15.0122028,60.2382663]},"properties":{"id":"51426128","road":"66","name":"Grangärdevägen","highway":"primary"}},{"type":"Feature","geometry":{"type":"Point","coordinates":[21.6689013,65.4460862]},"properties":{"id":"52054348","road":"E 4","name":null,"highway":"trunk"}},{"type":"Feature","geometry":{"type":"Point","coordinates":[24.144276,65.8409971]},"properties":{"id":"52252951","road":"E 4","name":null,"highway":"trunk"}},{"type":"Feature","geometry":{"type":"Point","coordinates":[13.0856372,55.8746056]},"properties":{"id":"52308940","road":"17","name":null,"highway":"primary"}},{"type":"Feature","geometry":{"type":"Point","coordinates":[15.0456933,58.1931809]},"properties":{"id":"52406412","road":"32","name":null,"highway":"primary"}},{"type":"Feature","geometry":{"type":"Point","coordinates":[13.2930372,56.0025902]},"properties":{"id":"52438854","road":"13","name":null,"highway":"primary"}},{"type":"Feature","geometry":{"type":"Point","coordinates":[19.1967738,63.9307713]},"properties":{"id":"52493445","road":"92","name":"Vännäsvägen","highway":"primary"}},{"type":"Feature","geometry":{"type":"Point","coordinates":[13.902557,58.3984449]},"properties":{"id":"52907012","road":"49","name":"Hjovägen","highway":"primary"}},{"type":"Feature","geometry":{"type":"Point","coordinates":[20.6111683,65.692038]},"properties":{"id":"53061120","road":"94","name":null,"highway":"primary"}},{"type":"Feature","geometry":{"type":"Point","coordinates":[22.4769706,68.4432772]},"properties":{"id":"53184762","road":"959","name":"Ruotsintie","highway":"trunk"}},{"type":"Feature","geometry":{"type":"Point","coordinates":[19.5223347,65.9529997]},"properties":{"id":"53195388","road":"E 45","name":"Inlandsvägen","highway":"trunk"}},{"type":"Feature","geometry":{"type":"Point","coordinates":[19.1419092,65.6416307]},"properties":{"id":"53264882","road":"E 45","name":"Inlandsvägen","highway":"trunk"}},{"type":"Feature","geometry":{"type":"Point","coordinates":[16.2615765,60.1361231]},"properties":{"id":"53387536","road":"70","name":null,"highway":"trunk"}},{"type":"Feature","geometry":{"type":"Point","coordinates":[18.6774969,59.7717643]},"properties":{"id":"53483163","road":"76","name":"Estunavägen","highway":"primary"}},{"type":"Feature","geometry":{"type":"Point","coordinates":[15.3138102,60.139147]},"properties":{"id":"55331606","road":"66","name":"Barkenvägen","highway":"primary"}},{"type":"Feature","geometry":{"type":"Point","coordinates":[15.3185178,60.1392782]},"properties":{"id":"55331614","road":"66","name":"Barkenvägen","highway":"primary"}},{"type":"Feature","geometry":{"type":"Point","coordinates":[11.8651224,57.7040491]},"properties":{"id":"55409048","road":"155","name":"Torslandavägen","highway":"primary"}},{"type":"Feature","geometry":{"type":"Point","coordinates":[13.3007821,55.6537576]},"properties":{"id":"55978863","road":"11","name":null,"highway":"primary"}},{"type":"Feature","geometry":{"type":"Point","coordinates":[13.9893285,58.8354451]},"properties":{"id":"56045450","road":"26","name":null,"highway":"trunk"}},{"type":"Feature","geometry":{"type":"Point","coordinates":[12.9309266,57.7175619]},"properties":{"id":"56047057","road":"40","name":null,"highway":"motorway"}},{"type":"Feature","geometry":{"type":"Point","coordinates":[12.9336046,57.7170029]},"properties":{"id":"56047058","road":"40","name":null,"highway":"motorway"}},{"type":"Feature","geometry":{"type":"Point","coordinates":[12.9453281,57.7145216]},"properties":{"id":"56047063","road":"41","name":null,"highway":"primary"}},{"type":"Feature","geometry":{"type":"Point","coordinates":[16.228189,60.1459636]},"properties":{"id":"56224623","road":"68","name":null,"highway":"trunk"}},{"type":"Feature","geometry":{"type":"Point","coordinates":[14.9610203,60.9061538]},"properties":{"id":"56255475","road":"70","name":null,"highway":"trunk"}},{"type":"Feature","geometry":{"type":"Point","coordinates":[23.4987311,65.8571891]},"properties":{"id":"57386594","road":"E 4","name":"Haparandavägen","highway":"trunk"}},{"type":"Feature","geometry":{"type":"Point","coordinates":[20.8968219,64.7610357]},"properties":{"id":"57967687","road":"95","name":"Järnvägsleden","highway":"primary"}},{"type":"Feature","geometry":{"type":"Point","coordinates":[14.7435319,56.8933896]},"properties":{"id":"58109034","road":"25","name":null,"highway":"motorway"}},{"type":"Feature","geometry":{"type":"Point","coordinates":[14.750397,56.8914212]},"properties":{"id":"58109071","road":"25","name":null,"highway":"motorway"}},{"type":"Feature","geometry":{"type":"Point","coordinates":[16.6208619,59.0637344]},"properties":{"id":"58733229","road":"55","name":"Villåttingevägen","highway":"primary"}},{"type":"Feature","geometry":{"type":"Point","coordinates":[16.5795081,59.037799]},"properties":{"id":"58733259","road":"55","name":null,"highway":"primary"}},{"type":"Feature","geometry":{"type":"Point","coordinates":[11.8562109,58.3183181]},"properties":{"id":"58834820","road":"E 6","name":null,"highway":"motorway"}},{"type":"Feature","geometry":{"type":"Point","coordinates":[16.988506,59.3867975]},"properties":{"id":"58839340","road":"55","name":null,"highway":"primary"}},{"type":"Feature","geometry":{"type":"Point","coordinates":[12.9439268,56.1511816]},"properties":{"id":"59195133","road":"E 4","name":null,"highway":"motorway"}},{"type":"Feature","geometry":{"type":"Point","coordinates":[16.2112633,58.5800622]},"properties":{"id":"59432623","road":null,"name":"Söderköpingsvägen","highway":"trunk"}},{"type":"Feature","geometry":{"type":"Point","coordinates":[16.1496149,58.5846262]},"properties":{"id":"59433830","road":"E 22","name":"Linköpingsrondellen","highway":"trunk"}},{"type":"Feature","geometry":{"type":"Point","coordinates":[16.1481811,58.5838456]},"properties":{"id":"59433832","road":null,"name":"Linköpingsrondellen","highway":"trunk"}},{"type":"Feature","geometry":{"type":"Point","coordinates":[14.9795155,60.2508776]},"properties":{"id":"59973817","road":"66","name":"Björbovägen","highway":"primary"}},{"type":"Feature","geometry":{"type":"Point","coordinates":[14.2021881,56.5924148]},"properties":{"id":"60047343","road":"23","name":null,"highway":"primary"}},{"type":"Feature","geometry":{"type":"Point","coordinates":[21.339013,65.0325622]},"properties":{"id":"60086478","road":"E 4","name":null,"highway":"trunk"}},{"type":"Feature","geometry":{"type":"Point","coordinates":[15.1903381,60.1547404]},"properties":{"id":"60604719","road":"50","name":"Faluvägen","highway":"trunk"}},{"type":"Feature","geometry":{"type":"Point","coordinates":[22.8404687,66.364119]},"properties":{"id":"61129509","road":"98","name":null,"highway":"primary"}},{"type":"Feature","geometry":{"type":"Point","coordinates":[22.8184185,66.3355934]},"properties":{"id":"61129511","road":"98","name":null,"highway":"primary"}},{"type":"Feature","geometry":{"type":"Point","coordinates":[14.4741366,62.0448951]},"properties":{"id":"61985643","road":"E 45","name":"Inlandsvägen","highway":"trunk"}},{"type":"Feature","geometry":{"type":"Point","coordinates":[21.9539241,65.662771]},"properties":{"id":"62197730","road":"97","name":null,"highway":"primary"}},{"type":"Feature","geometry":{"type":"Point","coordinates":[12.3212739,57.2417325]},"properties":{"id":"62539890","road":"41","name":null,"highway":"primary"}},{"type":"Feature","geometry":{"type":"Point","coordinates":[11.8274166,58.337164]},"properties":{"id":"64033121","road":"E 6","name":null,"highway":"motorway"}},{"type":"Feature","geometry":{"type":"Point","coordinates":[12.2580795,58.356817]},"properties":{"id":"65367412","road":"E 45","name":null,"highway":"trunk"}},{"type":"Feature","geometry":{"type":"Point","coordinates":[17.5930947,59.8550099]},"properties":{"id":"65918326","road":"55","name":"Bärbyleden","highway":"primary"}},{"type":"Feature","geometry":{"type":"Point","coordinates":[18.0363118,59.3543662]},"properties":{"id":"66693734","road":"E 4.26","name":"Uppsalavägen","highway":"primary"}},{"type":"Feature","geometry":{"type":"Point","coordinates":[15.8364122,57.6728894]},"properties":{"id":"66779725","road":"23","name":null,"highway":"primary"}},{"type":"Feature","geometry":{"type":"Point","coordinates":[11.2747975,58.8704358]},"properties":{"id":"68290014","road":"E 6","name":null,"highway":"motorway"}},{"type":"Feature","geometry":{"type":"Point","coordinates":[11.2424959,59.0285542]},"properties":{"id":"68301259","road":"E 6","name":null,"highway":"motorway"}},{"type":"Feature","geometry":{"type":"Point","coordinates":[11.2334735,59.0064943]},"properties":{"id":"68301266","road":"E 6","name":null,"highway":"motorway"}},{"type":"Feature","geometry":{"type":"Point","coordinates":[11.2390211,59.0233161]},"properties":{"id":"68301267","road":"E 6","name":null,"highway":"motorway"}},{"type":"Feature","geometry":{"type":"Point","coordinates":[18.0001138,59.3174527]},"properties":{"id":"68497637","road":"E 4","name":"Essingeleden","highway":"motorway"}},{"type":"Feature","geometry":{"type":"Point","coordinates":[15.5978917,63.1645573]},"properties":{"id":"68581587","road":"87","name":null,"highway":"primary"}},{"type":"Feature","geometry":{"type":"Point","coordinates":[16.1718112,56.6229367]},"properties":{"id":"69043681","road":"E 22","name":null,"highway":"trunk"}},{"type":"Feature","geometry":{"type":"Point","coordinates":[16.0288726,60.2398508]},"properties":{"id":"69652224","road":"70","name":null,"highway":"trunk"}},{"type":"Feature","geometry":{"type":"Point","coordinates":[16.1449871,56.6870538]},"properties":{"id":"69652852","road":"25","name":null,"highway":"trunk"}},{"type":"Feature","geometry":{"type":"Point","coordinates":[17.0802863,59.6550352]},"properties":{"id":"69715695","road":"70","name":"Salavägen","highway":"trunk"}},{"type":"Feature","geometry":{"type":"Point","coordinates":[14.0922543,56.1228871]},"properties":{"id":"70922280","road":"19","name":"Hanaskogsvägen","highway":"primary"}},{"type":"Feature","geometry":{"type":"Point","coordinates":[13.4047466,59.3811446]},"properties":{"id":"71000086","road":"E 18","name":null,"highway":"trunk"}},{"type":"Feature","geometry":{"type":"Point","coordinates":[13.4907462,59.3537963]},"properties":{"id":"71200546","road":"236","name":"Hammaröleden","highway":"primary"}},{"type":"Feature","geometry":{"type":"Point","coordinates":[12.2063537,62.5820158]},"properties":{"id":"71388633","road":"84","name":"Fjällnäsvägen","highway":"primary"}},{"type":"Feature","geometry":{"type":"Point","coordinates":[18.1307186,59.4497604]},"properties":{"id":"71418595","road":"E 18","name":null,"highway":"motorway"}},{"type":"Feature","geometry":{"type":"Point","coordinates":[13.6319001,55.8769532]},"properties":{"id":"71506811","road":"13","name":null,"highway":"primary"}},{"type":"Feature","geometry":{"type":"Point","coordinates":[13.6308625,55.8831106]},"properties":{"id":"71506823","road":"13","name":null,"highway":"primary"}},{"type":"Feature","geometry":{"type":"Point","coordinates":[17.2341982,62.403166]},"properties":{"id":"71896215","road":"86","name":"Timmervägen","highway":"primary"}},{"type":"Feature","geometry":{"type":"Point","coordinates":[13.0788032,55.8752045]},"properties":{"id":"71938233","road":"17","name":null,"highway":"primary"}},{"type":"Feature","geometry":{"type":"Point","coordinates":[15.8102906,57.382722]},"properties":{"id":"72042451","road":"34","name":null,"highway":"primary"}},{"type":"Feature","geometry":{"type":"Point","coordinates":[16.476453,57.550359]},"properties":{"id":"72051519","road":"E 22","name":null,"highway":"trunk"}},{"type":"Feature","geometry":{"type":"Point","coordinates":[16.4447005,57.6604431]},"properties":{"id":"72051522","road":"E 22","name":null,"highway":"trunk"}},{"type":"Feature","geometry":{"type":"Point","coordinates":[15.8170748,62.0807374]},"properties":{"id":"72428877","road":"83","name":"Hälsingenybo Ramsjövägen","highway":"primary"}},{"type":"Feature","geometry":{"type":"Point","coordinates":[14.2357706,59.4421873]},"properties":{"id":"72525127","road":"26","name":null,"highway":"primary"}},{"type":"Feature","geometry":{"type":"Point","coordinates":[15.0093664,56.2044011]},"properties":{"id":"73015653","road":"E 22","name":null,"highway":"trunk"}},{"type":"Feature","geometry":{"type":"Point","coordinates":[14.7497977,56.1782592]},"properties":{"id":"73016593","road":"E 22","name":null,"highway":"trunk"}},{"type":"Feature","geometry":{"type":"Point","coordinates":[16.9758026,58.7509872]},"properties":{"id":"73043521","road":"53","name":null,"highway":"primary"}},{"type":"Feature","geometry":{"type":"Point","coordinates":[13.5441209,55.9256981]},"properties":{"id":"74186454","road":"23","name":"Malmövägen","highway":"primary"}},{"type":"Feature","geometry":{"type":"Point","coordinates":[16.4753366,59.6114212]},"properties":{"id":"74431564","road":"E 18","name":null,"highway":"motorway"}},{"type":"Feature","geometry":{"type":"Point","coordinates":[13.5317631,59.4078429]},"properties":{"id":"74592290","road":"63","name":null,"highway":"primary"}},{"type":"Feature","geometry":{"type":"Point","coordinates":[16.4371785,59.5997686]},"properties":{"id":"74816518","road":"E 18","name":null,"highway":"motorway"}},{"type":"Feature","geometry":{"type":"Point","coordinates":[20.6700784,67.1281479]},"properties":{"id":"74985940","road":"E 45","name":"Parkgatan","highway":"trunk"}},{"type":"Feature","geometry":{"type":"Point","coordinates":[18.0137282,59.2995935]},"properties":{"id":"75242510","road":"E 4","name":"Essingeleden","highway":"motorway"}},{"type":"Feature","geometry":{"type":"Point","coordinates":[19.1871963,63.3685517]},"properties":{"id":"75243586","road":"E 4","name":null,"highway":"trunk"}},{"type":"Feature","geometry":{"type":"Point","coordinates":[12.7395177,56.0738952]},"properties":{"id":"75678993","road":"111","name":"Österleden","highway":"primary"}},{"type":"Feature","geometry":{"type":"Point","coordinates":[17.2121882,63.298891]},"properties":{"id":"76618604","road":"90","name":null,"highway":"primary"}},{"type":"Feature","geometry":{"type":"Point","coordinates":[17.008746,59.917695]},"properties":{"id":"78570198","road":"72","name":null,"highway":"primary"}},{"type":"Feature","geometry":{"type":"Point","coordinates":[12.7880341,58.0228723]},"properties":{"id":"79234767","road":"42","name":null,"highway":"primary"}},{"type":"Feature","geometry":{"type":"Point","coordinates":[13.8366359,56.1706997]},"properties":{"id":"80776322","road":"23","name":null,"highway":"primary"}},{"type":"Feature","geometry":{"type":"Point","coordinates":[13.2300955,56.0875936]},"properties":{"id":"81040789","road":"13","name":null,"highway":"primary"}},{"type":"Feature","geometry":{"type":"Point","coordinates":[15.8253665,57.3630494]},"properties":{"id":"81204058","road":"34","name":null,"highway":"primary"}},{"type":"Feature","geometry":{"type":"Point","coordinates":[15.4249287,62.7445929]},"properties":{"id":"81758584","road":"E 14","name":"Riksvägen","highway":"trunk"}},{"type":"Feature","geometry":{"type":"Point","coordinates":[21.9754685,65.656098]},"properties":{"id":"81811808","road":"97","name":null,"highway":"primary"}},{"type":"Feature","geometry":{"type":"Point","coordinates":[13.5326046,59.3913405]},"properties":{"id":"82124488","road":"236","name":"Örsholmsleden","highway":"primary"}},{"type":"Feature","geometry":{"type":"Point","coordinates":[21.4273173,65.3215469]},"properties":{"id":"82471031","road":"E 4","name":null,"highway":"trunk"}},{"type":"Feature","geometry":{"type":"Point","coordinates":[21.4080652,65.3116198]},"properties":{"id":"82471037","road":"E 4","name":null,"highway":"trunk"}},{"type":"Feature","geometry":{"type":"Point","coordinates":[21.4102984,65.3140724]},"properties":{"id":"82471039","road":"E 4","name":null,"highway":"trunk"}},{"type":"Feature","geometry":{"type":"Point","coordinates":[21.4161496,65.3177207]},"properties":{"id":"82471044","road":"E 4","name":null,"highway":"trunk"}},{"type":"Feature","geometry":{"type":"Point","coordinates":[15.8408583,57.5148724]},"properties":{"id":"82489956","road":"23","name":null,"highway":"primary"}},{"type":"Feature","geometry":{"type":"Point","coordinates":[16.8695551,59.6369266]},"properties":{"id":"82976211","road":"E 18","name":null,"highway":"motorway"}},{"type":"Feature","geometry":{"type":"Point","coordinates":[21.5037133,65.1445523]},"properties":{"id":"83127264","road":"E 4","name":null,"highway":"trunk"}},{"type":"Feature","geometry":{"type":"Point","coordinates":[17.0525113,59.644981]},"properties":{"id":"83353207","road":"E 18","name":null,"highway":"motorway"}},{"type":"Feature","geometry":{"type":"Point","coordinates":[13.4922032,59.3366915]},"properties":{"id":"83376839","road":"236","name":"Skoghallsleden","highway":"primary"}},{"type":"Feature","geometry":{"type":"Point","coordinates":[21.1932645,64.9521619]},"properties":{"id":"83400125","road":"E 4","name":null,"highway":"trunk"}},{"type":"Feature","geometry":{"type":"Point","coordinates":[21.1978388,64.953432]},"properties":{"id":"83400167","road":"E 4","name":null,"highway":"trunk"}},{"type":"Feature","geometry":{"type":"Point","coordinates":[14.4563131,63.3156712]},"properties":{"id":"84194160","road":"E 14","name":null,"highway":"trunk"}},{"type":"Feature","geometry":{"type":"Point","coordinates":[21.1400831,64.6470763]},"properties":{"id":"84233570","road":"E 4","name":null,"highway":"trunk"}},{"type":"Feature","geometry":{"type":"Point","coordinates":[21.1787437,64.6180239]},"properties":{"id":"84335878","road":"E 4","name":null,"highway":"trunk"}},{"type":"Feature","geometry":{"type":"Point","coordinates":[21.6839973,65.82151]},"properties":{"id":"84486965","road":"97","name":"Garnisonsgatan","highway":"primary"}},{"type":"Feature","geometry":{"type":"Point","coordinates":[15.1111832,58.3596897]},"properties":{"id":"84969721","road":"50","name":null,"highway":"trunk"}},{"type":"Feature","geometry":{"type":"Point","coordinates":[17.6457643,59.1579931]},"properties":{"id":"85018799","road":"E 4","name":null,"highway":"motorway"}},{"type":"Feature","geometry":{"type":"Point","coordinates":[20.3847443,63.855098]},"properties":{"id":"85334045","road":"E 4","name":null,"highway":"trunk"}},{"type":"Feature","geometry":{"type":"Point","coordinates":[15.1653482,59.2149997]},"properties":{"id":"85527167","road":"51","name":null,"highway":"primary"}},{"type":"Feature","geometry":{"type":"Point","coordinates":[13.5333729,59.3989496]},"properties":{"id":"85676298","road":"E 18","name":null,"highway":"motorway"}},{"type":"Feature","geometry":{"type":"Point","coordinates":[22.1575768,65.7328542]},"properties":{"id":"85692294","road":"E 4","name":null,"highway":"trunk"}},{"type":"Feature","geometry":{"type":"Point","coordinates":[13.5576003,59.4006182]},"properties":{"id":"85943839","road":"E 18","name":null,"highway":"motorway"}},{"type":"Feature","geometry":{"type":"Point","coordinates":[12.8113124,59.2480818]},"properties":{"id":"85957522","road":"E 18","name":null,"highway":"trunk"}},{"type":"Feature","geometry":{"type":"Point","coordinates":[15.8107605,59.9844528]},"properties":{"id":"86295915","road":"68","name":"Kungsbron","highway":"primary"}},{"type":"Feature","geometry":{"type":"Point","coordinates":[14.5080169,59.3244701]},"properties":{"id":"87023382","road":"E 18","name":"Örebrovägen","highway":"trunk"}},{"type":"Feature","geometry":{"type":"Point","coordinates":[14.1384738,59.3201398]},"properties":{"id":"87023385","road":"E 18","name":null,"highway":"trunk"}},{"type":"Feature","geometry":{"type":"Point","coordinates":[12.9901665,59.6082198]},"properties":{"id":"87783317","road":"61","name":null,"highway":"primary"}},{"type":"Feature","geometry":{"type":"Point","coordinates":[13.3465903,57.4994231]},"properties":{"id":"87932731","road":"27","name":null,"highway":"primary"}},{"type":"Feature","geometry":{"type":"Point","coordinates":[13.2235182,55.7185915]},"properties":{"id":"87990591","road":null,"name":null,"highway":"primary"}},{"type":"Feature","geometry":{"type":"Point","coordinates":[13.2239376,55.7196749]},"properties":{"id":"87990595","road":null,"name":null,"highway":"primary"}},{"type":"Feature","geometry":{"type":"Point","coordinates":[13.4820643,59.5599785]},"properties":{"id":"89546261","road":"62","name":"Klarälvsvägen","highway":"primary"}},{"type":"Feature","geometry":{"type":"Point","coordinates":[17.3625011,62.3753322]},"properties":{"id":"90059428","road":"E 4","name":null,"highway":"motorway"}},{"type":"Feature","geometry":{"type":"Point","coordinates":[17.3605377,62.3476641]},"properties":{"id":"90069310","road":"E 4","name":null,"highway":"motorway"}},{"type":"Feature","geometry":{"type":"Point","coordinates":[17.351525,62.3822205]},"properties":{"id":"90126577","road":"E 4","name":null,"highway":"motorway"}},{"type":"Feature","geometry":{"type":"Point","coordinates":[17.3426921,62.3877831]},"properties":{"id":"90126579","road":"E 4","name":"Sundsvallsbron","highway":"motorway"}},{"type":"Feature","geometry":{"type":"Point","coordinates":[17.3416841,62.3886055]},"properties":{"id":"90126583","road":"E 4","name":"Sundsvallsbron","highway":"motorway"}},{"type":"Feature","geometry":{"type":"Point","coordinates":[17.3376372,62.3961238]},"properties":{"id":"90126586","road":"E 4","name":null,"highway":"motorway"}},{"type":"Feature","geometry":{"type":"Point","coordinates":[17.3510851,62.3391983]},"properties":{"id":"90127769","road":"E 4","name":null,"highway":"motorway"}},{"type":"Feature","geometry":{"type":"Point","coordinates":[21.0181332,64.7447839]},"properties":{"id":"91787364","road":"372","name":"Järnvägsleden","highway":"primary"}},{"type":"Feature","geometry":{"type":"Point","coordinates":[17.9155967,59.2763216]},"properties":{"id":"92840550","road":"E 4","name":"Södertäljevägen","highway":"motorway"}},{"type":"Feature","geometry":{"type":"Point","coordinates":[14.261355,59.622895]},"properties":{"id":"92915266","road":"26","name":null,"highway":"primary"}},{"type":"Feature","geometry":{"type":"Point","coordinates":[21.6309901,67.6857243]},"properties":{"id":"93902547","road":"E 45","name":"Inlandsvägen","highway":"trunk"}},{"type":"Feature","geometry":{"type":"Point","coordinates":[16.3718157,59.4074204]},"properties":{"id":"94011957","road":"E 20","name":null,"highway":"trunk"}},{"type":"Feature","geometry":{"type":"Point","coordinates":[16.9442982,60.341449]},"properties":{"id":"94011970","road":"56","name":"Gysingevägen","highway":"trunk"}},{"type":"Feature","geometry":{"type":"Point","coordinates":[17.4908278,62.5303895]},"properties":{"id":"94121718","road":"E 4","name":null,"highway":"trunk"}},{"type":"Feature","geometry":{"type":"Point","coordinates":[17.4691992,62.5209325]},"properties":{"id":"94121737","road":"E 4","name":"Deltavägen","highway":"trunk"}},{"type":"Feature","geometry":{"type":"Point","coordinates":[19.4345197,63.5683757]},"properties":{"id":"94228026","road":"E 4","name":null,"highway":"trunk"}},{"type":"Feature","geometry":{"type":"Point","coordinates":[15.6489335,62.5190958]},"properties":{"id":"94238168","road":"83","name":"Albyvägen","highway":"primary"}},{"type":"Feature","geometry":{"type":"Point","coordinates":[17.3415781,62.4340986]},"properties":{"id":"95149637","road":"E 4","name":null,"highway":"motorway"}},{"type":"Feature","geometry":{"type":"Point","coordinates":[17.3875668,62.516228]},"properties":{"id":"95284206","road":"E 4","name":null,"highway":"trunk"}},{"type":"Feature","geometry":{"type":"Point","coordinates":[17.3277913,62.4918652]},"properties":{"id":"95284209","road":"E 4","name":null,"highway":"motorway"}},{"type":"Feature","geometry":{"type":"Point","coordinates":[17.361229,62.5090115]},"properties":{"id":"95284215","road":"E 4","name":null,"highway":"trunk"}},{"type":"Feature","geometry":{"type":"Point","coordinates":[16.4250379,57.2472877]},"properties":{"id":"95975865","road":"E 22","name":null,"highway":"trunk"}},{"type":"Feature","geometry":{"type":"Point","coordinates":[16.4281886,57.2647736]},"properties":{"id":"95979606","road":"37","name":null,"highway":"primary"}},{"type":"Feature","geometry":{"type":"Point","coordinates":[17.9700544,62.8227221]},"properties":{"id":"95990031","road":"E 4","name":null,"highway":"trunk"}},{"type":"Feature","geometry":{"type":"Point","coordinates":[15.5837898,62.3555482]},"properties":{"id":"96063927","road":"83","name":null,"highway":"primary"}},{"type":"Feature","geometry":{"type":"Point","coordinates":[15.6147861,62.5196528]},"properties":{"id":"96064066","road":"83","name":"Albyvägen","highway":"primary"}},{"type":"Feature","geometry":{"type":"Point","coordinates":[17.9133021,58.9773184]},"properties":{"id":"96095143","road":"225","name":"Södertäljevägen","highway":"primary"}},{"type":"Feature","geometry":{"type":"Point","coordinates":[16.4440264,57.1661061]},"properties":{"id":"96329088","road":"E 22","name":null,"highway":"trunk"}},{"type":"Feature","geometry":{"type":"Point","coordinates":[13.3708198,59.4658015]},"properties":{"id":"96385363","road":"61","name":null,"highway":"primary"}},{"type":"Feature","geometry":{"type":"Point","coordinates":[13.371721,59.4588916]},"properties":{"id":"96385364","road":"61","name":null,"highway":"primary"}},{"type":"Feature","geometry":{"type":"Point","coordinates":[19.2988038,65.5627635]},"properties":{"id":"96389152","road":"94","name":null,"highway":"primary"}},{"type":"Feature","geometry":{"type":"Point","coordinates":[18.9748527,65.6130139]},"properties":{"id":"96389159","road":"95","name":null,"highway":"primary"}},{"type":"Feature","geometry":{"type":"Point","coordinates":[13.3326702,59.4900301]},"properties":{"id":"96421925","road":"61","name":null,"highway":"primary"}},{"type":"Feature","geometry":{"type":"Point","coordinates":[16.2137264,58.5743043]},"properties":{"id":"96437198","road":"E 22","name":"Söderköpingsvägen","highway":"trunk"}},{"type":"Feature","geometry":{"type":"Point","coordinates":[12.5180771,59.7231208]},"properties":{"id":"96461101","road":"61","name":null,"highway":"primary"}},{"type":"Feature","geometry":{"type":"Point","coordinates":[16.4813969,57.3831028]},"properties":{"id":"96647843","road":"E 22","name":null,"highway":"trunk"}},{"type":"Feature","geometry":{"type":"Point","coordinates":[13.2563271,59.5038052]},"properties":{"id":"96740556","road":"61","name":null,"highway":"primary"}},{"type":"Feature","geometry":{"type":"Point","coordinates":[17.9042711,58.9591742]},"properties":{"id":"96825215","road":"73","name":"Nynäsvägen","highway":"motorway"}},{"type":"Feature","geometry":{"type":"Point","coordinates":[17.8707968,59.2546052]},"properties":{"id":"97014891","road":"E 4","name":"Södertäljevägen","highway":"motorway"}},{"type":"Feature","geometry":{"type":"Point","coordinates":[16.1689157,58.6604042]},"properties":{"id":"97749294","road":"55","name":null,"highway":"trunk"}},{"type":"Feature","geometry":{"type":"Point","coordinates":[11.8151107,59.5064589]},"properties":{"id":"98079059","road":"E 18","name":null,"highway":"trunk"}},{"type":"Feature","geometry":{"type":"Point","coordinates":[14.8048686,62.274105]},"properties":{"id":"98711358","road":"E 45","name":"Inlandsvägen","highway":"trunk"}},{"type":"Feature","geometry":{"type":"Point","coordinates":[14.9220511,62.174538]},"properties":{"id":"98713251","road":"E 45","name":"Hogdalsvägen","highway":"trunk"}},{"type":"Feature","geometry":{"type":"Point","coordinates":[14.9444831,62.1735838]},"properties":{"id":"98713253","road":"E 45","name":"Hogdalsvägen","highway":"trunk"}},{"type":"Feature","geometry":{"type":"Point","coordinates":[17.2513037,63.1715788]},"properties":{"id":"98891531","road":"90","name":"Järnvägsgatan","highway":"primary"}},{"type":"Feature","geometry":{"type":"Point","coordinates":[11.9858461,58.3476168]},"properties":{"id":"99197655","road":"44","name":null,"highway":"primary"}},{"type":"Feature","geometry":{"type":"Point","coordinates":[13.2141214,59.5104047]},"properties":{"id":"99309040","road":"61","name":null,"highway":"primary"}},{"type":"Feature","geometry":{"type":"Point","coordinates":[13.1407003,59.3714228]},"properties":{"id":"99355180","road":"E 45","name":"Inlandsvägen","highway":"trunk"}},{"type":"Feature","geometry":{"type":"Point","coordinates":[15.7813086,58.7047816]},"properties":{"id":"99506673","road":"51","name":"Skutenbron","highway":"primary"}},{"type":"Feature","geometry":{"type":"Point","coordinates":[16.3909076,61.3470282]},"properties":{"id":"99835940","road":"83","name":null,"highway":"primary"}},{"type":"Feature","geometry":{"type":"Point","coordinates":[17.0241068,61.2971561]},"properties":{"id":"99836971","road":"50","name":null,"highway":"primary"}},{"type":"Feature","geometry":{"type":"Point","coordinates":[13.1841322,59.3739718]},"properties":{"id":"99976684","road":"E 18","name":null,"highway":"trunk"}},{"type":"Feature","geometry":{"type":"Point","coordinates":[12.989261,59.6093162]},"properties":{"id":"100310705","road":"61","name":null,"highway":"primary"}},{"type":"Feature","geometry":{"type":"Point","coordinates":[12.1357831,59.394193]},"properties":{"id":"100475874","road":"E 18","name":null,"highway":"trunk"}},{"type":"Feature","geometry":{"type":"Point","coordinates":[13.9755414,63.3331564]},"properties":{"id":"100615632","road":"E 14","name":null,"highway":"trunk"}},{"type":"Feature","geometry":{"type":"Point","coordinates":[16.1400997,58.5825814]},"properties":{"id":"100711859","road":"E 22","name":"Linköpingsvägen","highway":"trunk"}},{"type":"Feature","geometry":{"type":"Point","coordinates":[18.6187467,63.2894167]},"properties":{"id":"101621989","road":"E 4","name":null,"highway":"trunk"}},{"type":"Feature","geometry":{"type":"Point","coordinates":[18.620926,63.2903086]},"properties":{"id":"101622038","road":"E 4","name":null,"highway":"trunk"}},{"type":"Feature","geometry":{"type":"Point","coordinates":[14.8207018,61.6083883]},"properties":{"id":"102658973","road":"E 45","name":"Inlandsvägen","highway":"trunk"}},{"type":"Feature","geometry":{"type":"Point","coordinates":[14.6716825,61.7367148]},"properties":{"id":"102658978","road":"E 45","name":"Inlandsvägen","highway":"trunk"}},{"type":"Feature","geometry":{"type":"Point","coordinates":[14.4535033,62.0238085]},"properties":{"id":"102658991","road":"E 45","name":"Inlandsvägen","highway":"trunk"}},{"type":"Feature","geometry":{"type":"Point","coordinates":[14.6741754,61.815737]},"properties":{"id":"102658996","road":"E 45","name":"Slätthäll Inlandsvägen","highway":"trunk"}},{"type":"Feature","geometry":{"type":"Point","coordinates":[14.8467814,61.4953]},"properties":{"id":"102658997","road":"E 45","name":"Inlandsvägen","highway":"trunk"}},{"type":"Feature","geometry":{"type":"Point","coordinates":[15.3546186,63.6012878]},"properties":{"id":"102821658","road":"E 45","name":"Inlandsvägen","highway":"trunk"}},{"type":"Feature","geometry":{"type":"Point","coordinates":[11.9046516,57.6821871]},"properties":{"id":"103704887","road":"E 45.01","name":"Oscarsleden","highway":"trunk"}},{"type":"Feature","geometry":{"type":"Point","coordinates":[24.0973576,65.8351585]},"properties":{"id":"103752299","road":"E 4","name":null,"highway":"trunk"}},{"type":"Feature","geometry":{"type":"Point","coordinates":[14.2637443,57.790677]},"properties":{"id":"104059155","road":"E 4","name":null,"highway":"motorway"}},{"type":"Feature","geometry":{"type":"Point","coordinates":[17.2162982,61.9314962]},"properties":{"id":"104685833","road":"E 4","name":null,"highway":"trunk"}},{"type":"Feature","geometry":{"type":"Point","coordinates":[17.0841941,61.7544472]},"properties":{"id":"104693158","road":"E 4","name":null,"highway":"trunk"}},{"type":"Feature","geometry":{"type":"Point","coordinates":[17.0784759,61.746858]},"properties":{"id":"104707818","road":"E 4","name":null,"highway":"trunk"}},{"type":"Feature","geometry":{"type":"Point","coordinates":[17.0488846,61.7142401]},"properties":{"id":"104710011","road":"84","name":null,"highway":"primary"}},{"type":"Feature","geometry":{"type":"Point","coordinates":[17.0264761,61.6671854]},"properties":{"id":"104717003","road":"E 4","name":null,"highway":"trunk"}},{"type":"Feature","geometry":{"type":"Point","coordinates":[17.000738,61.6004734]},"properties":{"id":"104774869","road":"E 4","name":null,"highway":"trunk"}},{"type":"Feature","geometry":{"type":"Point","coordinates":[16.9979935,61.594606]},"properties":{"id":"104774871","road":"E 4","name":null,"highway":"trunk"}},{"type":"Feature","geometry":{"type":"Point","coordinates":[17.0728991,61.7137673]},"properties":{"id":"104868650","road":"84","name":null,"highway":"primary"}},{"type":"Feature","geometry":{"type":"Point","coordinates":[15.8473949,57.5894316]},"properties":{"id":"105142692","road":"23","name":null,"highway":"primary"}},{"type":"Feature","geometry":{"type":"Point","coordinates":[17.8105561,59.4720356]},"properties":{"id":"105437709","road":"267","name":"Rotebroleden","highway":"primary"}},{"type":"Feature","geometry":{"type":"Point","coordinates":[17.4145115,62.5173731]},"properties":{"id":"106532364","road":"E 4","name":"Deltavägen","highway":"trunk"}},{"type":"Feature","geometry":{"type":"Point","coordinates":[17.05449,59.6376103]},"properties":{"id":"106770596","road":"55","name":null,"highway":"primary"}},{"type":"Feature","geometry":{"type":"Point","coordinates":[18.6506807,68.4343669]},"properties":{"id":"106811566","road":"E 10","name":null,"highway":"trunk"}},{"type":"Feature","geometry":{"type":"Point","coordinates":[21.0100476,64.8306396]},"properties":{"id":"107091915","road":"E 4","name":null,"highway":"trunk"}},{"type":"Feature","geometry":{"type":"Point","coordinates":[21.0083211,64.8316662]},"properties":{"id":"107091923","road":"E 4","name":null,"highway":"trunk"}},{"type":"Feature","geometry":{"type":"Point","coordinates":[18.7668673,63.3059199]},"properties":{"id":"108436352","road":"E 4","name":null,"highway":"trunk"}},{"type":"Feature","geometry":{"type":"Point","coordinates":[17.891578,59.6474317]},"properties":{"id":"108985488","road":"E 4","name":null,"highway":"motorway"}},{"type":"Feature","geometry":{"type":"Point","coordinates":[17.8995083,59.6310988]},"properties":{"id":"108989115","road":"E 4","name":"Uppsalavägen","highway":"motorway"}},{"type":"Feature","geometry":{"type":"Point","coordinates":[12.3078052,58.2864193]},"properties":{"id":"109090701","road":"E 45","name":"Edsborgsvägen","highway":"trunk"}},{"type":"Feature","geometry":{"type":"Point","coordinates":[18.0803661,59.3011915]},"properties":{"id":"109710648","road":"E 4.25","name":"Johanneshovsbron","highway":"trunk"}},{"type":"Feature","geometry":{"type":"Point","coordinates":[22.4007178,67.4241834]},"properties":{"id":"109974251","road":"395","name":null,"highway":"primary"}},{"type":"Feature","geometry":{"type":"Point","coordinates":[14.3676492,62.6359036]},"properties":{"id":"110376464","road":"E 45","name":"Inlandsvägen","highway":"trunk"}},{"type":"Feature","geometry":{"type":"Point","coordinates":[18.0919528,59.2792213]},"properties":{"id":"110436568","road":"73","name":"Nynäsvägen","highway":"trunk"}},{"type":"Feature","geometry":{"type":"Point","coordinates":[19.8374409,68.0230644]},"properties":{"id":"110463966","road":"E 10","name":null,"highway":"trunk"}},{"type":"Feature","geometry":{"type":"Point","coordinates":[15.1521677,59.2506439]},"properties":{"id":"111283874","road":"E 18","name":"Västerleden","highway":"motorway"}},{"type":"Feature","geometry":{"type":"Point","coordinates":[15.8636808,58.7065298]},"properties":{"id":"111598013","road":"51","name":null,"highway":"primary"}},{"type":"Feature","geometry":{"type":"Point","coordinates":[18.2136443,59.3145587]},"properties":{"id":"112320644","road":"222","name":"Värmdöleden","highway":"motorway"}},{"type":"Feature","geometry":{"type":"Point","coordinates":[13.6068349,57.2836348]},"properties":{"id":"112498609","road":"27","name":null,"highway":"primary"}},{"type":"Feature","geometry":{"type":"Point","coordinates":[13.5519635,57.3206088]},"properties":{"id":"112501333","road":"27","name":null,"highway":"primary"}},{"type":"Feature","geometry":{"type":"Point","coordinates":[15.7325836,58.4475417]},"properties":{"id":"112894922","road":"E 4","name":null,"highway":"motorway"}},{"type":"Feature","geometry":{"type":"Point","coordinates":[17.474469,60.3607657]},"properties":{"id":"113511055","road":"E 4","name":"E4","highway":"motorway"}},{"type":"Feature","geometry":{"type":"Point","coordinates":[15.018617,58.5298334]},"properties":{"id":"113724698","road":"50","name":"Motalabron","highway":"trunk"}},{"type":"Feature","geometry":{"type":"Point","coordinates":[21.700294,65.8222795]},"properties":{"id":"114250765","road":"97","name":"Lulevägen","highway":"primary"}},{"type":"Feature","geometry":{"type":"Point","coordinates":[12.0795053,57.9268661]},"properties":{"id":"114460599","road":"E 45","name":null,"highway":"motorway"}},{"type":"Feature","geometry":{"type":"Point","coordinates":[11.873658,57.7056791]},"properties":{"id":"115972111","road":"E 6.20","name":"Hisingsleden","highway":"trunk"}},{"type":"Feature","geometry":{"type":"Point","coordinates":[11.8726531,57.706534]},"properties":{"id":"115972115","road":"E 6.20","name":"Hisingsleden","highway":"trunk"}},{"type":"Feature","geometry":{"type":"Point","coordinates":[15.6138538,56.1858479]},"properties":{"id":"116038680","road":"28","name":"Österleden","highway":"trunk"}},{"type":"Feature","geometry":{"type":"Point","coordinates":[15.625886,56.1921519]},"properties":{"id":"116038714","road":"28","name":"Österleden","highway":"trunk"}},{"type":"Feature","geometry":{"type":"Point","coordinates":[11.9535411,57.7184309]},"properties":{"id":"116352346","road":"E 6.21","name":"Lundbyleden","highway":"motorway"}},{"type":"Feature","geometry":{"type":"Point","coordinates":[11.9550662,57.7200056]},"properties":{"id":"116352366","road":"E 6.21","name":"Lundbyleden","highway":"motorway"}},{"type":"Feature","geometry":{"type":"Point","coordinates":[14.1061401,55.7317338]},"properties":{"id":"116936171","road":"19","name":null,"highway":"primary"}},{"type":"Feature","geometry":{"type":"Point","coordinates":[15.2356808,59.2958875]},"properties":{"id":"117340314","road":"E 18","name":"Arbogavägen","highway":"motorway"}},{"type":"Feature","geometry":{"type":"Point","coordinates":[18.0077346,59.4744167]},"properties":{"id":"117503603","road":"265","name":"Norrortsleden","highway":"motorway"}},{"type":"Feature","geometry":{"type":"Point","coordinates":[19.8111641,66.0137568]},"properties":{"id":"117503979","road":"E 45","name":"Inlandsvägen","highway":"trunk"}},{"type":"Feature","geometry":{"type":"Point","coordinates":[18.0432088,59.3855357]},"properties":{"id":"117535848","road":"E 18","name":null,"highway":"motorway"}},{"type":"Feature","geometry":{"type":"Point","coordinates":[14.4636323,63.3138117]},"properties":{"id":"118372962","road":"E 14","name":null,"highway":"trunk"}},{"type":"Feature","geometry":{"type":"Point","coordinates":[16.4080147,60.3501634]},"properties":{"id":"118591706","road":"68","name":null,"highway":"primary"}},{"type":"Feature","geometry":{"type":"Point","coordinates":[17.9613571,59.3414187]},"properties":{"id":"118825137","road":"279","name":"Ulvsundavägen","highway":"primary"}},{"type":"Feature","geometry":{"type":"Point","coordinates":[12.944717,55.5547187]},"properties":{"id":"119253153","road":"E 20","name":"Yttre Ringvägen","highway":"motorway"}},{"type":"Feature","geometry":{"type":"Point","coordinates":[15.5329298,62.3798965]},"properties":{"id":"120137170","road":"83","name":null,"highway":"primary"}},{"type":"Feature","geometry":{"type":"Point","coordinates":[15.0763362,60.68461]},"properties":{"id":"120721429","road":"70","name":null,"highway":"trunk"}},{"type":"Feature","geometry":{"type":"Point","coordinates":[15.3019032,58.568308]},"properties":{"id":"121379169","road":"34","name":null,"highway":"primary"}},{"type":"Feature","geometry":{"type":"Point","coordinates":[18.0101401,59.3417307]},"properties":{"id":"121486080","road":"E 4","name":"Karlbergsbron","highway":"motorway"}},{"type":"Feature","geometry":{"type":"Point","coordinates":[13.8652805,58.3466588]},"properties":{"id":"121830618","road":"26","name":null,"highway":"trunk"}},{"type":"Feature","geometry":{"type":"Point","coordinates":[13.8651794,58.359358]},"properties":{"id":"121830620","road":"26","name":null,"highway":"trunk"}},{"type":"Feature","geometry":{"type":"Point","coordinates":[16.6334033,61.7849456]},"properties":{"id":"121962542","road":"84","name":null,"highway":"primary"}},{"type":"Feature","geometry":{"type":"Point","coordinates":[16.5499574,61.2475968]},"properties":{"id":"121968258","road":"83","name":null,"highway":"primary"}},{"type":"Feature","geometry":{"type":"Point","coordinates":[16.3940839,61.3558208]},"properties":{"id":"121968302","road":"50","name":"Söderhamnsvägen","highway":"primary"}},{"type":"Feature","geometry":{"type":"Point","coordinates":[17.0811774,60.7414586]},"properties":{"id":"121991300","road":"E 4","name":null,"highway":"trunk"}},{"type":"Feature","geometry":{"type":"Point","coordinates":[15.7634515,59.9651112]},"properties":{"id":"121995019","road":"66","name":"Ludvikavägen","highway":"primary"}},{"type":"Feature","geometry":{"type":"Point","coordinates":[15.7195652,59.9011825]},"properties":{"id":"121995023","road":"68","name":null,"highway":"primary"}},{"type":"Feature","geometry":{"type":"Point","coordinates":[15.6679298,56.202409]},"properties":{"id":"122029861","road":"E 22","name":null,"highway":"trunk"}},{"type":"Feature","geometry":{"type":"Point","coordinates":[13.0203033,59.2124876]},"properties":{"id":"122819727","road":"E 45","name":null,"highway":"trunk"}},{"type":"Feature","geometry":{"type":"Point","coordinates":[20.9041731,67.1158885]},"properties":{"id":"123373900","road":"E 10","name":null,"highway":"trunk"}},{"type":"Feature","geometry":{"type":"Point","coordinates":[17.30464,59.7392504]},"properties":{"id":"123545016","road":"55","name":null,"highway":"primary"}},{"type":"Feature","geometry":{"type":"Point","coordinates":[12.7848333,58.0276657]},"properties":{"id":"124510292","road":"E 20","name":null,"highway":"trunk"}},{"type":"Feature","geometry":{"type":"Point","coordinates":[12.7122471,61.8530586]},"properties":{"id":"124549400","road":"70","name":null,"highway":"primary"}},{"type":"Feature","geometry":{"type":"Point","coordinates":[12.8705188,57.7113253]},"properties":{"id":"124744244","road":"27","name":null,"highway":"primary"}},{"type":"Feature","geometry":{"type":"Point","coordinates":[12.8679273,57.7112607]},"properties":{"id":"124744246","road":"27","name":null,"highway":"primary"}},{"type":"Feature","geometry":{"type":"Point","coordinates":[12.9361005,57.7277285]},"properties":{"id":"124845507","road":"42","name":"Norrby Långgata","highway":"primary"}},{"type":"Feature","geometry":{"type":"Point","coordinates":[15.1181832,60.8805227]},"properties":{"id":"125308978","road":"70","name":"Riksvägen","highway":"trunk"}},{"type":"Feature","geometry":{"type":"Point","coordinates":[22.4774338,68.4425405]},"properties":{"id":"125361530","road":"E 45","name":null,"highway":"trunk"}},{"type":"Feature","geometry":{"type":"Point","coordinates":[14.5263683,62.9136422]},"properties":{"id":"125963896","road":"E 45","name":"Inlandsvägen","highway":"trunk"}},{"type":"Feature","geometry":{"type":"Point","coordinates":[15.2101754,59.6240729]},"properties":{"id":"126826505","road":"68","name":null,"highway":"primary"}},{"type":"Feature","geometry":{"type":"Point","coordinates":[13.5208726,62.4227903]},"properties":{"id":"128226190","road":"84","name":"Inger Grannes väg","highway":"primary"}},{"type":"Feature","geometry":{"type":"Point","coordinates":[14.3807298,57.717337]},"properties":{"id":"128915084","road":"31","name":null,"highway":"trunk"}},{"type":"Feature","geometry":{"type":"Point","coordinates":[14.2972025,57.7370041]},"properties":{"id":"128915116","road":"31","name":null,"highway":"trunk"}},{"type":"Feature","geometry":{"type":"Point","coordinates":[14.3140469,57.7331645]},"properties":{"id":"128915117","road":"31","name":null,"highway":"trunk"}},{"type":"Feature","geometry":{"type":"Point","coordinates":[14.2993408,57.7365582]},"properties":{"id":"128915121","road":"31","name":null,"highway":"trunk"}},{"type":"Feature","geometry":{"type":"Point","coordinates":[13.8698993,56.4327728]},"properties":{"id":"129013377","road":"15","name":null,"highway":"primary"}},{"type":"Feature","geometry":{"type":"Point","coordinates":[13.8635639,60.8091339]},"properties":{"id":"130584594","road":"E 45","name":"Inlandsvägen","highway":"trunk"}},{"type":"Feature","geometry":{"type":"Point","coordinates":[18.1210268,59.4758625]},"properties":{"id":"131393916","road":"264","name":"Arningevägen","highway":"primary"}},{"type":"Feature","geometry":{"type":"Point","coordinates":[17.9813569,59.2405967]},"properties":{"id":"132226410","road":"226","name":"Huddingevägen","highway":"primary"}},{"type":"Feature","geometry":{"type":"Point","coordinates":[16.9793104,61.5427853]},"properties":{"id":"132236642","road":"E 4","name":null,"highway":"trunk"}},{"type":"Feature","geometry":{"type":"Point","coordinates":[17.0120211,61.6088147]},"properties":{"id":"132262967","road":"E 4","name":null,"highway":"trunk"}},{"type":"Feature","geometry":{"type":"Point","coordinates":[17.0176255,61.6543711]},"properties":{"id":"132264433","road":"E 4","name":null,"highway":"trunk"}},{"type":"Feature","geometry":{"type":"Point","coordinates":[17.0275461,61.6681796]},"properties":{"id":"132266322","road":"E 4","name":null,"highway":"trunk"}},{"type":"Feature","geometry":{"type":"Point","coordinates":[14.5231227,58.6014486]},"properties":{"id":"132319379","road":"49","name":null,"highway":"primary"}},{"type":"Feature","geometry":{"type":"Point","coordinates":[14.4539137,58.0016258]},"properties":{"id":"134886005","road":"E 4","name":null,"highway":"motorway"}},{"type":"Feature","geometry":{"type":"Point","coordinates":[17.0224848,61.2906038]},"properties":{"id":"135075643","road":"E 4","name":null,"highway":"trunk"}},{"type":"Feature","geometry":{"type":"Point","coordinates":[17.017816,61.335054]},"properties":{"id":"135078820","road":"E 4","name":null,"highway":"trunk"}},{"type":"Feature","geometry":{"type":"Point","coordinates":[17.0163837,61.3534356]},"properties":{"id":"135079330","road":"E 4","name":null,"highway":"trunk"}},{"type":"Feature","geometry":{"type":"Point","coordinates":[17.851625,59.4222263]},"properties":{"id":"135382829","road":"E 18","name":null,"highway":"motorway"}},{"type":"Feature","geometry":{"type":"Point","coordinates":[17.8557736,59.4116603]},"properties":{"id":"135382830","road":"E 18","name":null,"highway":"motorway"}},{"type":"Feature","geometry":{"type":"Point","coordinates":[18.0184232,59.302424]},"properties":{"id":"135743851","road":"E 4","name":"Essingeleden","highway":"motorway"}},{"type":"Feature","geometry":{"type":"Point","coordinates":[17.3090427,58.9026457]},"properties":{"id":"135856103","road":"E 4","name":null,"highway":"motorway"}},{"type":"Feature","geometry":{"type":"Point","coordinates":[21.0472672,64.8862266]},"properties":{"id":"135975924","road":"E 4","name":null,"highway":"trunk"}},{"type":"Feature","geometry":{"type":"Point","coordinates":[13.1132373,55.6180974]},"properties":{"id":"136325302","road":"E 6","name":"Yttre Ringvägen","highway":"motorway"}},{"type":"Feature","geometry":{"type":"Point","coordinates":[13.1125787,55.6193822]},"properties":{"id":"136325308","road":"E 6","name":"Yttre Ringvägen","highway":"motorway"}},{"type":"Feature","geometry":{"type":"Point","coordinates":[13.1225728,55.6158471]},"properties":{"id":"136325660","road":"11","name":null,"highway":"primary"}},{"type":"Feature","geometry":{"type":"Point","coordinates":[15.881247,57.3293333]},"properties":{"id":"136528483","road":"34","name":null,"highway":"primary"}},{"type":"Feature","geometry":{"type":"Point","coordinates":[15.8693902,57.3318145]},"properties":{"id":"136528484","road":"34","name":null,"highway":"primary"}},{"type":"Feature","geometry":{"type":"Point","coordinates":[18.0147481,59.3000335]},"properties":{"id":"136608802","road":"E 4","name":"Essingeleden","highway":"motorway"}},{"type":"Feature","geometry":{"type":"Point","coordinates":[14.8353177,57.6006898]},"properties":{"id":"136669148","road":"31","name":null,"highway":"primary"}},{"type":"Feature","geometry":{"type":"Point","coordinates":[17.7866117,59.4794806]},"properties":{"id":"136708856","road":"E 18","name":null,"highway":"motorway"}},{"type":"Feature","geometry":{"type":"Point","coordinates":[13.9683842,60.4921454]},"properties":{"id":"136764883","road":"E 16","name":null,"highway":"trunk"}},{"type":"Feature","geometry":{"type":"Point","coordinates":[13.7100956,60.6813883]},"properties":{"id":"136769256","road":"E 45","name":"Inlandsvägen","highway":"trunk"}},{"type":"Feature","geometry":{"type":"Point","coordinates":[14.7539869,56.8900196]},"properties":{"id":"137655483","road":"23","name":null,"highway":"primary"}},{"type":"Feature","geometry":{"type":"Point","coordinates":[16.9733113,66.3797845]},"properties":{"id":"138113318","road":"95","name":null,"highway":"primary"}},{"type":"Feature","geometry":{"type":"Point","coordinates":[14.7461078,56.8839272]},"properties":{"id":"138232952","road":"23","name":null,"highway":"primary"}},{"type":"Feature","geometry":{"type":"Point","coordinates":[17.0883911,59.2994929]},"properties":{"id":"139393826","road":"E 20","name":null,"highway":"motorway"}},{"type":"Feature","geometry":{"type":"Point","coordinates":[17.8508157,59.4256113]},"properties":{"id":"140489918","road":"E 18","name":null,"highway":"motorway"}},{"type":"Feature","geometry":{"type":"Point","coordinates":[15.9155977,60.0680268]},"properties":{"id":"141434980","road":"68","name":null,"highway":"primary"}},{"type":"Feature","geometry":{"type":"Point","coordinates":[17.9800285,59.3334396]},"properties":{"id":"141720400","road":"275","name":"Drottningholmsvägen","highway":"primary"}},{"type":"Feature","geometry":{"type":"Point","coordinates":[13.6813484,55.6336166]},"properties":{"id":"141747427","road":"11","name":"Ringvägen","highway":"primary"}},{"type":"Feature","geometry":{"type":"Point","coordinates":[17.9901569,59.3334504]},"properties":{"id":"141784029","road":"275","name":"Drottningholmsvägen","highway":"primary"}},{"type":"Feature","geometry":{"type":"Point","coordinates":[15.7558947,57.3880264]},"properties":{"id":"142708006","road":"23","name":null,"highway":"primary"}},{"type":"Feature","geometry":{"type":"Point","coordinates":[15.5084028,57.4050274]},"properties":{"id":"142717843","road":"47","name":"Målillavägen","highway":"primary"}},{"type":"Feature","geometry":{"type":"Point","coordinates":[21.0534022,64.2750575]},"properties":{"id":"142821357","road":"E 4","name":null,"highway":"trunk"}},{"type":"Feature","geometry":{"type":"Point","coordinates":[21.0468852,64.2699822]},"properties":{"id":"142821358","road":"E 4","name":null,"highway":"trunk"}},{"type":"Feature","geometry":{"type":"Point","coordinates":[12.3117904,57.1300814]},"properties":{"id":"143334979","road":"E 6","name":null,"highway":"motorway"}},{"type":"Feature","geometry":{"type":"Point","coordinates":[14.2506958,59.7545435]},"properties":{"id":"143481905","road":"26","name":null,"highway":"primary"}},{"type":"Feature","geometry":{"type":"Point","coordinates":[14.11609,60.6963662]},"properties":{"id":"143613605","road":"26","name":"Vansbrovägen","highway":"primary"}},{"type":"Feature","geometry":{"type":"Point","coordinates":[20.4424887,63.8683075]},"properties":{"id":"144834546","road":"E 4","name":null,"highway":"trunk"}},{"type":"Feature","geometry":{"type":"Point","coordinates":[16.7763272,59.3805412]},"properties":{"id":"145612170","road":"E 20","name":null,"highway":"motorway"}},{"type":"Feature","geometry":{"type":"Point","coordinates":[13.0919406,56.9589603]},"properties":{"id":"145774655","road":"26","name":null,"highway":"trunk"}},{"type":"Feature","geometry":{"type":"Point","coordinates":[12.8052656,56.7784623]},"properties":{"id":"146196149","road":"E 6","name":null,"highway":"motorway"}},{"type":"Feature","geometry":{"type":"Point","coordinates":[12.7522976,56.8044816]},"properties":{"id":"146196150","road":"E 6","name":null,"highway":"motorway"}},{"type":"Feature","geometry":{"type":"Point","coordinates":[14.1850672,56.0210326]},"properties":{"id":"146647095","road":"E 22","name":"Sölvesborgsvägen","highway":"motorway"}},{"type":"Feature","geometry":{"type":"Point","coordinates":[17.9060792,59.3984086]},"properties":{"id":"146652987","road":"E 18","name":null,"highway":"motorway"}},{"type":"Feature","geometry":{"type":"Point","coordinates":[15.1080906,56.2155375]},"properties":{"id":"147250740","road":"E 22","name":null,"highway":"trunk"}},{"type":"Feature","geometry":{"type":"Point","coordinates":[13.7217168,55.4274424]},"properties":{"id":"147499277","road":"9","name":"Västra Kustvägen","highway":"primary"}},{"type":"Feature","geometry":{"type":"Point","coordinates":[12.0236054,57.4868271]},"properties":{"id":"147776952","road":"158","name":"Säröleden","highway":"primary"}},{"type":"Feature","geometry":{"type":"Point","coordinates":[14.0728299,55.9373935]},"properties":{"id":"148458153","road":"19","name":"Degebergavägen","highway":"primary"}},{"type":"Feature","geometry":{"type":"Point","coordinates":[12.8638085,55.5695053]},"properties":{"id":"148500437","road":"E 20","name":null,"highway":"motorway"}},{"type":"Feature","geometry":{"type":"Point","coordinates":[16.0199347,57.2185549]},"properties":{"id":"148735964","road":"34","name":null,"highway":"primary"}},{"type":"Feature","geometry":{"type":"Point","coordinates":[17.9356649,59.4168405]},"properties":{"id":"149354336","road":"E 4","name":"Uppsalavägen","highway":"motorway"}},{"type":"Feature","geometry":{"type":"Point","coordinates":[20.0739441,64.9202238]},"properties":{"id":"149878064","road":"370","name":null,"highway":"primary"}},{"type":"Feature","geometry":{"type":"Point","coordinates":[14.8581552,56.9175715]},"properties":{"id":"150242174","road":"23","name":null,"highway":"primary"}},{"type":"Feature","geometry":{"type":"Point","coordinates":[14.2285923,57.7662179]},"properties":{"id":"150258122","road":"31","name":null,"highway":"trunk"}},{"type":"Feature","geometry":{"type":"Point","coordinates":[14.7984513,56.9011072]},"properties":{"id":"150837001","road":"23","name":"Norrleden","highway":"trunk"}},{"type":"Feature","geometry":{"type":"Point","coordinates":[13.1325896,58.3259897]},"properties":{"id":"150945245","road":"E 20","name":null,"highway":"trunk"}},{"type":"Feature","geometry":{"type":"Point","coordinates":[14.6378803,62.0520367]},"properties":{"id":"152991368","road":"E 45","name":"Inlandsvägen","highway":"trunk"}},{"type":"Feature","geometry":{"type":"Point","coordinates":[11.2553559,58.9289067]},"properties":{"id":"153309159","road":"E 6","name":null,"highway":"motorway"}},{"type":"Feature","geometry":{"type":"Point","coordinates":[17.4864176,59.5921416]},"properties":{"id":"153888388","road":"E 18","name":null,"highway":"motorway"}},{"type":"Feature","geometry":{"type":"Point","coordinates":[19.9177543,63.6397528]},"properties":{"id":"154205219","road":"E 4","name":null,"highway":"trunk"}},{"type":"Feature","geometry":{"type":"Point","coordinates":[19.9990565,63.6807814]},"properties":{"id":"154351946","road":"E 4","name":null,"highway":"trunk"}},{"type":"Feature","geometry":{"type":"Point","coordinates":[21.7572619,68.0449437]},"properties":{"id":"154415216","road":"E 45","name":"Inlandsvägen","highway":"trunk"}},{"type":"Feature","geometry":{"type":"Point","coordinates":[22.138045,68.3167649]},"properties":{"id":"154485266","road":"E 45","name":null,"highway":"trunk"}},{"type":"Feature","geometry":{"type":"Point","coordinates":[18.181305,59.2450518]},"properties":{"id":"154526815","road":"229","name":"Tyresövägen","highway":"motorway"}},{"type":"Feature","geometry":{"type":"Point","coordinates":[16.8579374,61.7423474]},"properties":{"id":"155039111","road":"84","name":null,"highway":"primary"}},{"type":"Feature","geometry":{"type":"Point","coordinates":[11.9291092,57.6460413]},"properties":{"id":"155516572","road":null,"name":"Järnbrottsmotet","highway":"primary"}},{"type":"Feature","geometry":{"type":"Point","coordinates":[18.005262,59.0555509]},"properties":{"id":"156888620","road":"73","name":"Nynäsvägen","highway":"motorway"}},{"type":"Feature","geometry":{"type":"Point","coordinates":[17.9675868,59.0393059]},"properties":{"id":"156888629","road":"73","name":"Nynäsvägen","highway":"motorway"}},{"type":"Feature","geometry":{"type":"Point","coordinates":[18.0402239,59.0623375]},"properties":{"id":"156888654","road":"73","name":"Nynäsvägen","highway":"motorway"}},{"type":"Feature","geometry":{"type":"Point","coordinates":[18.0864144,59.0880363]},"properties":{"id":"157088658","road":"73","name":"Nynäsvägen","highway":"motorway"}},{"type":"Feature","geometry":{"type":"Point","coordinates":[20.1882763,63.7763942]},"properties":{"id":"157151435","road":"E 4","name":null,"highway":"trunk"}},{"type":"Feature","geometry":{"type":"Point","coordinates":[17.9429183,59.369563]},"properties":{"id":"157567011","road":"279","name":"Ulvsundavägen","highway":"primary"}},{"type":"Feature","geometry":{"type":"Point","coordinates":[17.9446537,59.3673963]},"properties":{"id":"157568740","road":"279","name":"Ulvsundavägen","highway":"primary"}},{"type":"Feature","geometry":{"type":"Point","coordinates":[12.346084,63.2884452]},"properties":{"id":"157742791","road":"E 14","name":null,"highway":"trunk"}},{"type":"Feature","geometry":{"type":"Point","coordinates":[12.6338521,63.3632285]},"properties":{"id":"157749053","road":"E 14","name":null,"highway":"trunk"}},{"type":"Feature","geometry":{"type":"Point","coordinates":[16.9431855,61.7336129]},"properties":{"id":"157905308","road":"84","name":null,"highway":"primary"}},{"type":"Feature","geometry":{"type":"Point","coordinates":[20.9777712,67.6665906]},"properties":{"id":"157922979","road":"E 10","name":null,"highway":"trunk"}},{"type":"Feature","geometry":{"type":"Point","coordinates":[12.2644336,57.1402162]},"properties":{"id":"158292504","road":"41","name":"Västkustvägen","highway":"primary"}},{"type":"Feature","geometry":{"type":"Point","coordinates":[13.4073225,59.4299941]},"properties":{"id":"158304528","road":"62","name":null,"highway":"primary"}},{"type":"Feature","geometry":{"type":"Point","coordinates":[13.4089072,59.4269688]},"properties":{"id":"158304532","road":"62","name":null,"highway":"primary"}},{"type":"Feature","geometry":{"type":"Point","coordinates":[16.4332291,59.4000702]},"properties":{"id":"158460429","road":"E 20","name":null,"highway":"trunk"}},{"type":"Feature","geometry":{"type":"Point","coordinates":[16.4073647,59.4064633]},"properties":{"id":"158460433","road":"E 20","name":null,"highway":"trunk"}},{"type":"Feature","geometry":{"type":"Point","coordinates":[14.5062111,58.5392913]},"properties":{"id":"158546358","road":"49","name":"Storgatan","highway":"primary"}},{"type":"Feature","geometry":{"type":"Point","coordinates":[17.1631834,63.8199567]},"properties":{"id":"158583267","road":"90","name":null,"highway":"primary"}},{"type":"Feature","geometry":{"type":"Point","coordinates":[15.3217503,58.5540039]},"properties":{"id":"158732431","road":"34","name":null,"highway":"primary"}},{"type":"Feature","geometry":{"type":"Point","coordinates":[13.5511045,58.0270922]},"properties":{"id":"158787538","road":"46","name":null,"highway":"primary"}},{"type":"Feature","geometry":{"type":"Point","coordinates":[12.9375294,57.7162275]},"properties":{"id":"158828567","road":"40","name":"Annebergsbron","highway":"motorway"}},{"type":"Feature","geometry":{"type":"Point","coordinates":[17.6300226,60.5166383]},"properties":{"id":"158874983","road":"76","name":null,"highway":"primary"}},{"type":"Feature","geometry":{"type":"Point","coordinates":[17.4360308,62.518209]},"properties":{"id":"158899062","road":"E 4","name":"Deltavägen","highway":"trunk"}},{"type":"Feature","geometry":{"type":"Point","coordinates":[18.037266,59.3989076]},"properties":{"id":"159011765","road":"E 18","name":null,"highway":"motorway"}},{"type":"Feature","geometry":{"type":"Point","coordinates":[17.4123463,60.4637027]},"properties":{"id":"159037280","road":"E 4","name":null,"highway":"motorway"}},{"type":"Feature","geometry":{"type":"Point","coordinates":[13.1148887,59.3461285]},"properties":{"id":"159088368","road":"E 18","name":"Inlandsvägen","highway":"trunk"}},{"type":"Feature","geometry":{"type":"Point","coordinates":[13.1119107,59.3451947]},"properties":{"id":"159088373","road":"E 18","name":null,"highway":"trunk"}},{"type":"Feature","geometry":{"type":"Point","coordinates":[23.3868102,67.9317903]},"properties":{"id":"159633563","road":"99","name":"Pajalavägen","highway":"primary"}},{"type":"Feature","geometry":{"type":"Point","coordinates":[23.3465989,67.9282017]},"properties":{"id":"159633564","road":"99","name":"Pajalavägen","highway":"primary"}},{"type":"Feature","geometry":{"type":"Point","coordinates":[18.7976001,63.9909374]},"properties":{"id":"159978885","road":"92","name":null,"highway":"primary"}},{"type":"Feature","geometry":{"type":"Point","coordinates":[17.9513536,58.9203132]},"properties":{"id":"160338672","road":"73","name":null,"highway":"primary"}},{"type":"Feature","geometry":{"type":"Point","coordinates":[17.6441481,59.187125]},"properties":{"id":"160403694","road":"E 4","name":null,"highway":"motorway"}},{"type":"Feature","geometry":{"type":"Point","coordinates":[17.6858384,59.1850699]},"properties":{"id":"160403822","road":"225","name":null,"highway":"primary"}},{"type":"Feature","geometry":{"type":"Point","coordinates":[11.25199,59.0930716]},"properties":{"id":"160489663","road":"E 6","name":"Svinesundsbron","highway":"motorway"}},{"type":"Feature","geometry":{"type":"Point","coordinates":[21.1207049,67.4888348]},"properties":{"id":"160511841","road":"E 10","name":"Inlandsvägen","highway":"trunk"}},{"type":"Feature","geometry":{"type":"Point","coordinates":[17.3028921,59.7370021]},"properties":{"id":"160584945","road":"55","name":null,"highway":"primary"}},{"type":"Feature","geometry":{"type":"Point","coordinates":[16.0118047,57.1702967]},"properties":{"id":"160599408","road":"37","name":"Frövivägen","highway":"primary"}},{"type":"Feature","geometry":{"type":"Point","coordinates":[16.0135049,57.1710991]},"properties":{"id":"160599409","road":"37","name":"Frövivägen","highway":"primary"}},{"type":"Feature","geometry":{"type":"Point","coordinates":[17.6560447,59.9484263]},"properties":{"id":"160601565","road":"E 4","name":null,"highway":"motorway"}},{"type":"Feature","geometry":{"type":"Point","coordinates":[15.3533244,62.8146567]},"properties":{"id":"161100451","road":"E 14","name":null,"highway":"trunk"}},{"type":"Feature","geometry":{"type":"Point","coordinates":[17.9573087,59.3989651]},"properties":{"id":"161440566","road":"E 18","name":"Kymlingelänken","highway":"motorway"}},{"type":"Feature","geometry":{"type":"Point","coordinates":[17.0956797,61.765864]},"properties":{"id":"162583635","road":"E 4","name":null,"highway":"trunk"}},{"type":"Feature","geometry":{"type":"Point","coordinates":[13.6044086,55.8500764]},"properties":{"id":"163989514","road":"E 22","name":null,"highway":"trunk"}},{"type":"Feature","geometry":{"type":"Point","coordinates":[13.6461301,55.8480386]},"properties":{"id":"163989599","road":"13","name":null,"highway":"primary"}},{"type":"Feature","geometry":{"type":"Point","coordinates":[21.0590447,64.895332]},"properties":{"id":"164443974","road":"E 4","name":null,"highway":"trunk"}},{"type":"Feature","geometry":{"type":"Point","coordinates":[18.5381474,59.7108118]},"properties":{"id":"164824288","road":"E 18","name":null,"highway":"motorway"}},{"type":"Feature","geometry":{"type":"Point","coordinates":[18.5577966,59.7261704]},"properties":{"id":"164825846","road":"E 18","name":null,"highway":"motorway"}},{"type":"Feature","geometry":{"type":"Point","coordinates":[16.43885,60.5168364]},"properties":{"id":"165087741","road":"68","name":null,"highway":"primary"}},{"type":"Feature","geometry":{"type":"Point","coordinates":[17.3918406,59.6199651]},"properties":{"id":"165337726","road":"E 18","name":null,"highway":"motorway"}},{"type":"Feature","geometry":{"type":"Point","coordinates":[17.6062939,60.0731306]},"properties":{"id":"165343060","road":"E 4","name":null,"highway":"motorway"}},{"type":"Feature","geometry":{"type":"Point","coordinates":[13.2349195,55.8632007]},"properties":{"id":"165451269","road":"17","name":null,"highway":"primary"}},{"type":"Feature","geometry":{"type":"Point","coordinates":[11.8964171,57.6980366]},"properties":{"id":"165768718","road":"E 6.20","name":"Hisingsleden","highway":"trunk"}},{"type":"Feature","geometry":{"type":"Point","coordinates":[16.0330445,57.1593855]},"properties":{"id":"165953234","road":"34","name":"Tingebro","highway":"primary"}},{"type":"Feature","geometry":{"type":"Point","coordinates":[13.0355592,61.6984261]},"properties":{"id":"166097161","road":"70","name":null,"highway":"primary"}},{"type":"Feature","geometry":{"type":"Point","coordinates":[13.5623452,59.8563868]},"properties":{"id":"166657336","road":"62","name":null,"highway":"primary"}},{"type":"Feature","geometry":{"type":"Point","coordinates":[14.5008773,59.7485889]},"properties":{"id":"166663979","road":"63","name":null,"highway":"primary"}},{"type":"Feature","geometry":{"type":"Point","coordinates":[14.505924,59.7502026]},"properties":{"id":"166663980","road":"63","name":null,"highway":"primary"}},{"type":"Feature","geometry":{"type":"Point","coordinates":[14.9913369,59.8723519]},"properties":{"id":"166663982","road":"63","name":"Filipstadsvägen","highway":"primary"}},{"type":"Feature","geometry":{"type":"Point","coordinates":[17.6068068,59.8758478]},"properties":{"id":"167772571","road":"55","name":"Bärbyleden","highway":"primary"}},{"type":"Feature","geometry":{"type":"Point","coordinates":[15.0935647,58.332465]},"properties":{"id":"168857305","road":"50","name":null,"highway":"trunk"}},{"type":"Feature","geometry":{"type":"Point","coordinates":[11.2774333,58.7852176]},"properties":{"id":"169363229","road":"E 6","name":null,"highway":"motorway"}},{"type":"Feature","geometry":{"type":"Point","coordinates":[11.270877,58.8847095]},"properties":{"id":"169363230","road":"E 6","name":null,"highway":"motorway"}},{"type":"Feature","geometry":{"type":"Point","coordinates":[11.2735475,58.7772363]},"properties":{"id":"169363233","road":"E 6","name":null,"highway":"motorway"}},{"type":"Feature","geometry":{"type":"Point","coordinates":[11.278247,58.7612253]},"properties":{"id":"169363240","road":"E 6","name":null,"highway":"motorway"}},{"type":"Feature","geometry":{"type":"Point","coordinates":[11.2831081,58.8071568]},"properties":{"id":"169363245","road":"E 6","name":null,"highway":"motorway"}},{"type":"Feature","geometry":{"type":"Point","coordinates":[11.2777541,58.7959204]},"properties":{"id":"169363250","road":"E 6","name":null,"highway":"motorway"}},{"type":"Feature","geometry":{"type":"Point","coordinates":[17.094338,65.0650114]},"properties":{"id":"170155177","road":"E 45","name":"Inlandsvägen","highway":"trunk"}},{"type":"Feature","geometry":{"type":"Point","coordinates":[14.7122255,60.4624155]},"properties":{"id":"170275643","road":"E 16","name":null,"highway":"trunk"}},{"type":"Feature","geometry":{"type":"Point","coordinates":[15.601732,57.3351684]},"properties":{"id":"170571328","road":"23","name":null,"highway":"primary"}},{"type":"Feature","geometry":{"type":"Point","coordinates":[19.9350025,64.140513]},"properties":{"id":"170656781","road":"363","name":null,"highway":"primary"}},{"type":"Feature","geometry":{"type":"Point","coordinates":[14.7393279,60.4575548]},"properties":{"id":"171137554","road":"66","name":null,"highway":"primary"}},{"type":"Feature","geometry":{"type":"Point","coordinates":[21.2377558,64.68271]},"properties":{"id":"171489283","road":"372","name":"Järnvägsleden","highway":"primary"}},{"type":"Feature","geometry":{"type":"Point","coordinates":[21.2516859,64.6755014]},"properties":{"id":"171489284","road":"372","name":"Järnvägsleden","highway":"primary"}},{"type":"Feature","geometry":{"type":"Point","coordinates":[14.0116946,55.444762]},"properties":{"id":"172042123","road":"9","name":"Österleden","highway":"primary"}},{"type":"Feature","geometry":{"type":"Point","coordinates":[13.2087258,55.691901]},"properties":{"id":"173657134","road":"E 22","name":"Autostradan","highway":"motorway"}},{"type":"Feature","geometry":{"type":"Point","coordinates":[15.7455983,57.633566]},"properties":{"id":"174167786","road":"40","name":null,"highway":"trunk"}},{"type":"Feature","geometry":{"type":"Point","coordinates":[19.3455089,64.5344226]},"properties":{"id":"174536361","road":"363","name":"Byavägen","highway":"primary"}},{"type":"Feature","geometry":{"type":"Point","coordinates":[15.6296911,56.2281611]},"properties":{"id":"174849913","road":"28","name":"Österleden","highway":"primary"}},{"type":"Feature","geometry":{"type":"Point","coordinates":[15.6178559,56.2519832]},"properties":{"id":"174849919","road":"28","name":"Karlskronavägen","highway":"primary"}},{"type":"Feature","geometry":{"type":"Point","coordinates":[14.5341316,59.3251915]},"properties":{"id":"174959046","road":"E 18","name":"Örebrovägen","highway":"trunk"}},{"type":"Feature","geometry":{"type":"Point","coordinates":[16.2122053,56.6364833]},"properties":{"id":"175489283","road":"E 22","name":null,"highway":"trunk"}},{"type":"Feature","geometry":{"type":"Point","coordinates":[20.1994593,63.8561753]},"properties":{"id":"175656168","road":"92","name":"Norra länken","highway":"trunk"}},{"type":"Feature","geometry":{"type":"Point","coordinates":[19.0687798,64.9445077]},"properties":{"id":"175706588","road":"365","name":null,"highway":"primary"}},{"type":"Feature","geometry":{"type":"Point","coordinates":[16.4678553,58.7424908]},"properties":{"id":"175759262","road":"E 4","name":null,"highway":"motorway"}},{"type":"Feature","geometry":{"type":"Point","coordinates":[14.1892506,59.7148195]},"properties":{"id":"176837394","road":"26","name":null,"highway":"primary"}},{"type":"Feature","geometry":{"type":"Point","coordinates":[19.324726,64.9445912]},"properties":{"id":"178550779","road":"365","name":null,"highway":"primary"}},{"type":"Feature","geometry":{"type":"Point","coordinates":[20.3324211,63.8319932]},"properties":{"id":"179176246","road":"E 4","name":"Kolbäcksvägen","highway":"trunk"}},{"type":"Feature","geometry":{"type":"Point","coordinates":[12.9494569,57.7080021]},"properties":{"id":"179183423","road":"41","name":null,"highway":"primary"}},{"type":"Feature","geometry":{"type":"Point","coordinates":[15.3471414,57.6328549]},"properties":{"id":"179279090","road":"40","name":null,"highway":"trunk"}},{"type":"Feature","geometry":{"type":"Point","coordinates":[20.6637866,67.1468168]},"properties":{"id":"179375720","road":"E 45","name":"Malmbergsleden","highway":"trunk"}},{"type":"Feature","geometry":{"type":"Point","coordinates":[20.8038435,67.1487319]},"properties":{"id":"179375721","road":"E 45","name":null,"highway":"trunk"}},{"type":"Feature","geometry":{"type":"Point","coordinates":[20.6680103,67.1258918]},"properties":{"id":"179375722","road":"E 45","name":"Porjusvägen","highway":"trunk"}},{"type":"Feature","geometry":{"type":"Point","coordinates":[14.670073,60.4666976]},"properties":{"id":"180381544","road":"E 16","name":null,"highway":"trunk"}},{"type":"Feature","geometry":{"type":"Point","coordinates":[12.8887628,56.7106137]},"properties":{"id":"180758215","road":"E 6.06","name":"Nissastigen","highway":"trunk"}},{"type":"Feature","geometry":{"type":"Point","coordinates":[12.891848,56.7125492]},"properties":{"id":"180758584","road":"26","name":"Nissastigen","highway":"trunk"}},{"type":"Feature","geometry":{"type":"Point","coordinates":[13.089549,63.3966732]},"properties":{"id":"181070773","road":"E 14","name":"Trondheimsleden","highway":"trunk"}},{"type":"Feature","geometry":{"type":"Point","coordinates":[13.0769129,63.4017954]},"properties":{"id":"181098400","road":"E 14","name":"Trondheimsleden","highway":"trunk"}},{"type":"Feature","geometry":{"type":"Point","coordinates":[13.0344201,59.5596841]},"properties":{"id":"181514027","road":"61","name":null,"highway":"primary"}},{"type":"Feature","geometry":{"type":"Point","coordinates":[11.874838,57.7518356]},"properties":{"id":"183001818","road":"E 6.20","name":"Hisingsleden","highway":"trunk"}},{"type":"Feature","geometry":{"type":"Point","coordinates":[15.7590369,59.4063983]},"properties":{"id":"184231555","road":"E 18","name":null,"highway":"motorway"}},{"type":"Feature","geometry":{"type":"Point","coordinates":[12.9083017,63.3957872]},"properties":{"id":"184618016","road":"E 14","name":"Norgevägen","highway":"trunk"}},{"type":"Feature","geometry":{"type":"Point","coordinates":[12.1278119,62.6271952]},"properties":{"id":"185252614","road":"84","name":null,"highway":"primary"}},{"type":"Feature","geometry":{"type":"Point","coordinates":[17.536282,60.1592359]},"properties":{"id":"185584540","road":"E 4","name":null,"highway":"motorway"}},{"type":"Feature","geometry":{"type":"Point","coordinates":[17.510725,60.3253017]},"properties":{"id":"185597998","road":"E 4","name":null,"highway":"motorway"}},{"type":"Feature","geometry":{"type":"Point","coordinates":[17.6597873,59.9405393]},"properties":{"id":"185762231","road":"E 4","name":null,"highway":"motorway"}},{"type":"Feature","geometry":{"type":"Point","coordinates":[17.6247439,60.0118763]},"properties":{"id":"185762246","road":"E 4","name":null,"highway":"motorway"}},{"type":"Feature","geometry":{"type":"Point","coordinates":[15.5749089,57.6168426]},"properties":{"id":"186821633","road":"40","name":"Östra Storgatan","highway":"trunk"}},{"type":"Feature","geometry":{"type":"Point","coordinates":[15.4209107,57.6348452]},"properties":{"id":"187006280","road":"40","name":"Eksjövägen","highway":"trunk"}},{"type":"Feature","geometry":{"type":"Point","coordinates":[17.8186967,59.7407945]},"properties":{"id":"187636462","road":"E 4","name":null,"highway":"motorway"}},{"type":"Feature","geometry":{"type":"Point","coordinates":[17.8073545,59.7540761]},"properties":{"id":"187715095","road":"E 4","name":null,"highway":"motorway"}},{"type":"Feature","geometry":{"type":"Point","coordinates":[17.7814897,59.7781649]},"properties":{"id":"187715107","road":"E 4","name":null,"highway":"motorway"}},{"type":"Feature","geometry":{"type":"Point","coordinates":[17.7619628,59.8051495]},"properties":{"id":"187715130","road":"E 4","name":null,"highway":"motorway"}},{"type":"Feature","geometry":{"type":"Point","coordinates":[12.1495226,57.968423]},"properties":{"id":"187717954","road":"E 45","name":null,"highway":"motorway"}},{"type":"Feature","geometry":{"type":"Point","coordinates":[12.1557907,57.9729903]},"properties":{"id":"187717955","road":"E 45","name":null,"highway":"motorway"}},{"type":"Feature","geometry":{"type":"Point","coordinates":[14.089097,55.9849537]},"properties":{"id":"187720379","road":"E 22","name":"Malmövägen","highway":"motorway"}},{"type":"Feature","geometry":{"type":"Point","coordinates":[17.9005819,59.6191961]},"properties":{"id":"187725099","road":"E 4","name":"Uppsalavägen","highway":"motorway"}},{"type":"Feature","geometry":{"type":"Point","coordinates":[12.1574041,58.0833858]},"properties":{"id":"187922457","road":"E 45","name":null,"highway":"motorway"}},{"type":"Feature","geometry":{"type":"Point","coordinates":[15.9002332,59.444798]},"properties":{"id":"188664899","road":"E 18","name":null,"highway":"motorway"}},{"type":"Feature","geometry":{"type":"Point","coordinates":[14.0315268,61.2553489]},"properties":{"id":"189450668","road":"70","name":"Särnavägen","highway":"primary"}},{"type":"Feature","geometry":{"type":"Point","coordinates":[15.0957974,58.4014582]},"properties":{"id":"190303203","road":"50","name":null,"highway":"trunk"}},{"type":"Feature","geometry":{"type":"Point","coordinates":[16.3905448,56.956548]},"properties":{"id":"190585770","road":"E 22","name":null,"highway":"trunk"}},{"type":"Feature","geometry":{"type":"Point","coordinates":[14.8912315,63.3829081]},"properties":{"id":"191110749","road":"E 45","name":"Inlandsvägen","highway":"trunk"}},{"type":"Feature","geometry":{"type":"Point","coordinates":[15.1523609,59.8006511]},"properties":{"id":"191254007","road":"50","name":null,"highway":"trunk"}},{"type":"Feature","geometry":{"type":"Point","coordinates":[17.7631982,59.4843607]},"properties":{"id":"191276492","road":"E 18","name":null,"highway":"motorway"}},{"type":"Feature","geometry":{"type":"Point","coordinates":[17.8049561,59.4742152]},"properties":{"id":"191278118","road":"E 18","name":null,"highway":"motorway"}},{"type":"Feature","geometry":{"type":"Point","coordinates":[16.258454,58.9694192]},"properties":{"id":"191463737","road":"55","name":null,"highway":"trunk"}},{"type":"Feature","geometry":{"type":"Point","coordinates":[16.2329872,58.9602701]},"properties":{"id":"191463752","road":"55","name":null,"highway":"trunk"}},{"type":"Feature","geometry":{"type":"Point","coordinates":[13.073237,56.1978903]},"properties":{"id":"191567738","road":"E 4","name":null,"highway":"motorway"}},{"type":"Feature","geometry":{"type":"Point","coordinates":[13.1135584,56.142533]},"properties":{"id":"191567775","road":"13","name":null,"highway":"primary"}},{"type":"Feature","geometry":{"type":"Point","coordinates":[13.0376261,56.2122236]},"properties":{"id":"191567776","road":"13","name":null,"highway":"primary"}},{"type":"Feature","geometry":{"type":"Point","coordinates":[14.0408726,57.0187815]},"properties":{"id":"191619372","road":"E 4","name":null,"highway":"motorway"}},{"type":"Feature","geometry":{"type":"Point","coordinates":[12.961989,56.5042516]},"properties":{"id":"191640255","road":"24","name":null,"highway":"primary"}},{"type":"Feature","geometry":{"type":"Point","coordinates":[13.1171393,56.4443451]},"properties":{"id":"191640256","road":"24","name":null,"highway":"primary"}},{"type":"Feature","geometry":{"type":"Point","coordinates":[12.9158583,56.6205557]},"properties":{"id":"191646743","road":"E 6","name":null,"highway":"motorway"}},{"type":"Feature","geometry":{"type":"Point","coordinates":[18.0469531,59.3755429]},"properties":{"id":"192653582","road":"E 18.20","name":"Roslagsvägen","highway":"primary"}},{"type":"Feature","geometry":{"type":"Point","coordinates":[18.0456606,59.3766696]},"properties":{"id":"192653583","road":"E 18.20","name":"Roslagsvägen","highway":"primary"}},{"type":"Feature","geometry":{"type":"Point","coordinates":[14.8621869,63.3205395]},"properties":{"id":"193293092","road":"E 45","name":"Inlandsvägen","highway":"trunk"}},{"type":"Feature","geometry":{"type":"Point","coordinates":[14.8615424,63.3212652]},"properties":{"id":"193293096","road":"E 45","name":"Inlandsvägen","highway":"trunk"}},{"type":"Feature","geometry":{"type":"Point","coordinates":[14.8694891,63.312298]},"properties":{"id":"193299608","road":"E 45","name":"Inlandsvägen","highway":"trunk"}},{"type":"Feature","geometry":{"type":"Point","coordinates":[17.0011753,64.9037292]},"properties":{"id":"193558223","road":"E 45","name":"Inlandsvägen","highway":"trunk"}},{"type":"Feature","geometry":{"type":"Point","coordinates":[17.0520075,64.9485838]},"properties":{"id":"193558225","road":"E 45","name":"Skarvsjöby","highway":"trunk"}},{"type":"Feature","geometry":{"type":"Point","coordinates":[17.0758079,64.9998271]},"properties":{"id":"193558226","road":"E 45","name":"Inlandsvägen","highway":"trunk"}},{"type":"Feature","geometry":{"type":"Point","coordinates":[18.2283684,59.2926563]},"properties":{"id":"193614267","road":null,"name":"Saltsjöbadsleden","highway":"motorway"}},{"type":"Feature","geometry":{"type":"Point","coordinates":[15.2290822,59.3617682]},"properties":{"id":"193890840","road":"50","name":null,"highway":"trunk"}},{"type":"Feature","geometry":{"type":"Point","coordinates":[15.1331012,59.4711875]},"properties":{"id":"193957277","road":"50","name":null,"highway":"trunk"}},{"type":"Feature","geometry":{"type":"Point","coordinates":[19.3572642,63.5115005]},"properties":{"id":"194486183","road":"E 4","name":null,"highway":"trunk"}},{"type":"Feature","geometry":{"type":"Point","coordinates":[17.9988161,65.5658947]},"properties":{"id":"194687739","road":"E 45","name":"Inlandsvägen","highway":"trunk"}},{"type":"Feature","geometry":{"type":"Point","coordinates":[15.0179861,58.5332782]},"properties":{"id":"195423205","road":"50","name":null,"highway":"trunk"}},{"type":"Feature","geometry":{"type":"Point","coordinates":[12.1769513,58.0235876]},"properties":{"id":"195430441","road":"E 45","name":null,"highway":"motorway"}},{"type":"Feature","geometry":{"type":"Point","coordinates":[15.0096071,59.2435659]},"properties":{"id":"195459648","road":"E 18","name":null,"highway":"motorway"}},{"type":"Feature","geometry":{"type":"Point","coordinates":[23.9244374,66.0646125]},"properties":{"id":"195530197","road":"99","name":null,"highway":"primary"}},{"type":"Feature","geometry":{"type":"Point","coordinates":[14.5139292,56.7482559]},"properties":{"id":"195590155","road":"23","name":null,"highway":"primary"}},{"type":"Feature","geometry":{"type":"Point","coordinates":[17.9419599,59.3891371]},"properties":{"id":"195999552","road":"E 18","name":null,"highway":"motorway"}},{"type":"Feature","geometry":{"type":"Point","coordinates":[12.1761493,58.0305433]},"properties":{"id":"196179402","road":"E 45","name":null,"highway":"motorway"}},{"type":"Feature","geometry":{"type":"Point","coordinates":[17.5153172,58.9711918]},"properties":{"id":"198178579","road":"E 4","name":null,"highway":"motorway"}},{"type":"Feature","geometry":{"type":"Point","coordinates":[13.1620055,58.3425111]},"properties":{"id":"199096411","road":"E 20","name":null,"highway":"trunk"}},{"type":"Feature","geometry":{"type":"Point","coordinates":[18.1532125,60.3689198]},"properties":{"id":"199098047","road":"76","name":null,"highway":"primary"}},{"type":"Feature","geometry":{"type":"Point","coordinates":[14.6906719,59.2813232]},"properties":{"id":"199684903","road":"E 18","name":null,"highway":"trunk"}},{"type":"Feature","geometry":{"type":"Point","coordinates":[13.0020886,55.5657545]},"properties":{"id":"200183473","road":null,"name":null,"highway":"trunk"}},{"type":"Feature","geometry":{"type":"Point","coordinates":[13.0014024,55.5639818]},"properties":{"id":"200183475","road":null,"name":null,"highway":"trunk"}},{"type":"Feature","geometry":{"type":"Point","coordinates":[15.5042365,58.4529124]},"properties":{"id":"200655719","road":"34","name":null,"highway":"primary"}},{"type":"Feature","geometry":{"type":"Point","coordinates":[15.016129,59.049488]},"properties":{"id":"201201930","road":"50","name":null,"highway":"trunk"}},{"type":"Feature","geometry":{"type":"Point","coordinates":[16.4127921,56.3454171]},"properties":{"id":"202261320","road":"136","name":null,"highway":"primary"}},{"type":"Feature","geometry":{"type":"Point","coordinates":[18.3996574,60.1798944]},"properties":{"id":"202594416","road":"76","name":null,"highway":"primary"}},{"type":"Feature","geometry":{"type":"Point","coordinates":[18.6062686,59.9586411]},"properties":{"id":"202602717","road":"76","name":"Skebovägen","highway":"primary"}},{"type":"Feature","geometry":{"type":"Point","coordinates":[13.4191652,57.809579]},"properties":{"id":"202637272","road":"40","name":null,"highway":"motorway"}},{"type":"Feature","geometry":{"type":"Point","coordinates":[17.8996638,62.6133804]},"properties":{"id":"203233899","road":"E 4","name":null,"highway":"trunk"}},{"type":"Feature","geometry":{"type":"Point","coordinates":[12.6424772,60.8854129]},"properties":{"id":"204002552","road":"62","name":null,"highway":"primary"}},{"type":"Feature","geometry":{"type":"Point","coordinates":[12.5133781,60.9277233]},"properties":{"id":"204005523","road":"62","name":null,"highway":"primary"}},{"type":"Feature","geometry":{"type":"Point","coordinates":[13.2462787,60.4291924]},"properties":{"id":"204025309","road":"62","name":null,"highway":"primary"}},{"type":"Feature","geometry":{"type":"Point","coordinates":[20.1840474,67.0619161]},"properties":{"id":"204066378","road":"E 45","name":null,"highway":"trunk"}},{"type":"Feature","geometry":{"type":"Point","coordinates":[16.3705128,64.2562409]},"properties":{"id":"204313307","road":"E 45","name":"Inlandsvägen","highway":"trunk"}},{"type":"Feature","geometry":{"type":"Point","coordinates":[13.9489557,55.547657]},"properties":{"id":"204370037","road":"11","name":"Gladanleden","highway":"primary"}},{"type":"Feature","geometry":{"type":"Point","coordinates":[17.6333092,65.2079931]},"properties":{"id":"204469816","road":"E 45","name":"Inlandsvägen","highway":"trunk"}},{"type":"Feature","geometry":{"type":"Point","coordinates":[17.6355781,65.2088081]},"properties":{"id":"204469818","road":"E 45","name":"Inlandsvägen","highway":"trunk"}},{"type":"Feature","geometry":{"type":"Point","coordinates":[17.5809638,65.3436022]},"properties":{"id":"204469826","road":"E 45","name":"Strandvägen","highway":"trunk"}},{"type":"Feature","geometry":{"type":"Point","coordinates":[17.5399802,65.51203]},"properties":{"id":"204474776","road":"E 45","name":"Inlandsvägen","highway":"trunk"}},{"type":"Feature","geometry":{"type":"Point","coordinates":[18.0044017,59.3258677]},"properties":{"id":"205889183","road":"E 4","name":"Essingeleden","highway":"motorway"}},{"type":"Feature","geometry":{"type":"Point","coordinates":[17.9976753,59.3193153]},"properties":{"id":"205889184","road":"E 4","name":"Essingeleden","highway":"motorway"}},{"type":"Feature","geometry":{"type":"Point","coordinates":[18.0157785,59.3056116]},"properties":{"id":"205889186","road":"E 4","name":"Essingeleden","highway":"motorway"}},{"type":"Feature","geometry":{"type":"Point","coordinates":[18.2317689,59.5638012]},"properties":{"id":"206009509","road":"E 18","name":null,"highway":"trunk"}},{"type":"Feature","geometry":{"type":"Point","coordinates":[15.1702536,59.1134675]},"properties":{"id":"207101841","road":"52","name":null,"highway":"primary"}},{"type":"Feature","geometry":{"type":"Point","coordinates":[15.1750265,59.1165299]},"properties":{"id":"207101844","road":"52","name":null,"highway":"primary"}},{"type":"Feature","geometry":{"type":"Point","coordinates":[15.1772673,59.1175831]},"properties":{"id":"207107430","road":"52","name":null,"highway":"primary"}},{"type":"Feature","geometry":{"type":"Point","coordinates":[18.1827818,63.0053157]},"properties":{"id":"208566601","road":"E 4","name":null,"highway":"trunk"}},{"type":"Feature","geometry":{"type":"Point","coordinates":[13.4211852,57.8092793]},"properties":{"id":"208732302","road":"46","name":"Falköpingsvägen","highway":"primary"}},{"type":"Feature","geometry":{"type":"Point","coordinates":[14.5975972,56.0654074]},"properties":{"id":"209069651","road":"E 22","name":null,"highway":"motorway"}},{"type":"Feature","geometry":{"type":"Point","coordinates":[14.4997398,56.0625928]},"properties":{"id":"209069655","road":"E 22","name":null,"highway":"motorway"}},{"type":"Feature","geometry":{"type":"Point","coordinates":[14.6436847,56.1748489]},"properties":{"id":"209268735","road":"15","name":null,"highway":"primary"}},{"type":"Feature","geometry":{"type":"Point","coordinates":[16.3493081,57.9636117]},"properties":{"id":"209323455","road":"35","name":null,"highway":"primary"}},{"type":"Feature","geometry":{"type":"Point","coordinates":[17.9147241,59.396365]},"properties":{"id":"210224844","road":"E 18","name":null,"highway":"motorway"}},{"type":"Feature","geometry":{"type":"Point","coordinates":[17.9493058,59.393392]},"properties":{"id":"210227267","road":"E 18","name":"Kymlingelänken","highway":"motorway"}},{"type":"Feature","geometry":{"type":"Point","coordinates":[12.8347794,63.4003065]},"properties":{"id":"210641846","road":"E 14","name":null,"highway":"trunk"}},{"type":"Feature","geometry":{"type":"Point","coordinates":[13.0587763,55.5508285]},"properties":{"id":"211687634","road":"E 6","name":"Yttre Ringvägen","highway":"motorway"}},{"type":"Feature","geometry":{"type":"Point","coordinates":[12.8482183,61.2708573]},"properties":{"id":"211946651","road":"66","name":null,"highway":"primary"}},{"type":"Feature","geometry":{"type":"Point","coordinates":[12.2230468,63.2648335]},"properties":{"id":"212863812","road":"E 14","name":null,"highway":"trunk"}},{"type":"Feature","geometry":{"type":"Point","coordinates":[17.1722097,59.2439099]},"properties":{"id":"213813725","road":"E 20","name":null,"highway":"motorway"}},{"type":"Feature","geometry":{"type":"Point","coordinates":[15.5836025,57.3176939]},"properties":{"id":"213891910","road":"23","name":"Storgatan","highway":"primary"}},{"type":"Feature","geometry":{"type":"Point","coordinates":[13.226204,55.6352881]},"properties":{"id":"213894410","road":"11","name":null,"highway":"primary"}},{"type":"Feature","geometry":{"type":"Point","coordinates":[13.2152278,55.6295878]},"properties":{"id":"213894413","road":"11","name":null,"highway":"primary"}},{"type":"Feature","geometry":{"type":"Point","coordinates":[15.6107542,57.3452551]},"properties":{"id":"214438415","road":"23","name":null,"highway":"primary"}},{"type":"Feature","geometry":{"type":"Point","coordinates":[18.1682375,68.4258528]},"properties":{"id":"214784300","road":"E 10","name":null,"highway":"trunk"}},{"type":"Feature","geometry":{"type":"Point","coordinates":[15.8459162,57.585493]},"properties":{"id":"214806965","road":"23","name":null,"highway":"primary"}},{"type":"Feature","geometry":{"type":"Point","coordinates":[18.7196349,68.3881611]},"properties":{"id":"214809072","road":"E 10","name":null,"highway":"trunk"}},{"type":"Feature","geometry":{"type":"Point","coordinates":[17.5357553,58.9926666]},"properties":{"id":"216186846","road":"E 4","name":null,"highway":"motorway"}},{"type":"Feature","geometry":{"type":"Point","coordinates":[13.1707417,55.6248138]},"properties":{"id":"216650068","road":"11","name":null,"highway":"primary"}},{"type":"Feature","geometry":{"type":"Point","coordinates":[13.2757057,55.6467574]},"properties":{"id":"216653127","road":"11","name":null,"highway":"primary"}},{"type":"Feature","geometry":{"type":"Point","coordinates":[15.3702019,63.5440822]},"properties":{"id":"217353281","road":"E 45","name":"Inlandsvägen","highway":"trunk"}},{"type":"Feature","geometry":{"type":"Point","coordinates":[13.1308215,62.4514676]},"properties":{"id":"218367152","road":"84","name":null,"highway":"primary"}},{"type":"Feature","geometry":{"type":"Point","coordinates":[13.5487329,55.3867669]},"properties":{"id":"218369527","road":"9","name":"Kustvägen","highway":"primary"}},{"type":"Feature","geometry":{"type":"Point","coordinates":[13.4826632,55.382153]},"properties":{"id":"218369569","road":"9","name":null,"highway":"primary"}},{"type":"Feature","geometry":{"type":"Point","coordinates":[12.9587953,62.4027086]},"properties":{"id":"218381543","road":"84","name":null,"highway":"primary"}},{"type":"Feature","geometry":{"type":"Point","coordinates":[17.2843551,59.8779552]},"properties":{"id":"218924960","road":"72","name":null,"highway":"primary"}},{"type":"Feature","geometry":{"type":"Point","coordinates":[14.0735869,55.8972126]},"properties":{"id":"219090587","road":"19","name":"Degebergavägen","highway":"primary"}},{"type":"Feature","geometry":{"type":"Point","coordinates":[21.0691148,64.9016088]},"properties":{"id":"219413418","road":"E 4","name":null,"highway":"trunk"}},{"type":"Feature","geometry":{"type":"Point","coordinates":[21.0205189,64.867834]},"properties":{"id":"219413419","road":"E 4","name":null,"highway":"trunk"}},{"type":"Feature","geometry":{"type":"Point","coordinates":[13.6192031,57.2724655]},"properties":{"id":"220232922","road":"27","name":"Anderstorpsvägen","highway":"primary"}},{"type":"Feature","geometry":{"type":"Point","coordinates":[12.2081898,57.3213505]},"properties":{"id":"220533699","road":"E 6","name":null,"highway":"motorway"}},{"type":"Feature","geometry":{"type":"Point","coordinates":[15.0094386,60.7283913]},"properties":{"id":"220882957","road":"70","name":null,"highway":"trunk"}},{"type":"Feature","geometry":{"type":"Point","coordinates":[15.0088468,60.7299795]},"properties":{"id":"220882959","road":"70","name":null,"highway":"trunk"}},{"type":"Feature","geometry":{"type":"Point","coordinates":[11.9984288,57.724501]},"properties":{"id":"221131563","road":"E 45","name":"Marieholmsleden","highway":"trunk"}},{"type":"Feature","geometry":{"type":"Point","coordinates":[11.9981266,57.7254851]},"properties":{"id":"221131564","road":"E 45","name":"Marieholmsleden","highway":"trunk"}},{"type":"Feature","geometry":{"type":"Point","coordinates":[22.5197401,68.429899]},"properties":{"id":"221189925","road":"99","name":null,"highway":"primary"}},{"type":"Feature","geometry":{"type":"Point","coordinates":[21.044331,64.7352898]},"properties":{"id":"221327373","road":"372","name":"Järnvägsleden","highway":"primary"}},{"type":"Feature","geometry":{"type":"Point","coordinates":[14.7491379,56.8877686]},"properties":{"id":"221397443","road":"23","name":"Norrleden","highway":"primary"}},{"type":"Feature","geometry":{"type":"Point","coordinates":[11.9827677,57.7287735]},"properties":{"id":"222217362","road":"E 6","name":"Norgevägen","highway":"motorway"}},{"type":"Feature","geometry":{"type":"Point","coordinates":[11.982997,57.7274237]},"properties":{"id":"222217400","road":"E 6.21","name":null,"highway":"motorway"}},{"type":"Feature","geometry":{"type":"Point","coordinates":[18.0776356,62.8790191]},"properties":{"id":"222762478","road":"E 4","name":null,"highway":"trunk"}},{"type":"Feature","geometry":{"type":"Point","coordinates":[17.0080043,59.532353]},"properties":{"id":"223678687","road":"55","name":null,"highway":"primary"}},{"type":"Feature","geometry":{"type":"Point","coordinates":[16.998106,59.5126362]},"properties":{"id":"223678693","road":"55","name":null,"highway":"primary"}},{"type":"Feature","geometry":{"type":"Point","coordinates":[15.6505687,58.4023663]},"properties":{"id":"223717377","road":"35","name":"Råbergaleden","highway":"primary"}},{"type":"Feature","geometry":{"type":"Point","coordinates":[14.9013808,58.2924058]},"properties":{"id":"224904440","road":"E 4","name":null,"highway":"motorway"}},{"type":"Feature","geometry":{"type":"Point","coordinates":[15.0131609,58.554511]},"properties":{"id":"225090931","road":"34","name":null,"highway":"primary"}},{"type":"Feature","geometry":{"type":"Point","coordinates":[14.7038506,56.1753396]},"properties":{"id":"226682552","road":"E 22","name":null,"highway":"motorway"}},{"type":"Feature","geometry":{"type":"Point","coordinates":[14.521707,56.274732]},"properties":{"id":"227328019","road":"15","name":"Pukaviksvägen","highway":"primary"}},{"type":"Feature","geometry":{"type":"Point","coordinates":[12.8810031,55.8648617]},"properties":{"id":"227763719","road":"E 6","name":null,"highway":"motorway"}},{"type":"Feature","geometry":{"type":"Point","coordinates":[23.167992,68.1304947]},"properties":{"id":"227921581","road":"99","name":null,"highway":"primary"}},{"type":"Feature","geometry":{"type":"Point","coordinates":[20.9032748,67.1054728]},"properties":{"id":"229199242","road":"E 10","name":null,"highway":"trunk"}},{"type":"Feature","geometry":{"type":"Point","coordinates":[16.700561,58.8583645]},"properties":{"id":"229822076","road":"52","name":null,"highway":"primary"}},{"type":"Feature","geometry":{"type":"Point","coordinates":[14.453319,63.3164298]},"properties":{"id":"229888059","road":"E 14","name":null,"highway":"trunk"}},{"type":"Feature","geometry":{"type":"Point","coordinates":[11.8778891,57.704597]},"properties":{"id":"231110545","road":"E 6.20","name":"Hisingsleden","highway":"trunk"}},{"type":"Feature","geometry":{"type":"Point","coordinates":[11.8786853,57.7050841]},"properties":{"id":"231110558","road":"155","name":null,"highway":"primary"}},{"type":"Feature","geometry":{"type":"Point","coordinates":[19.1334503,65.6362343]},"properties":{"id":"231342779","road":"E 45","name":"Inlandsvägen","highway":"trunk"}},{"type":"Feature","geometry":{"type":"Point","coordinates":[14.5775563,61.0096902]},"properties":{"id":"231574620","road":"E 45","name":"Inlandsvägen","highway":"trunk"}},{"type":"Feature","geometry":{"type":"Point","coordinates":[17.6456753,59.1742208]},"properties":{"id":"233530386","road":"E 4","name":null,"highway":"motorway"}},{"type":"Feature","geometry":{"type":"Point","coordinates":[14.0201529,59.6658593]},"properties":{"id":"233568418","road":"63","name":null,"highway":"primary"}},{"type":"Feature","geometry":{"type":"Point","coordinates":[18.1852266,68.4270053]},"properties":{"id":"233853391","road":"E 10","name":null,"highway":"trunk"}},{"type":"Feature","geometry":{"type":"Point","coordinates":[18.1834256,68.4267305]},"properties":{"id":"233853393","road":"E 10","name":null,"highway":"trunk"}},{"type":"Feature","geometry":{"type":"Point","coordinates":[14.2796693,59.5394053]},"properties":{"id":"233908522","road":"26","name":null,"highway":"primary"}},{"type":"Feature","geometry":{"type":"Point","coordinates":[22.1709331,65.7498427]},"properties":{"id":"233985357","road":"E 4","name":null,"highway":"trunk"}},{"type":"Feature","geometry":{"type":"Point","coordinates":[13.5249471,55.823846]},"properties":{"id":"234956587","road":"E 22","name":null,"highway":"motorway"}},{"type":"Feature","geometry":{"type":"Point","coordinates":[12.9353527,57.6820747]},"properties":{"id":"235479721","road":"27","name":null,"highway":"primary"}},{"type":"Feature","geometry":{"type":"Point","coordinates":[12.9057451,57.6989347]},"properties":{"id":"235479722","road":"27","name":null,"highway":"primary"}},{"type":"Feature","geometry":{"type":"Point","coordinates":[14.8469013,66.101005]},"properties":{"id":"235943186","road":"E 12","name":"Blå vägen","highway":"trunk"}},{"type":"Feature","geometry":{"type":"Point","coordinates":[15.014469,58.521617]},"properties":{"id":"235953600","road":"50","name":null,"highway":"trunk"}},{"type":"Feature","geometry":{"type":"Point","coordinates":[18.529586,59.7371723]},"properties":{"id":"236109150","road":"77","name":"Finstavägen","highway":"primary"}},{"type":"Feature","geometry":{"type":"Point","coordinates":[16.3702176,56.6837335]},"properties":{"id":"237102741","road":"137","name":"Ölandsleden","highway":"primary"}},{"type":"Feature","geometry":{"type":"Point","coordinates":[18.911709,63.30512]},"properties":{"id":"237503577","road":"E 4","name":null,"highway":"trunk"}},{"type":"Feature","geometry":{"type":"Point","coordinates":[14.6924257,57.6754469]},"properties":{"id":"237875208","road":"31","name":"Östra vägen","highway":"trunk"}},{"type":"Feature","geometry":{"type":"Point","coordinates":[17.4022886,59.0434369]},"properties":{"id":"238413627","road":"57","name":null,"highway":"primary"}},{"type":"Feature","geometry":{"type":"Point","coordinates":[17.4064621,59.0443661]},"properties":{"id":"238414968","road":"57","name":"Gnestavägen","highway":"primary"}},{"type":"Feature","geometry":{"type":"Point","coordinates":[17.1933042,59.0573658]},"properties":{"id":"238570771","road":"57","name":null,"highway":"primary"}},{"type":"Feature","geometry":{"type":"Point","coordinates":[22.6318799,65.9065947]},"properties":{"id":"239711043","road":"E 4","name":null,"highway":"trunk"}},{"type":"Feature","geometry":{"type":"Point","coordinates":[14.3556263,57.7226349]},"properties":{"id":"240322665","road":"31","name":null,"highway":"trunk"}},{"type":"Feature","geometry":{"type":"Point","coordinates":[17.1763288,59.0600424]},"properties":{"id":"240618690","road":"57","name":null,"highway":"primary"}},{"type":"Feature","geometry":{"type":"Point","coordinates":[18.364246,59.6563645]},"properties":{"id":"241900876","road":"E 18","name":null,"highway":"motorway"}},{"type":"Feature","geometry":{"type":"Point","coordinates":[15.0162006,58.524202]},"properties":{"id":"241916472","road":"50","name":null,"highway":"trunk"}},{"type":"Feature","geometry":{"type":"Point","coordinates":[14.5606034,58.113631]},"properties":{"id":"243326073","road":"E 4","name":null,"highway":"motorway"}},{"type":"Feature","geometry":{"type":"Point","coordinates":[16.3656198,59.4229507]},"properties":{"id":"248297610","road":"56","name":null,"highway":"trunk"}},{"type":"Feature","geometry":{"type":"Point","coordinates":[12.0077429,59.4651213]},"properties":{"id":"248488218","road":"E 18","name":null,"highway":"trunk"}},{"type":"Feature","geometry":{"type":"Point","coordinates":[15.1215078,59.7132101]},"properties":{"id":"249806416","road":"50","name":null,"highway":"trunk"}},{"type":"Feature","geometry":{"type":"Point","coordinates":[17.3500595,62.2907277]},"properties":{"id":"250170131","road":"E 4","name":null,"highway":"motorway"}},{"type":"Feature","geometry":{"type":"Point","coordinates":[15.1238181,57.4236113]},"properties":{"id":"250742169","road":"47","name":null,"highway":"primary"}},{"type":"Feature","geometry":{"type":"Point","coordinates":[17.3681486,62.2571358]},"properties":{"id":"251733804","road":"E 4","name":null,"highway":"trunk"}},{"type":"Feature","geometry":{"type":"Point","coordinates":[17.3715964,62.2240937]},"properties":{"id":"251841023","road":"E 4","name":null,"highway":"trunk"}},{"type":"Feature","geometry":{"type":"Point","coordinates":[11.840648,59.5074278]},"properties":{"id":"252031101","road":"E 18","name":null,"highway":"trunk"}},{"type":"Feature","geometry":{"type":"Point","coordinates":[11.8384399,59.5073364]},"properties":{"id":"252031104","road":"E 18","name":null,"highway":"trunk"}},{"type":"Feature","geometry":{"type":"Point","coordinates":[19.4795758,65.0961312]},"properties":{"id":"252290606","road":"365","name":null,"highway":"primary"}},{"type":"Feature","geometry":{"type":"Point","coordinates":[20.8674712,65.6691235]},"properties":{"id":"254037473","road":"94","name":null,"highway":"primary"}},{"type":"Feature","geometry":{"type":"Point","coordinates":[20.879759,65.6677892]},"properties":{"id":"254063373","road":"94","name":null,"highway":"primary"}},{"type":"Feature","geometry":{"type":"Point","coordinates":[18.1042118,59.3574031]},"properties":{"id":"254115691","road":"277","name":"Lidingöbron","highway":"primary"}},{"type":"Feature","geometry":{"type":"Point","coordinates":[17.2820799,63.9436092]},"properties":{"id":"254229775","road":"90","name":null,"highway":"primary"}},{"type":"Feature","geometry":{"type":"Point","coordinates":[16.2674153,61.3288468]},"properties":{"id":"254680315","road":"50","name":null,"highway":"primary"}},{"type":"Feature","geometry":{"type":"Point","coordinates":[16.7914421,64.4355176]},"properties":{"id":"254742757","road":"E 45","name":"Inlandsvägen","highway":"trunk"}},{"type":"Feature","geometry":{"type":"Point","coordinates":[16.4396412,61.3157297]},"properties":{"id":"256099302","road":"83","name":null,"highway":"primary"}},{"type":"Feature","geometry":{"type":"Point","coordinates":[13.900597,55.5074579]},"properties":{"id":"256282647","road":"19","name":"Landsvägen","highway":"primary"}},{"type":"Feature","geometry":{"type":"Point","coordinates":[13.8346502,63.3060947]},"properties":{"id":"256911415","road":"E 14","name":null,"highway":"trunk"}},{"type":"Feature","geometry":{"type":"Point","coordinates":[17.0566455,58.6873705]},"properties":{"id":"257031189","road":"53","name":null,"highway":"motorway"}},{"type":"Feature","geometry":{"type":"Point","coordinates":[15.8882559,59.4236287]},"properties":{"id":"257584220","road":"E 20","name":null,"highway":"trunk"}},{"type":"Feature","geometry":{"type":"Point","coordinates":[15.8826113,59.4279869]},"properties":{"id":"257584225","road":"E 18","name":null,"highway":"motorway"}},{"type":"Feature","geometry":{"type":"Point","coordinates":[13.9721617,59.3750535]},"properties":{"id":"257838910","road":"E 18","name":null,"highway":"trunk"}},{"type":"Feature","geometry":{"type":"Point","coordinates":[13.8152701,59.3948811]},"properties":{"id":"257838916","road":"E 18","name":null,"highway":"trunk"}},{"type":"Feature","geometry":{"type":"Point","coordinates":[19.9329059,66.0320941]},"properties":{"id":"259656262","road":"E 45","name":null,"highway":"trunk"}},{"type":"Feature","geometry":{"type":"Point","coordinates":[11.2577744,59.0436473]},"properties":{"id":"259734070","road":"E 6","name":null,"highway":"motorway"}},{"type":"Feature","geometry":{"type":"Point","coordinates":[11.2474279,59.07204]},"properties":{"id":"259734119","road":"E 6","name":null,"highway":"motorway"}},{"type":"Feature","geometry":{"type":"Point","coordinates":[11.253798,59.050983]},"properties":{"id":"259734132","road":"E 6","name":null,"highway":"motorway"}},{"type":"Feature","geometry":{"type":"Point","coordinates":[16.3070832,58.4927251]},"properties":{"id":"262406005","road":"E 22","name":null,"highway":"trunk"}},{"type":"Feature","geometry":{"type":"Point","coordinates":[17.3851811,59.6221653]},"properties":{"id":"262472319","road":"E 18","name":null,"highway":"motorway"}},{"type":"Feature","geometry":{"type":"Point","coordinates":[17.3835775,59.6252975]},"properties":{"id":"262472320","road":"E 18","name":null,"highway":"motorway"}},{"type":"Feature","geometry":{"type":"Point","coordinates":[16.0861644,57.719384]},"properties":{"id":"263310928","road":"40","name":null,"highway":"trunk"}},{"type":"Feature","geometry":{"type":"Point","coordinates":[16.0779673,57.7195744]},"properties":{"id":"263310929","road":"40","name":null,"highway":"trunk"}},{"type":"Feature","geometry":{"type":"Point","coordinates":[18.035718,65.266585]},"properties":{"id":"264026321","road":"363","name":null,"highway":"primary"}},{"type":"Feature","geometry":{"type":"Point","coordinates":[23.2585117,67.2561686]},"properties":{"id":"264257118","road":"99","name":null,"highway":"primary"}},{"type":"Feature","geometry":{"type":"Point","coordinates":[15.432771,58.8971087]},"properties":{"id":"264302036","road":"51","name":null,"highway":"primary"}},{"type":"Feature","geometry":{"type":"Point","coordinates":[22.5121436,65.8760264]},"properties":{"id":"264466095","road":"E 4","name":null,"highway":"trunk"}},{"type":"Feature","geometry":{"type":"Point","coordinates":[12.6928903,57.5013914]},"properties":{"id":"264940730","road":"41","name":null,"highway":"primary"}},{"type":"Feature","geometry":{"type":"Point","coordinates":[13.0428965,60.6139926]},"properties":{"id":"265367950","road":"62","name":"Likenäsvägen","highway":"primary"}},{"type":"Feature","geometry":{"type":"Point","coordinates":[13.1348824,60.5199333]},"properties":{"id":"265437604","road":"62","name":null,"highway":"primary"}},{"type":"Feature","geometry":{"type":"Point","coordinates":[15.8926292,66.75859]},"properties":{"id":"265907532","road":"95","name":null,"highway":"primary"}},{"type":"Feature","geometry":{"type":"Point","coordinates":[14.8933568,59.2542211]},"properties":{"id":"265922205","road":"E 18","name":null,"highway":"motorway"}},{"type":"Feature","geometry":{"type":"Point","coordinates":[16.3374973,66.554004]},"properties":{"id":"266432411","road":"95","name":null,"highway":"primary"}},{"type":"Feature","geometry":{"type":"Point","coordinates":[16.285036,66.5893449]},"properties":{"id":"268549465","road":"95","name":null,"highway":"primary"}},{"type":"Feature","geometry":{"type":"Point","coordinates":[13.0455925,55.5701411]},"properties":{"id":"268727955","road":null,"name":null,"highway":"trunk"}},{"type":"Feature","geometry":{"type":"Point","coordinates":[13.0447975,55.5693607]},"properties":{"id":"268727957","road":null,"name":null,"highway":"trunk"}},{"type":"Feature","geometry":{"type":"Point","coordinates":[19.7784939,68.1502868]},"properties":{"id":"271389762","road":"E 10","name":null,"highway":"trunk"}},{"type":"Feature","geometry":{"type":"Point","coordinates":[16.6150602,61.7862509]},"properties":{"id":"274007885","road":"84","name":null,"highway":"primary"}},{"type":"Feature","geometry":{"type":"Point","coordinates":[14.8210918,56.1872198]},"properties":{"id":"274921791","road":"E 22","name":null,"highway":"trunk"}},{"type":"Feature","geometry":{"type":"Point","coordinates":[13.5288372,62.4262364]},"properties":{"id":"275359306","road":"84","name":"Inger Grannes väg","highway":"primary"}},{"type":"Feature","geometry":{"type":"Point","coordinates":[23.450396,67.4259892]},"properties":{"id":"277527991","road":"99","name":null,"highway":"primary"}},{"type":"Feature","geometry":{"type":"Point","coordinates":[23.3051227,67.345166]},"properties":{"id":"277527993","road":"99","name":null,"highway":"primary"}},{"type":"Feature","geometry":{"type":"Point","coordinates":[23.4748274,67.7364536]},"properties":{"id":"277635831","road":"99","name":null,"highway":"primary"}},{"type":"Feature","geometry":{"type":"Point","coordinates":[18.6699584,64.7368359]},"properties":{"id":"278010624","road":"365","name":null,"highway":"primary"}},{"type":"Feature","geometry":{"type":"Point","coordinates":[12.8444296,56.1483161]},"properties":{"id":"278784724","road":"E 6","name":null,"highway":"motorway"}},{"type":"Feature","geometry":{"type":"Point","coordinates":[12.8261369,56.1263265]},"properties":{"id":"278784725","road":"E 6","name":null,"highway":"motorway"}},{"type":"Feature","geometry":{"type":"Point","coordinates":[12.6271307,56.8756656]},"properties":{"id":"279073004","road":"E 6","name":null,"highway":"motorway"}},{"type":"Feature","geometry":{"type":"Point","coordinates":[12.6597804,56.8641406]},"properties":{"id":"279073006","road":"E 6","name":null,"highway":"motorway"}},{"type":"Feature","geometry":{"type":"Point","coordinates":[12.6670266,56.858784]},"properties":{"id":"279073007","road":"E 6","name":null,"highway":"motorway"}},{"type":"Feature","geometry":{"type":"Point","coordinates":[12.644495,56.8691654]},"properties":{"id":"279073010","road":"E 6","name":null,"highway":"motorway"}},{"type":"Feature","geometry":{"type":"Point","coordinates":[18.4250636,59.3107075]},"properties":{"id":"279551810","road":"222","name":"Värmdöleden","highway":"primary"}},{"type":"Feature","geometry":{"type":"Point","coordinates":[19.4864877,64.9839295]},"properties":{"id":"280310129","road":"370","name":null,"highway":"primary"}},{"type":"Feature","geometry":{"type":"Point","coordinates":[12.4704307,61.0292601]},"properties":{"id":"280736566","road":"62","name":null,"highway":"primary"}},{"type":"Feature","geometry":{"type":"Point","coordinates":[12.2726657,59.9182441]},"properties":{"id":"280780590","road":"61","name":"Kungsvägen","highway":"primary"}},{"type":"Feature","geometry":{"type":"Point","coordinates":[12.2849889,59.8822293]},"properties":{"id":"280780591","road":"61","name":null,"highway":"primary"}},{"type":"Feature","geometry":{"type":"Point","coordinates":[18.6947083,68.402482]},"properties":{"id":"282629034","road":"E 10","name":null,"highway":"trunk"}},{"type":"Feature","geometry":{"type":"Point","coordinates":[13.8527821,57.1622706]},"properties":{"id":"282743865","road":"27","name":null,"highway":"primary"}},{"type":"Feature","geometry":{"type":"Point","coordinates":[12.1418761,59.3925938]},"properties":{"id":"282788828","road":"E 18","name":null,"highway":"trunk"}},{"type":"Feature","geometry":{"type":"Point","coordinates":[12.1488103,59.3898108]},"properties":{"id":"282788830","road":"E 18","name":null,"highway":"trunk"}},{"type":"Feature","geometry":{"type":"Point","coordinates":[12.6713929,59.2756762]},"properties":{"id":"282788833","road":"E 18","name":null,"highway":"trunk"}},{"type":"Feature","geometry":{"type":"Point","coordinates":[16.9641911,61.072407]},"properties":{"id":"282976744","road":"E 4","name":null,"highway":"trunk"}},{"type":"Feature","geometry":{"type":"Point","coordinates":[16.9405977,59.2550187]},"properties":{"id":"283641452","road":"55","name":null,"highway":"primary"}},{"type":"Feature","geometry":{"type":"Point","coordinates":[11.8404991,57.9780571]},"properties":{"id":"284395939","road":"E 6","name":null,"highway":"motorway"}},{"type":"Feature","geometry":{"type":"Point","coordinates":[11.8558879,57.945753]},"properties":{"id":"284395943","road":"E 6","name":null,"highway":"motorway"}},{"type":"Feature","geometry":{"type":"Point","coordinates":[11.9701487,57.8676732]},"properties":{"id":"284399988","road":"E 6","name":"Kungälvsleden","highway":"motorway"}},{"type":"Feature","geometry":{"type":"Point","coordinates":[12.0007917,57.8502548]},"properties":{"id":"284402509","road":"E 6","name":"Norgevägen","highway":"motorway"}},{"type":"Feature","geometry":{"type":"Point","coordinates":[16.3875699,61.3484936]},"properties":{"id":"285115145","road":"50","name":"Arbråvägen","highway":"primary"}},{"type":"Feature","geometry":{"type":"Point","coordinates":[16.4032227,61.3562832]},"properties":{"id":"285211202","road":"50","name":"Söderhamnsvägen","highway":"primary"}},{"type":"Feature","geometry":{"type":"Point","coordinates":[17.0467763,61.2088553]},"properties":{"id":"285387087","road":"E 4","name":null,"highway":"trunk"}},{"type":"Feature","geometry":{"type":"Point","coordinates":[17.0465125,61.2098]},"properties":{"id":"285387090","road":"E 4","name":null,"highway":"trunk"}},{"type":"Feature","geometry":{"type":"Point","coordinates":[11.9165027,58.2264737]},"properties":{"id":"285585338","road":"E 6","name":null,"highway":"motorway"}},{"type":"Feature","geometry":{"type":"Point","coordinates":[11.9155912,58.2286283]},"properties":{"id":"285585342","road":"E 6","name":null,"highway":"motorway"}},{"type":"Feature","geometry":{"type":"Point","coordinates":[19.4391906,64.9823005]},"properties":{"id":"286429378","road":"365","name":null,"highway":"primary"}},{"type":"Feature","geometry":{"type":"Point","coordinates":[14.1513568,60.0198353]},"properties":{"id":"286666228","road":"26","name":null,"highway":"primary"}},{"type":"Feature","geometry":{"type":"Point","coordinates":[18.6921153,64.9033666]},"properties":{"id":"286678433","road":"363","name":"Forsarnas väg","highway":"primary"}},{"type":"Feature","geometry":{"type":"Point","coordinates":[19.8974425,65.1488508]},"properties":{"id":"287403637","road":"95","name":null,"highway":"primary"}},{"type":"Feature","geometry":{"type":"Point","coordinates":[20.04231,65.0649435]},"properties":{"id":"287403640","road":"95","name":null,"highway":"primary"}},{"type":"Feature","geometry":{"type":"Point","coordinates":[14.585118,59.8018784]},"properties":{"id":"287572682","road":"63","name":null,"highway":"primary"}},{"type":"Feature","geometry":{"type":"Point","coordinates":[19.7072451,65.6516863]},"properties":{"id":"287663186","road":"94","name":null,"highway":"primary"}},{"type":"Feature","geometry":{"type":"Point","coordinates":[18.8883267,64.9005669]},"properties":{"id":"287833532","road":"365","name":null,"highway":"primary"}},{"type":"Feature","geometry":{"type":"Point","coordinates":[11.571853,58.4964449]},"properties":{"id":"288468826","road":"E 6","name":null,"highway":"motorway"}},{"type":"Feature","geometry":{"type":"Point","coordinates":[12.8057933,58.0227712]},"properties":{"id":"288972704","road":"42","name":null,"highway":"primary"}},{"type":"Feature","geometry":{"type":"Point","coordinates":[14.0006647,56.3844321]},"properties":{"id":"289023962","road":"15","name":null,"highway":"primary"}},{"type":"Feature","geometry":{"type":"Point","coordinates":[11.8799093,58.2822222]},"properties":{"id":"290043856","road":"E 6","name":null,"highway":"motorway"}},{"type":"Feature","geometry":{"type":"Point","coordinates":[11.8970626,58.2622997]},"properties":{"id":"290069106","road":"E 6","name":null,"highway":"motorway"}},{"type":"Feature","geometry":{"type":"Point","coordinates":[11.9114788,58.2078374]},"properties":{"id":"290069110","road":"E 6","name":null,"highway":"motorway"}},{"type":"Feature","geometry":{"type":"Point","coordinates":[21.1061607,67.4095187]},"properties":{"id":"290237910","road":"E 10","name":null,"highway":"trunk"}},{"type":"Feature","geometry":{"type":"Point","coordinates":[22.8169184,68.3008751]},"properties":{"id":"291064441","road":"99","name":null,"highway":"primary"}},{"type":"Feature","geometry":{"type":"Point","coordinates":[14.7847688,64.3473123]},"properties":{"id":"291483897","road":"342","name":null,"highway":"primary"}},{"type":"Feature","geometry":{"type":"Point","coordinates":[18.009932,59.3349554]},"properties":{"id":"291975563","road":"E 4","name":"Essingeleden","highway":"motorway"}},{"type":"Feature","geometry":{"type":"Point","coordinates":[23.6260892,66.3962935]},"properties":{"id":"292422164","road":"98","name":null,"highway":"primary"}},{"type":"Feature","geometry":{"type":"Point","coordinates":[23.6245859,66.3975423]},"properties":{"id":"292422166","road":"99","name":null,"highway":"primary"}},{"type":"Feature","geometry":{"type":"Point","coordinates":[15.0907231,57.4092853]},"properties":{"id":"292425257","road":"28","name":null,"highway":"primary"}},{"type":"Feature","geometry":{"type":"Point","coordinates":[23.8984101,66.8023139]},"properties":{"id":"292515117","road":"99","name":null,"highway":"primary"}},{"type":"Feature","geometry":{"type":"Point","coordinates":[16.7503513,62.7578402]},"properties":{"id":"292650097","road":"86","name":null,"highway":"primary"}},{"type":"Feature","geometry":{"type":"Point","coordinates":[12.5235146,58.8150755]},"properties":{"id":"293775281","road":"E 45","name":null,"highway":"trunk"}},{"type":"Feature","geometry":{"type":"Point","coordinates":[15.5288987,57.406455]},"properties":{"id":"294433501","road":"47","name":null,"highway":"primary"}},{"type":"Feature","geometry":{"type":"Point","coordinates":[18.6820747,59.7691828]},"properties":{"id":"294886596","road":"76","name":"Västra vägen","highway":"primary"}},{"type":"Feature","geometry":{"type":"Point","coordinates":[13.3096854,59.493989]},"properties":{"id":"296354970","road":"61","name":null,"highway":"primary"}},{"type":"Feature","geometry":{"type":"Point","coordinates":[12.4187828,57.819177]},"properties":{"id":"297042445","road":"E 20","name":null,"highway":"motorway"}},{"type":"Feature","geometry":{"type":"Point","coordinates":[12.4675836,57.8462612]},"properties":{"id":"297044504","road":"E 20","name":null,"highway":"motorway"}},{"type":"Feature","geometry":{"type":"Point","coordinates":[12.5259346,57.9225497]},"properties":{"id":"297062482","road":"E 20","name":null,"highway":"trunk"}},{"type":"Feature","geometry":{"type":"Point","coordinates":[12.782273,58.0228471]},"properties":{"id":"297150428","road":"E 20","name":null,"highway":"trunk"}},{"type":"Feature","geometry":{"type":"Point","coordinates":[12.8887548,58.1708287]},"properties":{"id":"297167671","road":"E 20","name":null,"highway":"trunk"}},{"type":"Feature","geometry":{"type":"Point","coordinates":[15.0054708,59.0686799]},"properties":{"id":"297429555","road":"50","name":null,"highway":"trunk"}},{"type":"Feature","geometry":{"type":"Point","coordinates":[15.867522,59.4256003]},"properties":{"id":"297688812","road":"E 18","name":null,"highway":"motorway"}},{"type":"Feature","geometry":{"type":"Point","coordinates":[16.0306236,59.5523724]},"properties":{"id":"297769108","road":"E 18","name":null,"highway":"motorway"}},{"type":"Feature","geometry":{"type":"Point","coordinates":[15.9873424,59.5333245]},"properties":{"id":"297769109","road":"E 18","name":null,"highway":"motorway"}},{"type":"Feature","geometry":{"type":"Point","coordinates":[16.1767578,59.5840889]},"properties":{"id":"297784706","road":"E 18","name":null,"highway":"motorway"}},{"type":"Feature","geometry":{"type":"Point","coordinates":[16.2316571,59.5917563]},"properties":{"id":"297786239","road":"E 18","name":null,"highway":"motorway"}},{"type":"Feature","geometry":{"type":"Point","coordinates":[16.2477198,59.5926867]},"properties":{"id":"297808963","road":"E 18","name":null,"highway":"motorway"}},{"type":"Feature","geometry":{"type":"Point","coordinates":[15.1361802,59.2401964]},"properties":{"id":"297862962","road":"E 18","name":null,"highway":"trunk"}},{"type":"Feature","geometry":{"type":"Point","coordinates":[15.3816861,59.3071851]},"properties":{"id":"297871680","road":"E 18","name":null,"highway":"motorway"}},{"type":"Feature","geometry":{"type":"Point","coordinates":[15.4754967,59.3207149]},"properties":{"id":"297876369","road":"E 18","name":null,"highway":"motorway"}},{"type":"Feature","geometry":{"type":"Point","coordinates":[16.8611674,59.6352221]},"properties":{"id":"297937159","road":"E 18","name":null,"highway":"motorway"}},{"type":"Feature","geometry":{"type":"Point","coordinates":[17.0153429,59.6468401]},"properties":{"id":"297940579","road":"E 18","name":null,"highway":"motorway"}},{"type":"Feature","geometry":{"type":"Point","coordinates":[17.2995741,59.7327751]},"properties":{"id":"298135465","road":"55","name":null,"highway":"primary"}},{"type":"Feature","geometry":{"type":"Point","coordinates":[17.6474456,59.9601878]},"properties":{"id":"298290100","road":"E 4","name":null,"highway":"motorway"}},{"type":"Feature","geometry":{"type":"Point","coordinates":[15.5184899,63.8042567]},"properties":{"id":"298501361","road":"E 45","name":"Inlandsvägen","highway":"trunk"}},{"type":"Feature","geometry":{"type":"Point","coordinates":[15.3659139,63.639141]},"properties":{"id":"298506199","road":"E 45","name":"Inlandsvägen","highway":"trunk"}},{"type":"Feature","geometry":{"type":"Point","coordinates":[15.3202958,61.9802257]},"properties":{"id":"298566210","road":"84","name":"Härjedalsvägen","highway":"primary"}},{"type":"Feature","geometry":{"type":"Point","coordinates":[17.9836904,59.4700252]},"properties":{"id":"299278643","road":"265","name":"Norrortsleden","highway":"motorway"}},{"type":"Feature","geometry":{"type":"Point","coordinates":[14.1742323,55.7081142]},"properties":{"id":"299605659","road":"9","name":"Albovägen","highway":"primary"}},{"type":"Feature","geometry":{"type":"Point","coordinates":[23.8536689,66.658388]},"properties":{"id":"299652398","road":"99","name":null,"highway":"primary"}},{"type":"Feature","geometry":{"type":"Point","coordinates":[17.9249639,62.7897312]},"properties":{"id":"299685447","road":"E 4","name":null,"highway":"trunk"}},{"type":"Feature","geometry":{"type":"Point","coordinates":[17.9180628,62.7739774]},"properties":{"id":"299685462","road":"E 4","name":null,"highway":"trunk"}},{"type":"Feature","geometry":{"type":"Point","coordinates":[17.9192844,62.7774167]},"properties":{"id":"299685473","road":"E 4","name":null,"highway":"trunk"}},{"type":"Feature","geometry":{"type":"Point","coordinates":[17.9390825,62.7984699]},"properties":{"id":"299685499","road":"E 4","name":"Högakustenbron","highway":"trunk"}},{"type":"Feature","geometry":{"type":"Point","coordinates":[17.936892,62.7969822]},"properties":{"id":"299685501","road":"E 4","name":"Högakustenbron","highway":"trunk"}},{"type":"Feature","geometry":{"type":"Point","coordinates":[17.9471561,62.8033036]},"properties":{"id":"299848404","road":"E 4","name":"Högakustenbron","highway":"trunk"}},{"type":"Feature","geometry":{"type":"Point","coordinates":[17.9489073,62.8043851]},"properties":{"id":"299848405","road":"E 4","name":"Högakustenbron","highway":"trunk"}},{"type":"Feature","geometry":{"type":"Point","coordinates":[17.9582318,62.8103365]},"properties":{"id":"299850243","road":"E 4","name":null,"highway":"trunk"}},{"type":"Feature","geometry":{"type":"Point","coordinates":[18.4172888,63.1577854]},"properties":{"id":"300066595","road":"E 4","name":null,"highway":"trunk"}},{"type":"Feature","geometry":{"type":"Point","coordinates":[18.4989967,63.2136072]},"properties":{"id":"300120022","road":"E 4","name":null,"highway":"trunk"}},{"type":"Feature","geometry":{"type":"Point","coordinates":[18.002009,59.3249607]},"properties":{"id":"300183415","road":"E 4","name":"Essingeleden","highway":"motorway"}},{"type":"Feature","geometry":{"type":"Point","coordinates":[16.6231,59.9160473]},"properties":{"id":"300970571","road":"56","name":"Uppsalavägen","highway":"trunk"}},{"type":"Feature","geometry":{"type":"Point","coordinates":[16.6967184,59.8339723]},"properties":{"id":"301038952","road":"70","name":null,"highway":"trunk"}},{"type":"Feature","geometry":{"type":"Point","coordinates":[14.2226953,59.4248881]},"properties":{"id":"302259750","road":"26","name":null,"highway":"primary"}},{"type":"Feature","geometry":{"type":"Point","coordinates":[12.2801201,58.4973397]},"properties":{"id":"303438882","road":"E 45","name":null,"highway":"trunk"}},{"type":"Feature","geometry":{"type":"Point","coordinates":[15.9223297,59.3992102]},"properties":{"id":"303554390","road":"E 20","name":null,"highway":"trunk"}},{"type":"Feature","geometry":{"type":"Point","coordinates":[12.945374,57.7438197]},"properties":{"id":"304046421","road":"42","name":"Nordskogsleden","highway":"primary"}},{"type":"Feature","geometry":{"type":"Point","coordinates":[12.8139019,55.5780707]},"properties":{"id":"304383859","road":"E 20","name":null,"highway":"motorway"}},{"type":"Feature","geometry":{"type":"Point","coordinates":[18.2401625,60.3286962]},"properties":{"id":"304416658","road":"76","name":null,"highway":"primary"}},{"type":"Feature","geometry":{"type":"Point","coordinates":[18.2051808,60.3515751]},"properties":{"id":"304416659","road":"76","name":null,"highway":"primary"}},{"type":"Feature","geometry":{"type":"Point","coordinates":[12.5159524,57.4115475]},"properties":{"id":"304740188","road":"41","name":null,"highway":"primary"}},{"type":"Feature","geometry":{"type":"Point","coordinates":[16.0021823,56.2993501]},"properties":{"id":"305191590","road":"E 22","name":"Riksvägen","highway":"trunk"}},{"type":"Feature","geometry":{"type":"Point","coordinates":[16.5178685,58.077561]},"properties":{"id":"305402287","road":"E 22","name":null,"highway":"trunk"}},{"type":"Feature","geometry":{"type":"Point","coordinates":[16.4221366,56.6746658]},"properties":{"id":"305792496","road":"137","name":"Ölandsleden","highway":"primary"}},{"type":"Feature","geometry":{"type":"Point","coordinates":[12.4705782,58.7383686]},"properties":{"id":"305911312","road":"E 45","name":null,"highway":"trunk"}},{"type":"Feature","geometry":{"type":"Point","coordinates":[13.4526564,59.5953792]},"properties":{"id":"307145897","road":"62","name":"Klarälvsvägen","highway":"primary"}},{"type":"Feature","geometry":{"type":"Point","coordinates":[17.3499871,62.2936141]},"properties":{"id":"307656554","road":"E 4","name":null,"highway":"motorway"}},{"type":"Feature","geometry":{"type":"Point","coordinates":[17.3495656,62.2898984]},"properties":{"id":"307656557","road":"E 4","name":null,"highway":"motorway"}},{"type":"Feature","geometry":{"type":"Point","coordinates":[19.7064806,63.9109141]},"properties":{"id":"309502203","road":"92","name":null,"highway":"primary"}},{"type":"Feature","geometry":{"type":"Point","coordinates":[12.3170512,58.3096577]},"properties":{"id":"309635143","road":"E 45","name":"Stallbackabron","highway":"trunk"}},{"type":"Feature","geometry":{"type":"Point","coordinates":[12.4049582,58.5921351]},"properties":{"id":"310111438","road":"E 45","name":null,"highway":"trunk"}},{"type":"Feature","geometry":{"type":"Point","coordinates":[16.8180398,59.0688128]},"properties":{"id":"310403105","road":"53","name":"Nyköpingsvägen","highway":"primary"}},{"type":"Feature","geometry":{"type":"Point","coordinates":[17.2026624,66.2539996]},"properties":{"id":"311083165","road":"95","name":null,"highway":"primary"}},{"type":"Feature","geometry":{"type":"Point","coordinates":[11.999908,57.7253039]},"properties":{"id":"311088508","road":"E 45","name":"Partihallsförbindelsen","highway":"motorway"}},{"type":"Feature","geometry":{"type":"Point","coordinates":[12.0036714,57.7240542]},"properties":{"id":"311088512","road":"E 45","name":"Partihallsförbindelsen","highway":"motorway"}},{"type":"Feature","geometry":{"type":"Point","coordinates":[17.6428304,59.1844228]},"properties":{"id":"311253826","road":"E 4","name":null,"highway":"motorway"}},{"type":"Feature","geometry":{"type":"Point","coordinates":[13.0836947,63.3994402]},"properties":{"id":"311663641","road":"E 14","name":"Trondheimsleden","highway":"trunk"}},{"type":"Feature","geometry":{"type":"Point","coordinates":[17.3458787,62.2703043]},"properties":{"id":"313005627","road":"E 4","name":null,"highway":"motorway"}},{"type":"Feature","geometry":{"type":"Point","coordinates":[14.6481025,62.0465373]},"properties":{"id":"313157338","road":"84","name":null,"highway":"primary"}},{"type":"Feature","geometry":{"type":"Point","coordinates":[17.2353546,58.876829]},"properties":{"id":"313425414","road":"E 4","name":null,"highway":"motorway"}},{"type":"Feature","geometry":{"type":"Point","coordinates":[22.1453438,65.5912757]},"properties":{"id":"313485910","road":"E 4.15","name":"Bodenvägen","highway":"primary"}},{"type":"Feature","geometry":{"type":"Point","coordinates":[15.1965163,59.2654357]},"properties":{"id":"313545970","road":"E 20.5","name":"Östra Bangatan","highway":"primary"}},{"type":"Feature","geometry":{"type":"Point","coordinates":[23.6290045,66.4582672]},"properties":{"id":"315013563","road":"99","name":null,"highway":"primary"}},{"type":"Feature","geometry":{"type":"Point","coordinates":[23.9300422,65.811325]},"properties":{"id":"315013593","road":"E 4","name":null,"highway":"trunk"}},{"type":"Feature","geometry":{"type":"Point","coordinates":[19.6876111,63.9029228]},"properties":{"id":"317122290","road":"92","name":null,"highway":"primary"}},{"type":"Feature","geometry":{"type":"Point","coordinates":[18.1194601,64.1118804]},"properties":{"id":"317122291","road":"92","name":null,"highway":"primary"}},{"type":"Feature","geometry":{"type":"Point","coordinates":[13.0229196,63.4041671]},"properties":{"id":"317809566","road":"E 14","name":null,"highway":"trunk"}},{"type":"Feature","geometry":{"type":"Point","coordinates":[20.2993839,63.8012921]},"properties":{"id":"317816425","road":"E 4","name":"Kolbäcksvägen","highway":"trunk"}},{"type":"Feature","geometry":{"type":"Point","coordinates":[20.8417796,64.0335005]},"properties":{"id":"317902187","road":"E 4","name":null,"highway":"trunk"}},{"type":"Feature","geometry":{"type":"Point","coordinates":[16.0563545,58.6475498]},"properties":{"id":"318001964","road":"51","name":null,"highway":"primary"}},{"type":"Feature","geometry":{"type":"Point","coordinates":[21.2012428,64.6935637]},"properties":{"id":"318081525","road":"372","name":"Järnvägsleden","highway":"primary"}},{"type":"Feature","geometry":{"type":"Point","coordinates":[16.9663183,64.2058187]},"properties":{"id":"318154444","road":"92","name":null,"highway":"primary"}},{"type":"Feature","geometry":{"type":"Point","coordinates":[12.917973,63.3956821]},"properties":{"id":"319129066","road":"E 14","name":null,"highway":"trunk"}},{"type":"Feature","geometry":{"type":"Point","coordinates":[23.1133581,66.44815]},"properties":{"id":"320657519","road":"98","name":null,"highway":"primary"}},{"type":"Feature","geometry":{"type":"Point","coordinates":[23.6456873,66.2839032]},"properties":{"id":"320790219","road":"99","name":null,"highway":"primary"}},{"type":"Feature","geometry":{"type":"Point","coordinates":[18.0374763,59.3547745]},"properties":{"id":"320970753","road":"E 4.26","name":"Uppsalavägen","highway":"primary"}},{"type":"Feature","geometry":{"type":"Point","coordinates":[21.018414,64.7822724]},"properties":{"id":"321550516","road":"E 4","name":null,"highway":"trunk"}},{"type":"Feature","geometry":{"type":"Point","coordinates":[13.0113121,57.806299]},"properties":{"id":"322959398","road":"42","name":null,"highway":"primary"}},{"type":"Feature","geometry":{"type":"Point","coordinates":[22.7113545,66.1250434]},"properties":{"id":"323074601","road":"E 10","name":null,"highway":"trunk"}},{"type":"Feature","geometry":{"type":"Point","coordinates":[22.7433209,66.1328386]},"properties":{"id":"323078790","road":"E 10","name":null,"highway":"trunk"}},{"type":"Feature","geometry":{"type":"Point","coordinates":[22.9256178,66.3854981]},"properties":{"id":"323145424","road":"98","name":null,"highway":"primary"}},{"type":"Feature","geometry":{"type":"Point","coordinates":[23.3222403,66.4393951]},"properties":{"id":"323293543","road":"98","name":null,"highway":"primary"}},{"type":"Feature","geometry":{"type":"Point","coordinates":[23.67074,66.3811604]},"properties":{"id":"323324567","road":"98","name":"Finlandsvägen","highway":"primary"}},{"type":"Feature","geometry":{"type":"Point","coordinates":[15.814395,59.6275713]},"properties":{"id":"323881156","road":"250","name":null,"highway":"primary"}},{"type":"Feature","geometry":{"type":"Point","coordinates":[13.9684957,58.7954329]},"properties":{"id":"324250808","road":"26","name":null,"highway":"trunk"}},{"type":"Feature","geometry":{"type":"Point","coordinates":[15.0523486,60.9124265]},"properties":{"id":"324262042","road":"70","name":null,"highway":"trunk"}},{"type":"Feature","geometry":{"type":"Point","coordinates":[11.3183909,58.733988]},"properties":{"id":"324703901","road":"E 6","name":null,"highway":"motorway"}},{"type":"Feature","geometry":{"type":"Point","coordinates":[18.3561961,64.511917]},"properties":{"id":"325008571","road":"365","name":null,"highway":"primary"}},{"type":"Feature","geometry":{"type":"Point","coordinates":[19.8198217,66.6308219]},"properties":{"id":"325045475","road":"E 45","name":"Inlandsvägen","highway":"trunk"}},{"type":"Feature","geometry":{"type":"Point","coordinates":[15.7938348,61.0442922]},"properties":{"id":"327126057","road":"50","name":null,"highway":"primary"}},{"type":"Feature","geometry":{"type":"Point","coordinates":[15.0148055,58.9430466]},"properties":{"id":"327158695","road":"50","name":null,"highway":"trunk"}},{"type":"Feature","geometry":{"type":"Point","coordinates":[15.0001717,58.9294733]},"properties":{"id":"328825971","road":"50","name":null,"highway":"trunk"}},{"type":"Feature","geometry":{"type":"Point","coordinates":[15.4688842,58.4131584]},"properties":{"id":"329760709","road":"E 4","name":null,"highway":"motorway"}},{"type":"Feature","geometry":{"type":"Point","coordinates":[15.92954,61.8075952]},"properties":{"id":"330946727","road":"84","name":"Färilavägen","highway":"primary"}},{"type":"Feature","geometry":{"type":"Point","coordinates":[15.9994829,60.2296112]},"properties":{"id":"331570449","road":"69","name":null,"highway":"primary"}},{"type":"Feature","geometry":{"type":"Point","coordinates":[23.6607927,66.3834451]},"properties":{"id":"332115688","road":"98","name":"Finlandsvägen","highway":"primary"}},{"type":"Feature","geometry":{"type":"Point","coordinates":[18.2086008,59.3156949]},"properties":{"id":"332153792","road":"222","name":"Värmdöleden","highway":"motorway"}},{"type":"Feature","geometry":{"type":"Point","coordinates":[21.1677531,66.0136282]},"properties":{"id":"332883934","road":"97","name":null,"highway":"primary"}},{"type":"Feature","geometry":{"type":"Point","coordinates":[15.2264796,59.3634179]},"properties":{"id":"334167402","road":"50","name":null,"highway":"trunk"}},{"type":"Feature","geometry":{"type":"Point","coordinates":[17.2552342,60.6467616]},"properties":{"id":"334199603","road":"76","name":"Södra Kungsvägen","highway":"primary"}},{"type":"Feature","geometry":{"type":"Point","coordinates":[15.107643,58.3709236]},"properties":{"id":"335300696","road":"50","name":null,"highway":"trunk"}},{"type":"Feature","geometry":{"type":"Point","coordinates":[14.7989333,58.7782459]},"properties":{"id":"336863837","road":"49","name":null,"highway":"primary"}},{"type":"Feature","geometry":{"type":"Point","coordinates":[14.8973647,58.8816808]},"properties":{"id":"337993601","road":"50","name":null,"highway":"trunk"}},{"type":"Feature","geometry":{"type":"Point","coordinates":[14.8967438,58.8719373]},"properties":{"id":"337996672","road":"50","name":null,"highway":"trunk"}},{"type":"Feature","geometry":{"type":"Point","coordinates":[22.5172198,66.4597978]},"properties":{"id":"338476894","road":"E 10","name":null,"highway":"trunk"}},{"type":"Feature","geometry":{"type":"Point","coordinates":[16.3012693,60.543936]},"properties":{"id":"338594895","road":"E 16","name":"Hoforsvägen","highway":"trunk"}},{"type":"Feature","geometry":{"type":"Point","coordinates":[16.5061322,65.3827051]},"properties":{"id":"339310241","road":"E 12","name":"Blå vägen","highway":"trunk"}},{"type":"Feature","geometry":{"type":"Point","coordinates":[14.1657887,59.0958664]},"properties":{"id":"339323464","road":"26","name":"Inlandsvägen","highway":"trunk"}},{"type":"Feature","geometry":{"type":"Point","coordinates":[13.3288649,55.9738113]},"properties":{"id":"340453132","road":"13","name":null,"highway":"primary"}},{"type":"Feature","geometry":{"type":"Point","coordinates":[18.5198408,59.7082027]},"properties":{"id":"341123437","road":"E 18","name":null,"highway":"motorway"}},{"type":"Feature","geometry":{"type":"Point","coordinates":[17.2633925,63.1613715]},"properties":{"id":"343787140","road":"90","name":null,"highway":"primary"}},{"type":"Feature","geometry":{"type":"Point","coordinates":[17.2689446,63.1603571]},"properties":{"id":"343787141","road":"90","name":null,"highway":"primary"}},{"type":"Feature","geometry":{"type":"Point","coordinates":[17.2805695,63.1593694]},"properties":{"id":"343787142","road":"90","name":null,"highway":"primary"}},{"type":"Feature","geometry":{"type":"Point","coordinates":[17.2894031,63.1593307]},"properties":{"id":"343795261","road":"90","name":null,"highway":"primary"}},{"type":"Feature","geometry":{"type":"Point","coordinates":[13.783288,56.622528]},"properties":{"id":"345706182","road":"E 4","name":null,"highway":"motorway"}},{"type":"Feature","geometry":{"type":"Point","coordinates":[17.432306,58.9439044]},"properties":{"id":"345765969","road":"E 4","name":null,"highway":"motorway"}},{"type":"Feature","geometry":{"type":"Point","coordinates":[15.8967015,56.7527703]},"properties":{"id":"350181925","road":"31","name":"Norra vägen","highway":"primary"}},{"type":"Feature","geometry":{"type":"Point","coordinates":[14.0995403,57.3209652]},"properties":{"id":"350362087","road":"E 4","name":null,"highway":"motorway"}},{"type":"Feature","geometry":{"type":"Point","coordinates":[16.7982231,64.7920084]},"properties":{"id":"354589865","road":"E 45","name":"Inlandsvägen","highway":"trunk"}},{"type":"Feature","geometry":{"type":"Point","coordinates":[13.8546392,58.3701479]},"properties":{"id":"356023782","road":"26","name":"Östra leden","highway":"trunk"}},{"type":"Feature","geometry":{"type":"Point","coordinates":[13.698129,55.4240827]},"properties":{"id":"356686813","road":"9","name":null,"highway":"primary"}},{"type":"Feature","geometry":{"type":"Point","coordinates":[16.0254929,59.0214915]},"properties":{"id":"359946136","road":"52","name":null,"highway":"primary"}},{"type":"Feature","geometry":{"type":"Point","coordinates":[12.0047043,57.7612947]},"properties":{"id":"360164713","road":"E 45","name":"Marieholmsleden","highway":"trunk"}},{"type":"Feature","geometry":{"type":"Point","coordinates":[12.0204391,57.6507232]},"properties":{"id":"361204262","road":"E 6","name":null,"highway":"motorway"}},{"type":"Feature","geometry":{"type":"Point","coordinates":[18.5918044,65.2364435]},"properties":{"id":"361409966","road":"370","name":null,"highway":"primary"}},{"type":"Feature","geometry":{"type":"Point","coordinates":[11.8277021,59.5084947]},"properties":{"id":"361834275","road":"E 18","name":null,"highway":"trunk"}},{"type":"Feature","geometry":{"type":"Point","coordinates":[14.0576288,58.7988541]},"properties":{"id":"361987321","road":"E 20","name":null,"highway":"trunk"}},{"type":"Feature","geometry":{"type":"Point","coordinates":[14.093927,58.8042062]},"properties":{"id":"362159297","road":"E 20","name":null,"highway":"trunk"}},{"type":"Feature","geometry":{"type":"Point","coordinates":[11.3719303,58.708443]},"properties":{"id":"362669439","road":"E 6","name":null,"highway":"motorway"}},{"type":"Feature","geometry":{"type":"Point","coordinates":[12.0682737,57.9232346]},"properties":{"id":"363483059","road":"E 45","name":null,"highway":"motorway"}},{"type":"Feature","geometry":{"type":"Point","coordinates":[12.4396046,59.758942]},"properties":{"id":"364256007","road":"61","name":null,"highway":"primary"}},{"type":"Feature","geometry":{"type":"Point","coordinates":[16.480125,59.3901814]},"properties":{"id":"364585592","road":"E 20","name":null,"highway":"trunk"}},{"type":"Feature","geometry":{"type":"Point","coordinates":[13.899649,55.5606346]},"properties":{"id":"365011423","road":"11","name":null,"highway":"primary"}},{"type":"Feature","geometry":{"type":"Point","coordinates":[13.927259,55.5722524]},"properties":{"id":"365011432","road":"19","name":null,"highway":"primary"}},{"type":"Feature","geometry":{"type":"Point","coordinates":[20.988335,64.8458439]},"properties":{"id":"366531859","road":"E 4","name":null,"highway":"trunk"}},{"type":"Feature","geometry":{"type":"Point","coordinates":[14.9552276,57.6884687]},"properties":{"id":"368458675","road":"32","name":null,"highway":"primary"}},{"type":"Feature","geometry":{"type":"Point","coordinates":[12.8269656,55.5751354]},"properties":{"id":"370255938","road":"E 20","name":null,"highway":"motorway"}},{"type":"Feature","geometry":{"type":"Point","coordinates":[15.6684333,58.2107697]},"properties":{"id":"370437535","road":"23","name":null,"highway":"primary"}},{"type":"Feature","geometry":{"type":"Point","coordinates":[13.239472,57.8096203]},"properties":{"id":"376948099","road":"40","name":null,"highway":"motorway"}},{"type":"Feature","geometry":{"type":"Point","coordinates":[15.4396763,59.7508352]},"properties":{"id":"378389263","road":"68","name":null,"highway":"primary"}},{"type":"Feature","geometry":{"type":"Point","coordinates":[13.0032622,55.5653335]},"properties":{"id":"378844128","road":null,"name":null,"highway":"trunk"}},{"type":"Feature","geometry":{"type":"Point","coordinates":[17.597004,59.1810539]},"properties":{"id":"378943288","road":"E 20","name":null,"highway":"motorway"}},{"type":"Feature","geometry":{"type":"Point","coordinates":[17.4378875,59.1938813]},"properties":{"id":"379537001","road":"E 20","name":null,"highway":"motorway"}},{"type":"Feature","geometry":{"type":"Point","coordinates":[16.6416539,64.3387271]},"properties":{"id":"380991372","road":"E 45","name":"Inlandsvägen","highway":"trunk"}},{"type":"Feature","geometry":{"type":"Point","coordinates":[16.340532,59.5579822]},"properties":{"id":"381053214","road":"56","name":null,"highway":"trunk"}},{"type":"Feature","geometry":{"type":"Point","coordinates":[15.1817269,57.4287308]},"properties":{"id":"381810973","road":"47","name":null,"highway":"primary"}},{"type":"Feature","geometry":{"type":"Point","coordinates":[12.912593,57.697349]},"properties":{"id":"383582188","road":"27","name":"Osdalsbron","highway":"primary"}},{"type":"Feature","geometry":{"type":"Point","coordinates":[17.9195121,59.4793283]},"properties":{"id":"385125472","road":"E 4","name":"Uppsalavägen","highway":"motorway"}},{"type":"Feature","geometry":{"type":"Point","coordinates":[13.6068787,59.4013692]},"properties":{"id":"385624383","road":"E 18","name":null,"highway":"motorway"}},{"type":"Feature","geometry":{"type":"Point","coordinates":[16.1998382,59.759933]},"properties":{"id":"397065131","road":"66","name":"Industrileden","highway":"primary"}},{"type":"Feature","geometry":{"type":"Point","coordinates":[21.5830827,65.8494838]},"properties":{"id":"397761647","road":"97","name":"Jokkmokksvägen","highway":"primary"}},{"type":"Feature","geometry":{"type":"Point","coordinates":[15.7096936,60.9865716]},"properties":{"id":"400512966","road":"50","name":"Lamborn","highway":"primary"}},{"type":"Feature","geometry":{"type":"Point","coordinates":[14.1510071,61.1467425]},"properties":{"id":"401190412","road":"70","name":null,"highway":"primary"}},{"type":"Feature","geometry":{"type":"Point","coordinates":[19.1486818,63.3496793]},"properties":{"id":"401632927","road":"E 4","name":null,"highway":"trunk"}},{"type":"Feature","geometry":{"type":"Point","coordinates":[15.513023,56.7373225]},"properties":{"id":"401681301","road":"25","name":null,"highway":"trunk"}},{"type":"Feature","geometry":{"type":"Point","coordinates":[15.5979244,56.4750217]},"properties":{"id":"401681316","road":"28","name":null,"highway":"primary"}},{"type":"Feature","geometry":{"type":"Point","coordinates":[12.5370509,58.1190223]},"properties":{"id":"401803934","road":"42","name":"Alingsåsvägen","highway":"primary"}},{"type":"Feature","geometry":{"type":"Point","coordinates":[14.5236817,56.3004696]},"properties":{"id":"401850603","road":"15","name":"Lönsbodavägen","highway":"primary"}},{"type":"Feature","geometry":{"type":"Point","coordinates":[15.2762552,56.2241765]},"properties":{"id":"402038914","road":"E 22","name":null,"highway":"trunk"}},{"type":"Feature","geometry":{"type":"Point","coordinates":[14.8427282,56.262771]},"properties":{"id":"402057777","road":"29","name":"Nya Tingsrydsvägen","highway":"primary"}},{"type":"Feature","geometry":{"type":"Point","coordinates":[15.6150163,56.188721]},"properties":{"id":"402214089","road":"E 22.06","name":null,"highway":"trunk"}},{"type":"Feature","geometry":{"type":"Point","coordinates":[14.8350751,56.1766988]},"properties":{"id":"402334995","road":"29","name":"Nya Tingsrydsvägen","highway":"primary"}},{"type":"Feature","geometry":{"type":"Point","coordinates":[14.9788865,56.4414778]},"properties":{"id":"402453318","road":"29","name":null,"highway":"primary"}},{"type":"Feature","geometry":{"type":"Point","coordinates":[14.8831897,56.3093164]},"properties":{"id":"402453319","road":"29","name":"Nya Tingsrydsvägen","highway":"primary"}},{"type":"Feature","geometry":{"type":"Point","coordinates":[15.2171019,56.2232141]},"properties":{"id":"403185217","road":"E 22","name":null,"highway":"trunk"}},{"type":"Feature","geometry":{"type":"Point","coordinates":[14.0821819,57.2531348]},"properties":{"id":"403185671","road":"E 4","name":null,"highway":"motorway"}},{"type":"Feature","geometry":{"type":"Point","coordinates":[15.4991088,63.757313]},"properties":{"id":"403362740","road":"E 45","name":"Inlandsvägen","highway":"trunk"}},{"type":"Feature","geometry":{"type":"Point","coordinates":[16.4967887,64.2678373]},"properties":{"id":"403362741","road":"E 45","name":"Inlandsvägen","highway":"trunk"}},{"type":"Feature","geometry":{"type":"Point","coordinates":[16.507276,64.2849226]},"properties":{"id":"403362742","road":"E 45","name":"Inlandsvägen","highway":"trunk"}},{"type":"Feature","geometry":{"type":"Point","coordinates":[16.5099595,64.2861654]},"properties":{"id":"403362744","road":"E 45","name":"Inlandsvägen","highway":"trunk"}},{"type":"Feature","geometry":{"type":"Point","coordinates":[14.4194823,56.9213403]},"properties":{"id":"403478996","road":"27","name":null,"highway":"primary"}},{"type":"Feature","geometry":{"type":"Point","coordinates":[14.0236956,57.8539237]},"properties":{"id":"403527686","road":"26","name":null,"highway":"trunk"}},{"type":"Feature","geometry":{"type":"Point","coordinates":[14.1275782,60.8283615]},"properties":{"id":"403967006","road":"E 45","name":"Inlandsvägen","highway":"trunk"}},{"type":"Feature","geometry":{"type":"Point","coordinates":[18.7937849,64.8230625]},"properties":{"id":"404491025","road":"365","name":null,"highway":"primary"}},{"type":"Feature","geometry":{"type":"Point","coordinates":[15.125291,60.5583963]},"properties":{"id":"406139472","road":"E 16","name":null,"highway":"trunk"}},{"type":"Feature","geometry":{"type":"Point","coordinates":[12.9369367,58.2980352]},"properties":{"id":"411466474","road":"47","name":null,"highway":"primary"}},{"type":"Feature","geometry":{"type":"Point","coordinates":[14.0970384,57.7999098]},"properties":{"id":"414247102","road":"26","name":"Västerleden","highway":"trunk"}},{"type":"Feature","geometry":{"type":"Point","coordinates":[12.6257088,57.9490827]},"properties":{"id":"416519091","road":"E 20","name":null,"highway":"motorway"}},{"type":"Feature","geometry":{"type":"Point","coordinates":[23.156757,67.246861]},"properties":{"id":"416898542","road":"395","name":null,"highway":"primary"}},{"type":"Feature","geometry":{"type":"Point","coordinates":[16.2728015,60.1646238]},"properties":{"id":"418390302","road":"68","name":null,"highway":"primary"}},{"type":"Feature","geometry":{"type":"Point","coordinates":[17.1620686,62.4581709]},"properties":{"id":"420828793","road":"86","name":null,"highway":"primary"}},{"type":"Feature","geometry":{"type":"Point","coordinates":[16.2163858,61.3346234]},"properties":{"id":"420863694","road":"50","name":null,"highway":"primary"}},{"type":"Feature","geometry":{"type":"Point","coordinates":[16.5277186,59.0395146]},"properties":{"id":"421305998","road":"55","name":null,"highway":"trunk"}},{"type":"Feature","geometry":{"type":"Point","coordinates":[15.0462831,58.1939528]},"properties":{"id":"423133188","road":"32","name":null,"highway":"primary"}},{"type":"Feature","geometry":{"type":"Point","coordinates":[15.0649922,58.2064566]},"properties":{"id":"423133190","road":"32","name":null,"highway":"primary"}},{"type":"Feature","geometry":{"type":"Point","coordinates":[14.0892209,56.0444195]},"properties":{"id":"423849461","road":"19","name":"Wrangels allé","highway":"primary"}},{"type":"Feature","geometry":{"type":"Point","coordinates":[15.0275717,56.8644314]},"properties":{"id":"425373012","road":"25","name":"Kalmarvägen","highway":"trunk"}},{"type":"Feature","geometry":{"type":"Point","coordinates":[12.6154587,60.203918]},"properties":{"id":"425550189","road":"E 16","name":null,"highway":"trunk"}},{"type":"Feature","geometry":{"type":"Point","coordinates":[15.3239127,60.4225443]},"properties":{"id":"425563835","road":"50","name":null,"highway":"trunk"}},{"type":"Feature","geometry":{"type":"Point","coordinates":[17.739605,66.0627654]},"properties":{"id":"425614989","road":"95","name":null,"highway":"primary"}},{"type":"Feature","geometry":{"type":"Point","coordinates":[13.015904,60.2134958]},"properties":{"id":"425628915","road":"E 45","name":"Inlandsvägen","highway":"trunk"}},{"type":"Feature","geometry":{"type":"Point","coordinates":[15.6282144,57.3520804]},"properties":{"id":"425648077","road":"23","name":null,"highway":"primary"}},{"type":"Feature","geometry":{"type":"Point","coordinates":[13.1007106,59.7930248]},"properties":{"id":"425653118","road":"E 45","name":"Inlandsvägen","highway":"trunk"}},{"type":"Feature","geometry":{"type":"Point","coordinates":[18.1186972,68.4299202]},"properties":{"id":"425863442","road":null,"name":null,"highway":"trunk"}},{"type":"Feature","geometry":{"type":"Point","coordinates":[13.6607218,55.8278571]},"properties":{"id":"426693664","road":"13","name":null,"highway":"primary"}},{"type":"Feature","geometry":{"type":"Point","coordinates":[13.0112075,60.2470519]},"properties":{"id":"426733583","road":"E 45","name":"Inlandsvägen","highway":"trunk"}},{"type":"Feature","geometry":{"type":"Point","coordinates":[12.7120012,57.5080185]},"properties":{"id":"428689865","road":"41","name":null,"highway":"primary"}},{"type":"Feature","geometry":{"type":"Point","coordinates":[19.9757434,64.9325841]},"properties":{"id":"432574180","road":"370","name":null,"highway":"primary"}},{"type":"Feature","geometry":{"type":"Point","coordinates":[15.8991497,59.052716]},"properties":{"id":"432599469","road":"52","name":null,"highway":"primary"}},{"type":"Feature","geometry":{"type":"Point","coordinates":[16.1480904,61.6679539]},"properties":{"id":"435217990","road":"83","name":"Nybo Bollnäsvägen","highway":"primary"}},{"type":"Feature","geometry":{"type":"Point","coordinates":[17.0075461,58.7169587]},"properties":{"id":"435690080","road":"53","name":null,"highway":"motorway"}},{"type":"Feature","geometry":{"type":"Point","coordinates":[13.6263649,56.2070901]},"properties":{"id":"436109181","road":"24","name":null,"highway":"primary"}},{"type":"Feature","geometry":{"type":"Point","coordinates":[18.870879,65.6639167]},"properties":{"id":"439855713","road":"95","name":null,"highway":"primary"}},{"type":"Feature","geometry":{"type":"Point","coordinates":[15.6363295,57.9829089]},"properties":{"id":"439874760","road":"23","name":"Vimmerbyvägen","highway":"primary"}},{"type":"Feature","geometry":{"type":"Point","coordinates":[15.0863697,65.8180692]},"properties":{"id":"440062824","road":"E 12","name":"Blå vägen","highway":"trunk"}},{"type":"Feature","geometry":{"type":"Point","coordinates":[14.7336205,56.8632056]},"properties":{"id":"441000022","road":"23","name":null,"highway":"primary"}},{"type":"Feature","geometry":{"type":"Point","coordinates":[13.6035039,55.9096064]},"properties":{"id":"441247657","road":"13","name":null,"highway":"primary"}},{"type":"Feature","geometry":{"type":"Point","coordinates":[14.0953044,55.8272977]},"properties":{"id":"441252226","road":"19","name":"Tingsvägen","highway":"primary"}},{"type":"Feature","geometry":{"type":"Point","coordinates":[16.4842662,57.3380887]},"properties":{"id":"442648563","road":"E 22","name":null,"highway":"trunk"}},{"type":"Feature","geometry":{"type":"Point","coordinates":[16.4438173,57.0596034]},"properties":{"id":"442648564","road":"E 22","name":null,"highway":"trunk"}},{"type":"Feature","geometry":{"type":"Point","coordinates":[17.3001685,60.5085415]},"properties":{"id":"443829823","road":"E 4","name":null,"highway":"motorway"}},{"type":"Feature","geometry":{"type":"Point","coordinates":[17.321674,60.4976045]},"properties":{"id":"443832771","road":"E 4","name":null,"highway":"motorway"}},{"type":"Feature","geometry":{"type":"Point","coordinates":[17.3636397,60.4815639]},"properties":{"id":"443834815","road":"E 4","name":null,"highway":"motorway"}},{"type":"Feature","geometry":{"type":"Point","coordinates":[16.6101818,58.9452172]},"properties":{"id":"444291535","road":"221","name":null,"highway":"primary"}},{"type":"Feature","geometry":{"type":"Point","coordinates":[16.6077971,58.953986]},"properties":{"id":"444291536","road":"221","name":null,"highway":"primary"}},{"type":"Feature","geometry":{"type":"Point","coordinates":[16.8096501,58.9108472]},"properties":{"id":"444291539","road":"53","name":null,"highway":"primary"}},{"type":"Feature","geometry":{"type":"Point","coordinates":[16.250395,59.000418]},"properties":{"id":"444800696","road":"52","name":null,"highway":"trunk"}},{"type":"Feature","geometry":{"type":"Point","coordinates":[16.5537325,58.2201437]},"properties":{"id":"445251229","road":"E 22","name":null,"highway":"trunk"}},{"type":"Feature","geometry":{"type":"Point","coordinates":[15.9887252,59.0321567]},"properties":{"id":"448957159","road":"52","name":null,"highway":"primary"}},{"type":"Feature","geometry":{"type":"Point","coordinates":[16.7343755,59.1246197]},"properties":{"id":"449069820","road":"53","name":null,"highway":"primary"}},{"type":"Feature","geometry":{"type":"Point","coordinates":[16.7571883,59.118149]},"properties":{"id":"449069821","road":"53","name":null,"highway":"primary"}},{"type":"Feature","geometry":{"type":"Point","coordinates":[16.715676,59.1335406]},"properties":{"id":"449069822","road":"53","name":null,"highway":"primary"}},{"type":"Feature","geometry":{"type":"Point","coordinates":[16.5435709,58.7528065]},"properties":{"id":"454619368","road":"E 4","name":null,"highway":"motorway"}},{"type":"Feature","geometry":{"type":"Point","coordinates":[16.1015802,59.236437]},"properties":{"id":"455573892","road":"56","name":null,"highway":"trunk"}},{"type":"Feature","geometry":{"type":"Point","coordinates":[16.1049363,59.2472359]},"properties":{"id":"455573894","road":"56","name":null,"highway":"trunk"}},{"type":"Feature","geometry":{"type":"Point","coordinates":[16.103731,59.2458854]},"properties":{"id":"455573897","road":"56","name":null,"highway":"trunk"}},{"type":"Feature","geometry":{"type":"Point","coordinates":[17.0064044,59.0813393]},"properties":{"id":"455838383","road":"57","name":"Dagavägen","highway":"primary"}},{"type":"Feature","geometry":{"type":"Point","coordinates":[17.8021672,66.0554417]},"properties":{"id":"456266324","road":"95","name":null,"highway":"primary"}},{"type":"Feature","geometry":{"type":"Point","coordinates":[13.6847075,56.7554495]},"properties":{"id":"458909644","road":"25","name":null,"highway":"trunk"}},{"type":"Feature","geometry":{"type":"Point","coordinates":[21.2063902,65.6752221]},"properties":{"id":"460405963","road":"94","name":"Älvsbyvägen","highway":"primary"}},{"type":"Feature","geometry":{"type":"Point","coordinates":[15.8085534,57.3861045]},"properties":{"id":"467531257","road":"34","name":null,"highway":"primary"}},{"type":"Feature","geometry":{"type":"Point","coordinates":[16.5902658,63.0326103]},"properties":{"id":"469360942","road":"87","name":null,"highway":"primary"}},{"type":"Feature","geometry":{"type":"Point","coordinates":[16.5964105,63.0319388]},"properties":{"id":"469360944","road":"87","name":null,"highway":"primary"}},{"type":"Feature","geometry":{"type":"Point","coordinates":[15.3880328,59.0138713]},"properties":{"id":"472080128","road":"51","name":null,"highway":"primary"}},{"type":"Feature","geometry":{"type":"Point","coordinates":[15.5726061,58.7431108]},"properties":{"id":"472346286","road":"51","name":"Örebrovägen","highway":"primary"}},{"type":"Feature","geometry":{"type":"Point","coordinates":[15.4126705,58.8629281]},"properties":{"id":"472346314","road":"51","name":null,"highway":"primary"}},{"type":"Feature","geometry":{"type":"Point","coordinates":[16.3835224,57.9370994]},"properties":{"id":"475311308","road":"35","name":null,"highway":"primary"}},{"type":"Feature","geometry":{"type":"Point","coordinates":[15.2481527,60.1554184]},"properties":{"id":"475504672","road":"66","name":"Barkenvägen","highway":"primary"}},{"type":"Feature","geometry":{"type":"Point","coordinates":[18.1165035,59.3628638]},"properties":{"id":"475545433","road":"277","name":"Lidingöbron","highway":"primary"}},{"type":"Feature","geometry":{"type":"Point","coordinates":[14.9489224,60.3024123]},"properties":{"id":"475652123","road":"66","name":null,"highway":"primary"}},{"type":"Feature","geometry":{"type":"Point","coordinates":[15.7952632,61.045982]},"properties":{"id":"476408003","road":"50","name":null,"highway":"primary"}},{"type":"Feature","geometry":{"type":"Point","coordinates":[15.7549292,60.8038291]},"properties":{"id":"476408051","road":"50","name":"Faluvägen","highway":"primary"}},{"type":"Feature","geometry":{"type":"Point","coordinates":[15.5474423,60.6627594]},"properties":{"id":"476701797","road":"69","name":null,"highway":"primary"}},{"type":"Feature","geometry":{"type":"Point","coordinates":[11.2768932,58.8380262]},"properties":{"id":"476747415","road":"E 6","name":null,"highway":"motorway"}},{"type":"Feature","geometry":{"type":"Point","coordinates":[12.286526,61.8381156]},"properties":{"id":"477223790","road":"70","name":null,"highway":"primary"}},{"type":"Feature","geometry":{"type":"Point","coordinates":[14.413782,60.5415131]},"properties":{"id":"477245852","road":"E 16","name":null,"highway":"trunk"}},{"type":"Feature","geometry":{"type":"Point","coordinates":[14.4573075,60.5120692]},"properties":{"id":"477245858","road":"E 16","name":null,"highway":"trunk"}},{"type":"Feature","geometry":{"type":"Point","coordinates":[14.1367286,60.4939744]},"properties":{"id":"477257610","road":"E 16","name":null,"highway":"trunk"}},{"type":"Feature","geometry":{"type":"Point","coordinates":[16.9154463,66.4149755]},"properties":{"id":"477570076","road":"95","name":null,"highway":"primary"}},{"type":"Feature","geometry":{"type":"Point","coordinates":[16.8400494,66.438076]},"properties":{"id":"477570078","road":"95","name":null,"highway":"primary"}},{"type":"Feature","geometry":{"type":"Point","coordinates":[16.5294496,66.4901343]},"properties":{"id":"477570080","road":"95","name":null,"highway":"primary"}},{"type":"Feature","geometry":{"type":"Point","coordinates":[11.2323578,58.977515]},"properties":{"id":"477661486","road":"E 6","name":null,"highway":"motorway"}},{"type":"Feature","geometry":{"type":"Point","coordinates":[13.8524038,56.7374887]},"properties":{"id":"478848650","road":"E 4","name":null,"highway":"motorway"}},{"type":"Feature","geometry":{"type":"Point","coordinates":[13.4537687,56.7395586]},"properties":{"id":"478919134","road":"25","name":"Växjövägen","highway":"trunk"}},{"type":"Feature","geometry":{"type":"Point","coordinates":[15.0194966,59.9881708]},"properties":{"id":"479951759","road":"50","name":null,"highway":"trunk"}},{"type":"Feature","geometry":{"type":"Point","coordinates":[15.2331478,59.6440261]},"properties":{"id":"480019969","road":"68","name":null,"highway":"primary"}},{"type":"Feature","geometry":{"type":"Point","coordinates":[17.0138819,63.1202908]},"properties":{"id":"481096773","road":"87","name":null,"highway":"primary"}},{"type":"Feature","geometry":{"type":"Point","coordinates":[12.3679253,59.7784251]},"properties":{"id":"481268915","road":"61","name":null,"highway":"primary"}},{"type":"Feature","geometry":{"type":"Point","coordinates":[18.3528588,68.4261501]},"properties":{"id":"484172317","road":"E 10","name":null,"highway":"trunk"}},{"type":"Feature","geometry":{"type":"Point","coordinates":[18.3004379,68.423866]},"properties":{"id":"484172319","road":"E 10","name":null,"highway":"trunk"}},{"type":"Feature","geometry":{"type":"Point","coordinates":[18.5893411,68.4415075]},"properties":{"id":"484314781","road":"E 10","name":null,"highway":"trunk"}},{"type":"Feature","geometry":{"type":"Point","coordinates":[18.7758947,68.3593217]},"properties":{"id":"484315621","road":"E 10","name":null,"highway":"trunk"}},{"type":"Feature","geometry":{"type":"Point","coordinates":[19.2976394,68.2900723]},"properties":{"id":"484324255","road":"E 10","name":null,"highway":"trunk"}},{"type":"Feature","geometry":{"type":"Point","coordinates":[18.9541238,68.3464901]},"properties":{"id":"484324258","road":"E 10","name":null,"highway":"trunk"}},{"type":"Feature","geometry":{"type":"Point","coordinates":[16.8715332,63.6893664]},"properties":{"id":"485429942","road":"90","name":null,"highway":"primary"}},{"type":"Feature","geometry":{"type":"Point","coordinates":[17.155449,62.4651039]},"properties":{"id":"485555890","road":"86","name":null,"highway":"primary"}},{"type":"Feature","geometry":{"type":"Point","coordinates":[13.5778791,60.7285329]},"properties":{"id":"491945936","road":"66","name":null,"highway":"primary"}},{"type":"Feature","geometry":{"type":"Point","coordinates":[13.9391481,56.8532079]},"properties":{"id":"494034011","road":"E 4","name":null,"highway":"motorway"}},{"type":"Feature","geometry":{"type":"Point","coordinates":[16.0794948,64.0690777]},"properties":{"id":"496334885","road":"E 45","name":"Inlandsvägen","highway":"trunk"}},{"type":"Feature","geometry":{"type":"Point","coordinates":[15.5035039,58.4536211]},"properties":{"id":"501363453","road":"34","name":null,"highway":"primary"}},{"type":"Feature","geometry":{"type":"Point","coordinates":[14.9157709,58.893538]},"properties":{"id":"504403959","road":"50","name":null,"highway":"trunk"}},{"type":"Feature","geometry":{"type":"Point","coordinates":[14.2090381,60.1576908]},"properties":{"id":"506194332","road":"26","name":null,"highway":"primary"}},{"type":"Feature","geometry":{"type":"Point","coordinates":[14.2107953,60.1541216]},"properties":{"id":"506194375","road":"26","name":null,"highway":"primary"}},{"type":"Feature","geometry":{"type":"Point","coordinates":[14.0066428,60.4907616]},"properties":{"id":"506567036","road":"E 16","name":null,"highway":"trunk"}},{"type":"Feature","geometry":{"type":"Point","coordinates":[17.783944,60.4389254]},"properties":{"id":"506774431","road":"76","name":null,"highway":"primary"}},{"type":"Feature","geometry":{"type":"Point","coordinates":[20.1116664,63.97147]},"properties":{"id":"507020708","road":"363","name":null,"highway":"primary"}},{"type":"Feature","geometry":{"type":"Point","coordinates":[16.5295799,57.7315271]},"properties":{"id":"508171389","road":"E 22","name":null,"highway":"trunk"}},{"type":"Feature","geometry":{"type":"Point","coordinates":[13.7245242,57.5849611]},"properties":{"id":"508520422","road":"26","name":null,"highway":"trunk"}},{"type":"Feature","geometry":{"type":"Point","coordinates":[13.8887256,57.7459779]},"properties":{"id":"508520445","road":"26","name":null,"highway":"trunk"}},{"type":"Feature","geometry":{"type":"Point","coordinates":[16.7743553,61.3211072]},"properties":{"id":"511570362","road":"50","name":null,"highway":"primary"}},{"type":"Feature","geometry":{"type":"Point","coordinates":[15.6525651,62.1810443]},"properties":{"id":"513130745","road":"83","name":"Ramsjövägen","highway":"primary"}},{"type":"Feature","geometry":{"type":"Point","coordinates":[15.6575659,62.1875364]},"properties":{"id":"513130774","road":"83","name":"Ångevägen","highway":"primary"}},{"type":"Feature","geometry":{"type":"Point","coordinates":[15.9080449,62.0277402]},"properties":{"id":"513141685","road":"83","name":"Ramsjövägen","highway":"primary"}},{"type":"Feature","geometry":{"type":"Point","coordinates":[15.8738293,61.9304987]},"properties":{"id":"513147703","road":"83","name":"Ramsjövägen","highway":"primary"}},{"type":"Feature","geometry":{"type":"Point","coordinates":[15.4178807,61.9380959]},"properties":{"id":"515058005","road":"84","name":"Härjedalsvägen Ängra","highway":"primary"}},{"type":"Feature","geometry":{"type":"Point","coordinates":[14.2139441,56.3813902]},"properties":{"id":"515144112","road":"15","name":null,"highway":"primary"}},{"type":"Feature","geometry":{"type":"Point","coordinates":[12.6779874,59.0491429]},"properties":{"id":"526250121","road":"E 45","name":null,"highway":"trunk"}},{"type":"Feature","geometry":{"type":"Point","coordinates":[13.5218052,59.8245488]},"properties":{"id":"527745642","road":"62","name":"Klarälvsvägen","highway":"primary"}},{"type":"Feature","geometry":{"type":"Point","coordinates":[12.5939329,57.4635275]},"properties":{"id":"528862632","road":"41","name":"Varbergsvägen","highway":"primary"}},{"type":"Feature","geometry":{"type":"Point","coordinates":[19.9245455,67.9902803]},"properties":{"id":"531330929","road":"E 10","name":null,"highway":"trunk"}},{"type":"Feature","geometry":{"type":"Point","coordinates":[13.5324522,57.9846946]},"properties":{"id":"536145531","road":"46","name":"Centralvägen","highway":"primary"}},{"type":"Feature","geometry":{"type":"Point","coordinates":[17.4352785,59.8541391]},"properties":{"id":"537499657","road":"72","name":null,"highway":"primary"}},{"type":"Feature","geometry":{"type":"Point","coordinates":[17.654311,65.3091288]},"properties":{"id":"538973850","road":"E 45","name":"Inlandsvägen","highway":"trunk"}},{"type":"Feature","geometry":{"type":"Point","coordinates":[12.4090244,58.2545911]},"properties":{"id":"539075227","road":"42","name":null,"highway":"primary"}},{"type":"Feature","geometry":{"type":"Point","coordinates":[15.5474311,63.8499937]},"properties":{"id":"541744450","road":"E 45","name":"Strömsundsbron","highway":"trunk"}},{"type":"Feature","geometry":{"type":"Point","coordinates":[16.3037771,64.1833066]},"properties":{"id":"541764072","road":"E 45","name":"Inlandsvägen","highway":"trunk"}},{"type":"Feature","geometry":{"type":"Point","coordinates":[16.281237,64.1671975]},"properties":{"id":"541764081","road":"E 45","name":"Inlandsvägen","highway":"trunk"}},{"type":"Feature","geometry":{"type":"Point","coordinates":[16.2755562,64.1649037]},"properties":{"id":"541764087","road":"E 45","name":"Inlandsvägen","highway":"trunk"}},{"type":"Feature","geometry":{"type":"Point","coordinates":[21.9848626,66.7099694]},"properties":{"id":"541764373","road":"E 10","name":null,"highway":"trunk"}},{"type":"Feature","geometry":{"type":"Point","coordinates":[14.3101562,57.4800104]},"properties":{"id":"545830847","road":"30","name":null,"highway":"primary"}},{"type":"Feature","geometry":{"type":"Point","coordinates":[14.3139649,57.4767643]},"properties":{"id":"545830849","road":"30","name":null,"highway":"primary"}},{"type":"Feature","geometry":{"type":"Point","coordinates":[17.7153355,66.0635056]},"properties":{"id":"545888247","road":"95","name":null,"highway":"primary"}},{"type":"Feature","geometry":{"type":"Point","coordinates":[16.7111696,58.7581974]},"properties":{"id":"547146393","road":"E 4","name":null,"highway":"motorway"}},{"type":"Feature","geometry":{"type":"Point","coordinates":[16.7312492,58.7548113]},"properties":{"id":"547146399","road":"E 4","name":null,"highway":"motorway"}},{"type":"Feature","geometry":{"type":"Point","coordinates":[13.1117641,57.7661808]},"properties":{"id":"549959993","road":"40","name":null,"highway":"motorway"}},{"type":"Feature","geometry":{"type":"Point","coordinates":[11.4513447,58.5838104]},"properties":{"id":"552939140","road":"E 6","name":null,"highway":"motorway"}},{"type":"Feature","geometry":{"type":"Point","coordinates":[11.4521554,58.578365]},"properties":{"id":"552939706","road":"E 6","name":null,"highway":"motorway"}},{"type":"Feature","geometry":{"type":"Point","coordinates":[11.4962643,58.5554859]},"properties":{"id":"552940510","road":"E 6","name":null,"highway":"motorway"}},{"type":"Feature","geometry":{"type":"Point","coordinates":[17.9785974,59.4671003]},"properties":{"id":"554687732","road":"265","name":"Norrortsleden","highway":"motorway"}},{"type":"Feature","geometry":{"type":"Point","coordinates":[17.9706576,59.4636318]},"properties":{"id":"555544425","road":"265","name":"Norrortsleden","highway":"motorway"}},{"type":"Feature","geometry":{"type":"Point","coordinates":[17.3005828,63.1593079]},"properties":{"id":"556220864","road":"90","name":null,"highway":"primary"}},{"type":"Feature","geometry":{"type":"Point","coordinates":[15.1608763,64.3348216]},"properties":{"id":"556601072","road":"342","name":null,"highway":"primary"}},{"type":"Feature","geometry":{"type":"Point","coordinates":[13.277054,58.4847154]},"properties":{"id":"562043049","road":"44","name":null,"highway":"primary"}},{"type":"Feature","geometry":{"type":"Point","coordinates":[12.7004756,59.0801003]},"properties":{"id":"563737345","road":"E 45","name":null,"highway":"trunk"}},{"type":"Feature","geometry":{"type":"Point","coordinates":[14.1002381,57.7640596]},"properties":{"id":"566101302","road":"26","name":"Sandserydsvägen","highway":"trunk"}},{"type":"Feature","geometry":{"type":"Point","coordinates":[11.9294182,57.7916009]},"properties":{"id":"568460271","road":"E 6.20","name":"Norrleden","highway":"trunk"}},{"type":"Feature","geometry":{"type":"Point","coordinates":[13.3223718,56.2877875]},"properties":{"id":"569134987","road":"24","name":null,"highway":"primary"}},{"type":"Feature","geometry":{"type":"Point","coordinates":[16.7429013,64.4156291]},"properties":{"id":"570793778","road":"E 45","name":"Inlandsvägen","highway":"trunk"}},{"type":"Feature","geometry":{"type":"Point","coordinates":[11.7132837,58.4326857]},"properties":{"id":"571203996","road":"E 6","name":null,"highway":"motorway"}},{"type":"Feature","geometry":{"type":"Point","coordinates":[11.8790068,58.1105904]},"properties":{"id":"571218322","road":"E 6","name":null,"highway":"motorway"}},{"type":"Feature","geometry":{"type":"Point","coordinates":[11.2831152,58.8083086]},"properties":{"id":"571410434","road":"E 6","name":null,"highway":"motorway"}},{"type":"Feature","geometry":{"type":"Point","coordinates":[11.271175,58.9028934]},"properties":{"id":"571410442","road":"E 6","name":null,"highway":"motorway"}},{"type":"Feature","geometry":{"type":"Point","coordinates":[11.2551706,58.9471267]},"properties":{"id":"571446813","road":"E 6","name":null,"highway":"motorway"}},{"type":"Feature","geometry":{"type":"Point","coordinates":[11.240785,58.957233]},"properties":{"id":"571446822","road":"E 6","name":null,"highway":"motorway"}},{"type":"Feature","geometry":{"type":"Point","coordinates":[11.253741,59.0375509]},"properties":{"id":"571446828","road":"E 6","name":null,"highway":"motorway"}},{"type":"Feature","geometry":{"type":"Point","coordinates":[11.2571676,59.0414784]},"properties":{"id":"571446833","road":"E 6","name":null,"highway":"motorway"}},{"type":"Feature","geometry":{"type":"Point","coordinates":[11.2522678,59.0923393]},"properties":{"id":"571453991","road":"E 6","name":"Svinesundsbron","highway":"motorway"}},{"type":"Feature","geometry":{"type":"Point","coordinates":[13.0389685,57.7350488]},"properties":{"id":"571552289","road":"40","name":null,"highway":"motorway"}},{"type":"Feature","geometry":{"type":"Point","coordinates":[13.0571028,59.2900987]},"properties":{"id":"572220157","road":"E 18","name":"Inlandsvägen","highway":"motorway"}},{"type":"Feature","geometry":{"type":"Point","coordinates":[12.9544388,56.4414536]},"properties":{"id":"572541273","road":"E 6","name":null,"highway":"motorway"}},{"type":"Feature","geometry":{"type":"Point","coordinates":[12.894903,56.6899927]},"properties":{"id":"572558597","road":"E 6","name":null,"highway":"motorway"}},{"type":"Feature","geometry":{"type":"Point","coordinates":[16.026457,64.0475571]},"properties":{"id":"572726950","road":"E 45","name":"Inlandsvägen","highway":"trunk"}},{"type":"Feature","geometry":{"type":"Point","coordinates":[14.9356115,62.1739699]},"properties":{"id":"577275589","road":"E 45","name":"Hogdalsvägen","highway":"trunk"}},{"type":"Feature","geometry":{"type":"Point","coordinates":[14.2274933,59.4320343]},"properties":{"id":"584429322","road":"26","name":null,"highway":"primary"}},{"type":"Feature","geometry":{"type":"Point","coordinates":[12.9010134,61.8139206]},"properties":{"id":"587886317","road":"70","name":null,"highway":"primary"}},{"type":"Feature","geometry":{"type":"Point","coordinates":[14.8600504,57.8174717]},"properties":{"id":"587958359","road":"32","name":null,"highway":"primary"}},{"type":"Feature","geometry":{"type":"Point","coordinates":[13.9706293,56.8510225]},"properties":{"id":"588124185","road":"25","name":null,"highway":"trunk"}},{"type":"Feature","geometry":{"type":"Point","coordinates":[17.1528375,63.8141786]},"properties":{"id":"589515341","road":"90","name":null,"highway":"primary"}},{"type":"Feature","geometry":{"type":"Point","coordinates":[17.2215473,63.9040956]},"properties":{"id":"589515372","road":"90","name":null,"highway":"primary"}},{"type":"Feature","geometry":{"type":"Point","coordinates":[14.498571,64.3993193]},"properties":{"id":"591214354","road":"342","name":null,"highway":"primary"}},{"type":"Feature","geometry":{"type":"Point","coordinates":[17.0064372,65.1979731]},"properties":{"id":"591268177","road":"E 12","name":"Blå vägen","highway":"trunk"}},{"type":"Feature","geometry":{"type":"Point","coordinates":[17.6820633,66.0650371]},"properties":{"id":"592861229","road":"95","name":null,"highway":"primary"}},{"type":"Feature","geometry":{"type":"Point","coordinates":[13.6917587,55.6468267]},"properties":{"id":"607801455","road":"13","name":"Hörbyvägen","highway":"primary"}},{"type":"Feature","geometry":{"type":"Point","coordinates":[19.1796959,65.0064865]},"properties":{"id":"612784927","road":"370","name":null,"highway":"primary"}},{"type":"Feature","geometry":{"type":"Point","coordinates":[11.9692901,57.8687476]},"properties":{"id":"619721945","road":"E 6","name":"Kungälvsleden","highway":"motorway"}},{"type":"Feature","geometry":{"type":"Point","coordinates":[14.2305187,58.8664866]},"properties":{"id":"621296229","road":"E 20","name":null,"highway":"trunk"}},{"type":"Feature","geometry":{"type":"Point","coordinates":[12.4361345,61.8101915]},"properties":{"id":"621570772","road":"70","name":null,"highway":"primary"}},{"type":"Feature","geometry":{"type":"Point","coordinates":[12.4648141,59.2856186]},"properties":{"id":"623944071","road":"E 18","name":null,"highway":"trunk"}},{"type":"Feature","geometry":{"type":"Point","coordinates":[14.4410409,57.3664071]},"properties":{"id":"624192469","road":"30","name":null,"highway":"primary"}},{"type":"Feature","geometry":{"type":"Point","coordinates":[14.5200527,57.3019811]},"properties":{"id":"624192475","road":"30","name":null,"highway":"primary"}},{"type":"Feature","geometry":{"type":"Point","coordinates":[14.5230549,57.2748446]},"properties":{"id":"624192477","road":"30","name":null,"highway":"primary"}},{"type":"Feature","geometry":{"type":"Point","coordinates":[16.5549424,57.7431101]},"properties":{"id":"629232643","road":"E 22","name":null,"highway":"trunk"}},{"type":"Feature","geometry":{"type":"Point","coordinates":[13.2855107,57.8192887]},"properties":{"id":"630022664","road":"40","name":null,"highway":"motorway"}},{"type":"Feature","geometry":{"type":"Point","coordinates":[13.2948721,57.8186329]},"properties":{"id":"630022683","road":"40","name":null,"highway":"motorway"}},{"type":"Feature","geometry":{"type":"Point","coordinates":[14.3778821,57.7180057]},"properties":{"id":"631973572","road":"31","name":null,"highway":"trunk"}},{"type":"Feature","geometry":{"type":"Point","coordinates":[12.4197365,58.2497688]},"properties":{"id":"637431762","road":"42","name":null,"highway":"primary"}},{"type":"Feature","geometry":{"type":"Point","coordinates":[17.2420232,62.3987025]},"properties":{"id":"653032415","road":"E 14","name":null,"highway":"primary"}},{"type":"Feature","geometry":{"type":"Point","coordinates":[17.2386545,62.3994632]},"properties":{"id":"653032427","road":"E 14","name":null,"highway":"trunk"}},{"type":"Feature","geometry":{"type":"Point","coordinates":[18.0010854,59.3244997]},"properties":{"id":"653639357","road":"E 4","name":"Essingeleden","highway":"motorway"}},{"type":"Feature","geometry":{"type":"Point","coordinates":[18.0248785,59.3444985]},"properties":{"id":"658141145","road":"E 20","name":"Norra Länken","highway":"motorway"}},{"type":"Feature","geometry":{"type":"Point","coordinates":[17.1648175,62.3827766]},"properties":{"id":"659016429","road":"E 14","name":null,"highway":"trunk"}},{"type":"Feature","geometry":{"type":"Point","coordinates":[13.215863,56.2574772]},"properties":{"id":"660967241","road":"E 4","name":null,"highway":"motorway"}},{"type":"Feature","geometry":{"type":"Point","coordinates":[19.2387272,68.3015715]},"properties":{"id":"661004225","road":"E 10","name":null,"highway":"trunk"}},{"type":"Feature","geometry":{"type":"Point","coordinates":[13.7448903,63.312165]},"properties":{"id":"662411117","road":"E 14","name":null,"highway":"trunk"}},{"type":"Feature","geometry":{"type":"Point","coordinates":[12.7390594,60.7874314]},"properties":{"id":"663010690","road":"62","name":null,"highway":"primary"}},{"type":"Feature","geometry":{"type":"Point","coordinates":[17.7015129,62.5603746]},"properties":{"id":"666260586","road":"E 4","name":null,"highway":"trunk"}},{"type":"Feature","geometry":{"type":"Point","coordinates":[12.9412952,59.1413545]},"properties":{"id":"666522431","road":"E 45","name":"Inlandsvägen","highway":"trunk"}},{"type":"Feature","geometry":{"type":"Point","coordinates":[14.7992444,66.1196925]},"properties":{"id":"671155808","road":"E 12","name":"Blå vägen","highway":"trunk"}},{"type":"Feature","geometry":{"type":"Point","coordinates":[17.2651242,62.0433928]},"properties":{"id":"675467449","road":"E 4","name":null,"highway":"trunk"}},{"type":"Feature","geometry":{"type":"Point","coordinates":[12.5953553,62.5198114]},"properties":{"id":"675544134","road":"84","name":null,"highway":"primary"}},{"type":"Feature","geometry":{"type":"Point","coordinates":[13.1290282,62.4509029]},"properties":{"id":"675551658","road":"84","name":null,"highway":"primary"}},{"type":"Feature","geometry":{"type":"Point","coordinates":[14.1415339,60.7537164]},"properties":{"id":"682152295","road":"26","name":"Vansbrovägen","highway":"primary"}},{"type":"Feature","geometry":{"type":"Point","coordinates":[13.9568278,60.8218387]},"properties":{"id":"682163924","road":"E 45","name":"Inlandsvägen","highway":"trunk"}},{"type":"Feature","geometry":{"type":"Point","coordinates":[13.1012097,59.3315823]},"properties":{"id":"684029363","road":"E 18","name":"Inlandsvägen","highway":"trunk"}},{"type":"Feature","geometry":{"type":"Point","coordinates":[13.0981693,55.6522588]},"properties":{"id":"684542444","road":"E 6","name":null,"highway":"motorway"}},{"type":"Feature","geometry":{"type":"Point","coordinates":[13.0986901,55.6510768]},"properties":{"id":"684542450","road":"E 6","name":null,"highway":"motorway"}},{"type":"Feature","geometry":{"type":"Point","coordinates":[20.237643,67.8663597]},"properties":{"id":"686475886","road":"E 10","name":null,"highway":"trunk"}},{"type":"Feature","geometry":{"type":"Point","coordinates":[20.2472465,67.8638287]},"properties":{"id":"686475888","road":"E 10","name":null,"highway":"trunk"}},{"type":"Feature","geometry":{"type":"Point","coordinates":[17.99689,59.3333697]},"properties":{"id":"688039065","road":"275","name":"Tranebergsbron","highway":"primary"}},{"type":"Feature","geometry":{"type":"Point","coordinates":[18.0110014,59.3388444]},"properties":{"id":"688039068","road":"E 4","name":"Karlbergsbron","highway":"motorway"}},{"type":"Feature","geometry":{"type":"Point","coordinates":[13.2784929,58.4857961]},"properties":{"id":"688134907","road":"44","name":null,"highway":"primary"}},{"type":"Feature","geometry":{"type":"Point","coordinates":[11.9635622,57.5625567]},"properties":{"id":"691177809","road":"158","name":"Säröleden","highway":"primary"}},{"type":"Feature","geometry":{"type":"Point","coordinates":[13.9972215,57.8610348]},"properties":{"id":"697237896","road":"26","name":null,"highway":"trunk"}},{"type":"Feature","geometry":{"type":"Point","coordinates":[15.5882287,56.5760042]},"properties":{"id":"701284397","road":"28","name":null,"highway":"primary"}},{"type":"Feature","geometry":{"type":"Point","coordinates":[12.9026993,59.6664363]},"properties":{"id":"702191016","road":"61","name":null,"highway":"primary"}},{"type":"Feature","geometry":{"type":"Point","coordinates":[13.2025189,59.4419939]},"properties":{"id":"707286381","road":"E 45","name":"Inlandsvägen","highway":"trunk"}},{"type":"Feature","geometry":{"type":"Point","coordinates":[13.8653036,58.34743]},"properties":{"id":"723560332","road":"26","name":null,"highway":"trunk"}},{"type":"Feature","geometry":{"type":"Point","coordinates":[12.4245447,58.2202794]},"properties":{"id":"727734969","road":"42","name":null,"highway":"primary"}},{"type":"Feature","geometry":{"type":"Point","coordinates":[15.2703718,56.7484548]},"properties":{"id":"730456611","road":"25","name":"Storgatan","highway":"trunk"}},{"type":"Feature","geometry":{"type":"Point","coordinates":[16.2071292,64.1201447]},"properties":{"id":"733266556","road":"E 45","name":"Doroteavägen","highway":"trunk"}},{"type":"Feature","geometry":{"type":"Point","coordinates":[18.1096176,59.4885572]},"properties":{"id":"734235312","road":"264","name":"Arningevägen","highway":"primary"}},{"type":"Feature","geometry":{"type":"Point","coordinates":[20.0733097,66.0627088]},"properties":{"id":"738933451","road":"E 45","name":"Inlandsvägen","highway":"trunk"}},{"type":"Feature","geometry":{"type":"Point","coordinates":[14.3057417,60.5448693]},"properties":{"id":"739672911","road":"E 16","name":null,"highway":"trunk"}},{"type":"Feature","geometry":{"type":"Point","coordinates":[15.027813,65.935379]},"properties":{"id":"740503987","road":"E 12","name":"Blå vägen","highway":"trunk"}},{"type":"Feature","geometry":{"type":"Point","coordinates":[15.0322734,65.9435249]},"properties":{"id":"740503991","road":"E 12","name":"Blå vägen","highway":"trunk"}},{"type":"Feature","geometry":{"type":"Point","coordinates":[20.2680018,67.861408]},"properties":{"id":"740793931","road":"E 10","name":null,"highway":"trunk"}},{"type":"Feature","geometry":{"type":"Point","coordinates":[20.2738771,67.8599124]},"properties":{"id":"740793936","road":"E 10","name":null,"highway":"trunk"}},{"type":"Feature","geometry":{"type":"Point","coordinates":[13.1404318,57.6086278]},"properties":{"id":"741227968","road":"27","name":null,"highway":"primary"}},{"type":"Feature","geometry":{"type":"Point","coordinates":[14.9788035,63.3972249]},"properties":{"id":"749838880","road":"E 45","name":"Inlandsvägen","highway":"trunk"}},{"type":"Feature","geometry":{"type":"Point","coordinates":[16.3834626,56.9539018]},"properties":{"id":"755586408","road":"34","name":"Alsteråvägen","highway":"primary"}},{"type":"Feature","geometry":{"type":"Point","coordinates":[18.0099693,59.3424792]},"properties":{"id":"758576740","road":"E 4","name":"Karlbergsbron","highway":"motorway"}},{"type":"Feature","geometry":{"type":"Point","coordinates":[21.6383236,67.6665682]},"properties":{"id":"759534517","road":"395","name":null,"highway":"primary"}},{"type":"Feature","geometry":{"type":"Point","coordinates":[21.6726056,67.6673336]},"properties":{"id":"759534519","road":"395","name":null,"highway":"primary"}},{"type":"Feature","geometry":{"type":"Point","coordinates":[14.8484498,62.2194873]},"properties":{"id":"764204035","road":"E 45","name":null,"highway":"trunk"}},{"type":"Feature","geometry":{"type":"Point","coordinates":[15.3158784,59.0643442]},"properties":{"id":"768248027","road":"51","name":null,"highway":"primary"}},{"type":"Feature","geometry":{"type":"Point","coordinates":[14.9715361,56.525383]},"properties":{"id":"771596485","road":"27","name":null,"highway":"primary"}},{"type":"Feature","geometry":{"type":"Point","coordinates":[18.5901338,59.903077]},"properties":{"id":"772215717","road":"76","name":"Sonövägen","highway":"primary"}},{"type":"Feature","geometry":{"type":"Point","coordinates":[12.9021415,59.132715]},"properties":{"id":"774609763","road":"E 45","name":"Inlandsvägen","highway":"trunk"}},{"type":"Feature","geometry":{"type":"Point","coordinates":[17.3223817,64.0858006]},"properties":{"id":"776349113","road":"90","name":null,"highway":"primary"}},{"type":"Feature","geometry":{"type":"Point","coordinates":[18.2486964,65.1733564]},"properties":{"id":"792269061","road":"363","name":null,"highway":"primary"}},{"type":"Feature","geometry":{"type":"Point","coordinates":[18.7820203,65.161404]},"properties":{"id":"793077711","road":"370","name":null,"highway":"primary"}},{"type":"Feature","geometry":{"type":"Point","coordinates":[13.3375443,56.2813183]},"properties":{"id":"797704399","road":"E 4","name":null,"highway":"motorway"}},{"type":"Feature","geometry":{"type":"Point","coordinates":[13.7640514,56.6164515]},"properties":{"id":"798460368","road":"E 4","name":null,"highway":"motorway"}},{"type":"Feature","geometry":{"type":"Point","coordinates":[17.087162,58.7933436]},"properties":{"id":"802194829","road":"E 4","name":null,"highway":"motorway"}},{"type":"Feature","geometry":{"type":"Point","coordinates":[18.0128383,59.3067309]},"properties":{"id":"803873923","road":"E 4","name":"Essingeleden","highway":"motorway"}},{"type":"Feature","geometry":{"type":"Point","coordinates":[18.0423842,59.3838772]},"properties":{"id":"804598821","road":"E 18","name":null,"highway":"motorway"}},{"type":"Feature","geometry":{"type":"Point","coordinates":[17.851169,64.1557123]},"properties":{"id":"806790031","road":"92","name":null,"highway":"primary"}},{"type":"Feature","geometry":{"type":"Point","coordinates":[14.121592,62.1249186]},"properties":{"id":"806876696","road":"84","name":null,"highway":"primary"}},{"type":"Feature","geometry":{"type":"Point","coordinates":[13.0287117,57.6687863]},"properties":{"id":"810274734","road":"27","name":null,"highway":"primary"}},{"type":"Feature","geometry":{"type":"Point","coordinates":[12.8370619,57.5708835]},"properties":{"id":"810858429","road":"41","name":null,"highway":"primary"}},{"type":"Feature","geometry":{"type":"Point","coordinates":[12.9455214,55.5550902]},"properties":{"id":"820450156","road":"E 20","name":"Yttre Ringvägen","highway":"motorway"}},{"type":"Feature","geometry":{"type":"Point","coordinates":[14.587297,59.3235382]},"properties":{"id":"822659557","road":"E 18","name":"Örebrovägen","highway":"trunk"}},{"type":"Feature","geometry":{"type":"Point","coordinates":[15.1014247,59.2419551]},"properties":{"id":"822910041","road":"E 18","name":null,"highway":"motorway"}},{"type":"Feature","geometry":{"type":"Point","coordinates":[14.5286636,56.2586233]},"properties":{"id":"824453120","road":"15","name":"Pukaviksvägen","highway":"primary"}},{"type":"Feature","geometry":{"type":"Point","coordinates":[13.328071,58.5097947]},"properties":{"id":"832042233","road":"44","name":null,"highway":"primary"}},{"type":"Feature","geometry":{"type":"Point","coordinates":[16.8770236,61.7397467]},"properties":{"id":"832386357","road":"84","name":null,"highway":"primary"}},{"type":"Feature","geometry":{"type":"Point","coordinates":[20.0512088,63.9916465]},"properties":{"id":"835437411","road":"363","name":null,"highway":"primary"}},{"type":"Feature","geometry":{"type":"Point","coordinates":[20.0389724,63.9936922]},"properties":{"id":"835437413","road":"363","name":null,"highway":"primary"}},{"type":"Feature","geometry":{"type":"Point","coordinates":[17.3637655,64.1655818]},"properties":{"id":"842797471","road":"92","name":null,"highway":"primary"}},{"type":"Feature","geometry":{"type":"Point","coordinates":[17.3734744,64.1497282]},"properties":{"id":"842801859","road":"90","name":"Norrstrandsvägen","highway":"primary"}},{"type":"Feature","geometry":{"type":"Point","coordinates":[13.4178283,60.4985939]},"properties":{"id":"842839660","road":"E 45","name":"Inlandsvägen","highway":"trunk"}},{"type":"Feature","geometry":{"type":"Point","coordinates":[19.9957956,66.0351533]},"properties":{"id":"843226431","road":"E 45","name":null,"highway":"trunk"}},{"type":"Feature","geometry":{"type":"Point","coordinates":[15.5981779,65.5362879]},"properties":{"id":"844079383","road":"E 12","name":"Blå vägen","highway":"trunk"}},{"type":"Feature","geometry":{"type":"Point","coordinates":[18.9296327,59.7192832]},"properties":{"id":"844807610","road":"E 18","name":null,"highway":"trunk"}},{"type":"Feature","geometry":{"type":"Point","coordinates":[17.2953218,65.168186]},"properties":{"id":"846420321","road":"E 45","name":"Inlandsvägen","highway":"trunk"}},{"type":"Feature","geometry":{"type":"Point","coordinates":[16.5280729,64.2489599]},"properties":{"id":"848775682","road":"92","name":null,"highway":"primary"}},{"type":"Feature","geometry":{"type":"Point","coordinates":[21.0906533,67.3685432]},"properties":{"id":"851396861","road":"E 10","name":"Storvägen","highway":"trunk"}},{"type":"Feature","geometry":{"type":"Point","coordinates":[16.5922062,62.4191183]},"properties":{"id":"851558239","road":"E 14","name":"Stödevägen","highway":"trunk"}},{"type":"Feature","geometry":{"type":"Point","coordinates":[21.1522758,64.7137747]},"properties":{"id":"852696587","road":"372","name":"Järnvägsleden","highway":"primary"}},{"type":"Feature","geometry":{"type":"Point","coordinates":[17.571909,62.5425113]},"properties":{"id":"856111490","road":"E 4","name":null,"highway":"trunk"}},{"type":"Feature","geometry":{"type":"Point","coordinates":[17.6718308,62.9946618]},"properties":{"id":"859227047","road":"90","name":"Ådalsvägen","highway":"primary"}},{"type":"Feature","geometry":{"type":"Point","coordinates":[12.641974,58.3479532]},"properties":{"id":"868021842","road":"44","name":null,"highway":"primary"}},{"type":"Feature","geometry":{"type":"Point","coordinates":[17.214193,65.0583677]},"properties":{"id":"870658075","road":"E 12","name":"Blå vägen","highway":"trunk"}},{"type":"Feature","geometry":{"type":"Point","coordinates":[13.6698556,55.8023302]},"properties":{"id":"871999151","road":"13","name":null,"highway":"primary"}},{"type":"Feature","geometry":{"type":"Point","coordinates":[15.7545491,57.8075977]},"properties":{"id":"877786119","road":"23","name":null,"highway":"primary"}},{"type":"Feature","geometry":{"type":"Point","coordinates":[16.3168675,61.5767748]},"properties":{"id":"879800601","road":"83","name":null,"highway":"primary"}},{"type":"Feature","geometry":{"type":"Point","coordinates":[16.1607411,61.753383]},"properties":{"id":"879812557","road":"83","name":"Järvsövägen","highway":"primary"}},{"type":"Feature","geometry":{"type":"Point","coordinates":[18.0136558,64.8307952]},"properties":{"id":"888350674","road":"E 12","name":"Blå vägen","highway":"trunk"}},{"type":"Feature","geometry":{"type":"Point","coordinates":[16.6842189,64.3545714]},"properties":{"id":"903382251","road":"E 45","name":null,"highway":"trunk"}},{"type":"Feature","geometry":{"type":"Point","coordinates":[15.065985,65.9844607]},"properties":{"id":"904184090","road":"E 12","name":"Blå vägen","highway":"trunk"}},{"type":"Feature","geometry":{"type":"Point","coordinates":[15.08577,66.0232144]},"properties":{"id":"904184092","road":"E 12","name":"Blå vägen","highway":"trunk"}},{"type":"Feature","geometry":{"type":"Point","coordinates":[14.8488807,66.0998356]},"properties":{"id":"904184094","road":"E 12","name":"Blå vägen","highway":"trunk"}},{"type":"Feature","geometry":{"type":"Point","coordinates":[15.5329019,65.6021498]},"properties":{"id":"904297247","road":"E 12","name":"Blå vägen","highway":"trunk"}},{"type":"Feature","geometry":{"type":"Point","coordinates":[16.2734409,65.4295994]},"properties":{"id":"904465381","road":"E 12","name":"Blå vägen","highway":"trunk"}},{"type":"Feature","geometry":{"type":"Point","coordinates":[15.9519511,65.4855867]},"properties":{"id":"904465391","road":"E 12","name":"Blå vägen","highway":"trunk"}},{"type":"Feature","geometry":{"type":"Point","coordinates":[15.7795191,65.4979115]},"properties":{"id":"904465394","road":"E 12","name":"Blå vägen","highway":"trunk"}},{"type":"Feature","geometry":{"type":"Point","coordinates":[17.1171916,64.9766804]},"properties":{"id":"905306008","road":"E 45","name":"Skarvsjöby","highway":"trunk"}},{"type":"Feature","geometry":{"type":"Point","coordinates":[17.5741532,65.1855566]},"properties":{"id":"905530037","road":"E 45","name":"Inlandsvägen","highway":"trunk"}},{"type":"Feature","geometry":{"type":"Point","coordinates":[17.4613131,65.1848289]},"properties":{"id":"905530041","road":"E 45","name":"Inlandsvägen","highway":"trunk"}},{"type":"Feature","geometry":{"type":"Point","coordinates":[17.4604859,65.042305]},"properties":{"id":"906060738","road":"E 12","name":"Blå vägen","highway":"trunk"}},{"type":"Feature","geometry":{"type":"Point","coordinates":[14.3810873,60.8949923]},"properties":{"id":"906784246","road":"E 45","name":"Inlandsvägen","highway":"trunk"}},{"type":"Feature","geometry":{"type":"Point","coordinates":[16.9190187,64.8232353]},"properties":{"id":"907086132","road":"E 45","name":"Inlandsvägen","highway":"trunk"}},{"type":"Feature","geometry":{"type":"Point","coordinates":[17.0394506,64.3394434]},"properties":{"id":"907261383","road":"90","name":null,"highway":"primary"}},{"type":"Feature","geometry":{"type":"Point","coordinates":[18.2097293,59.3154749]},"properties":{"id":"907631960","road":"222","name":"Värmdöleden","highway":"motorway"}},{"type":"Feature","geometry":{"type":"Point","coordinates":[18.2249364,64.7246302]},"properties":{"id":"910748475","road":"E 12","name":"Blå vägen","highway":"trunk"}},{"type":"Feature","geometry":{"type":"Point","coordinates":[18.6846666,64.5901006]},"properties":{"id":"910918133","road":"E 12","name":"Blå vägen","highway":"trunk"}},{"type":"Feature","geometry":{"type":"Point","coordinates":[18.5431669,64.9841892]},"properties":{"id":"911114953","road":"363","name":null,"highway":"primary"}},{"type":"Feature","geometry":{"type":"Point","coordinates":[19.0400897,64.7679074]},"properties":{"id":"911149073","road":"363","name":null,"highway":"primary"}},{"type":"Feature","geometry":{"type":"Point","coordinates":[19.2599776,64.6715978]},"properties":{"id":"911149076","road":"363","name":null,"highway":"primary"}},{"type":"Feature","geometry":{"type":"Point","coordinates":[18.7538508,64.8152618]},"properties":{"id":"911183920","road":"365","name":null,"highway":"primary"}},{"type":"Feature","geometry":{"type":"Point","coordinates":[18.7264613,64.772948]},"properties":{"id":"911183921","road":"365","name":null,"highway":"primary"}},{"type":"Feature","geometry":{"type":"Point","coordinates":[18.9268901,64.80993]},"properties":{"id":"911201950","road":"363","name":null,"highway":"primary"}},{"type":"Feature","geometry":{"type":"Point","coordinates":[18.7332034,64.878468]},"properties":{"id":"911201959","road":"363","name":null,"highway":"primary"}},{"type":"Feature","geometry":{"type":"Point","coordinates":[18.1054167,64.4366277]},"properties":{"id":"911249264","road":"365","name":null,"highway":"primary"}},{"type":"Feature","geometry":{"type":"Point","coordinates":[17.9718034,64.3731302]},"properties":{"id":"911249269","road":"365","name":null,"highway":"primary"}},{"type":"Feature","geometry":{"type":"Point","coordinates":[18.5963273,64.5666401]},"properties":{"id":"911257201","road":"365","name":null,"highway":"primary"}},{"type":"Feature","geometry":{"type":"Point","coordinates":[18.517978,64.5569865]},"properties":{"id":"911257203","road":"365","name":null,"highway":"primary"}},{"type":"Feature","geometry":{"type":"Point","coordinates":[18.4454498,64.5257271]},"properties":{"id":"911257205","road":"365","name":null,"highway":"primary"}},{"type":"Feature","geometry":{"type":"Point","coordinates":[18.3440663,64.5111562]},"properties":{"id":"911257211","road":"365","name":null,"highway":"primary"}},{"type":"Feature","geometry":{"type":"Point","coordinates":[18.2516814,64.4817629]},"properties":{"id":"911257215","road":"365","name":null,"highway":"primary"}},{"type":"Feature","geometry":{"type":"Point","coordinates":[18.18195,64.4710553]},"properties":{"id":"911257217","road":"365","name":null,"highway":"primary"}},{"type":"Feature","geometry":{"type":"Point","coordinates":[23.9193714,66.8148719]},"properties":{"id":"915067321","road":"99","name":null,"highway":"primary"}},{"type":"Feature","geometry":{"type":"Point","coordinates":[23.7857596,66.5473471]},"properties":{"id":"916146046","road":"99","name":"Stora vägen","highway":"primary"}},{"type":"Feature","geometry":{"type":"Point","coordinates":[23.7284595,66.5096713]},"properties":{"id":"916304888","road":"99","name":null,"highway":"primary"}},{"type":"Feature","geometry":{"type":"Point","coordinates":[23.6227287,66.4029596]},"properties":{"id":"917581826","road":"99","name":null,"highway":"primary"}},{"type":"Feature","geometry":{"type":"Point","coordinates":[23.6275097,66.4194361]},"properties":{"id":"917581830","road":"99","name":null,"highway":"primary"}},{"type":"Feature","geometry":{"type":"Point","coordinates":[16.1284744,56.6876941]},"properties":{"id":"921805777","road":"25","name":null,"highway":"trunk"}},{"type":"Feature","geometry":{"type":"Point","coordinates":[16.0923575,56.7050756]},"properties":{"id":"921805790","road":"25","name":null,"highway":"trunk"}},{"type":"Feature","geometry":{"type":"Point","coordinates":[23.4761079,66.4057136]},"properties":{"id":"922748455","road":"98","name":null,"highway":"primary"}},{"type":"Feature","geometry":{"type":"Point","coordinates":[13.8950311,55.9482333]},"properties":{"id":"927746146","road":"E 22","name":"Malmövägen","highway":"motorway"}},{"type":"Feature","geometry":{"type":"Point","coordinates":[13.9123516,55.9516099]},"properties":{"id":"927746148","road":"E 22","name":"Malmövägen","highway":"motorway"}},{"type":"Feature","geometry":{"type":"Point","coordinates":[12.6083571,56.8836776]},"properties":{"id":"933028170","road":"E 6","name":null,"highway":"motorway"}},{"type":"Feature","geometry":{"type":"Point","coordinates":[14.2348612,60.4211967]},"properties":{"id":"933797910","road":"26","name":null,"highway":"primary"}},{"type":"Feature","geometry":{"type":"Point","coordinates":[16.3200437,60.0887852]},"properties":{"id":"939801421","road":"70","name":null,"highway":"trunk"}},{"type":"Feature","geometry":{"type":"Point","coordinates":[17.0007412,58.7407195]},"properties":{"id":"943496910","road":"53","name":"Oxelösundsvägen","highway":"primary"}},{"type":"Feature","geometry":{"type":"Point","coordinates":[17.5570723,62.5388908]},"properties":{"id":"945258679","road":"E 4","name":null,"highway":"trunk"}},{"type":"Feature","geometry":{"type":"Point","coordinates":[20.3729512,64.8970778]},"properties":{"id":"946125874","road":"95","name":null,"highway":"primary"}},{"type":"Feature","geometry":{"type":"Point","coordinates":[14.2667395,60.8478074]},"properties":{"id":"951423327","road":"E 45","name":"Inlandsvägen","highway":"trunk"}},{"type":"Feature","geometry":{"type":"Point","coordinates":[18.2243637,59.3138106]},"properties":{"id":"953170053","road":"222","name":"Skurubron","highway":"motorway"}},{"type":"Feature","geometry":{"type":"Point","coordinates":[16.579544,60.5983091]},"properties":{"id":"954694151","road":"E 16","name":null,"highway":"trunk"}},{"type":"Feature","geometry":{"type":"Point","coordinates":[16.6121733,60.6097408]},"properties":{"id":"954694170","road":"E 16","name":null,"highway":"trunk"}},{"type":"Feature","geometry":{"type":"Point","coordinates":[16.5367604,60.5780426]},"properties":{"id":"954724977","road":"E 16","name":null,"highway":"trunk"}},{"type":"Feature","geometry":{"type":"Point","coordinates":[17.9112918,58.9777157]},"properties":{"id":"958436571","road":"225","name":null,"highway":"primary"}},{"type":"Feature","geometry":{"type":"Point","coordinates":[15.744657,60.5926721]},"properties":{"id":"958794493","road":"E 16","name":"Korsnäsvägen","highway":"trunk"}},{"type":"Feature","geometry":{"type":"Point","coordinates":[13.5163376,59.8195726]},"properties":{"id":"962921405","road":"62","name":"Klarälvsvägen","highway":"primary"}},{"type":"Feature","geometry":{"type":"Point","coordinates":[16.3097354,58.4888173]},"properties":{"id":"968526456","road":"E 22","name":null,"highway":"trunk"}},{"type":"Feature","geometry":{"type":"Point","coordinates":[15.6616145,60.3839057]},"properties":{"id":"968886099","road":"70","name":null,"highway":"trunk"}},{"type":"Feature","geometry":{"type":"Point","coordinates":[12.3202098,57.2381377]},"properties":{"id":"968940508","road":"41","name":null,"highway":"primary"}},{"type":"Feature","geometry":{"type":"Point","coordinates":[16.0146202,60.2596716]},"properties":{"id":"969522415","road":"70","name":null,"highway":"trunk"}},{"type":"Feature","geometry":{"type":"Point","coordinates":[16.2031326,60.152523]},"properties":{"id":"969579669","road":"70","name":null,"highway":"trunk"}},{"type":"Feature","geometry":{"type":"Point","coordinates":[13.4112311,58.5115076]},"properties":{"id":"969935628","road":"44","name":null,"highway":"primary"}},{"type":"Feature","geometry":{"type":"Point","coordinates":[17.8989013,64.3524484]},"properties":{"id":"970651764","road":"365","name":null,"highway":"primary"}},{"type":"Feature","geometry":{"type":"Point","coordinates":[15.9084376,59.479557]},"properties":{"id":"972656135","road":"E 18","name":null,"highway":"motorway"}},{"type":"Feature","geometry":{"type":"Point","coordinates":[15.9197406,59.492025]},"properties":{"id":"972656139","road":"E 18","name":null,"highway":"motorway"}},{"type":"Feature","geometry":{"type":"Point","coordinates":[15.9260563,59.4959889]},"properties":{"id":"972656141","road":"E 18","name":null,"highway":"motorway"}},{"type":"Feature","geometry":{"type":"Point","coordinates":[15.8982145,59.4612343]},"properties":{"id":"972656157","road":"E 18","name":null,"highway":"motorway"}},{"type":"Feature","geometry":{"type":"Point","coordinates":[20.2206276,63.8580755]},"properties":{"id":"973282853","road":"92","name":"Norra länken","highway":"trunk"}},{"type":"Feature","geometry":{"type":"Point","coordinates":[16.1820835,59.4161843]},"properties":{"id":"974296375","road":"E 20","name":null,"highway":"trunk"}},{"type":"Feature","geometry":{"type":"Point","coordinates":[16.2674881,59.4044188]},"properties":{"id":"974296537","road":"E 20","name":null,"highway":"trunk"}},{"type":"Feature","geometry":{"type":"Point","coordinates":[16.2514226,59.4059584]},"properties":{"id":"974296574","road":"E 20","name":null,"highway":"trunk"}},{"type":"Feature","geometry":{"type":"Point","coordinates":[16.1377719,59.4131816]},"properties":{"id":"974296585","road":"E 20","name":null,"highway":"trunk"}},{"type":"Feature","geometry":{"type":"Point","coordinates":[16.0802189,59.4231671]},"properties":{"id":"974296616","road":"250","name":"Kungsgatan","highway":"primary"}},{"type":"Feature","geometry":{"type":"Point","coordinates":[17.1025612,65.0782258]},"properties":{"id":"974374782","road":"E 45","name":"Inlandsvägen","highway":"trunk"}},{"type":"Feature","geometry":{"type":"Point","coordinates":[15.8125722,59.6276751]},"properties":{"id":"974925306","road":"250","name":null,"highway":"primary"}},{"type":"Feature","geometry":{"type":"Point","coordinates":[17.1227223,62.5551567]},"properties":{"id":"974966740","road":"86","name":"Kävstabron","highway":"primary"}},{"type":"Feature","geometry":{"type":"Point","coordinates":[15.8614312,59.5871771]},"properties":{"id":"975166532","road":"250","name":"Bergslagsvägen","highway":"primary"}},{"type":"Feature","geometry":{"type":"Point","coordinates":[15.9149813,59.5500292]},"properties":{"id":"976015893","road":"250","name":null,"highway":"primary"}},{"type":"Feature","geometry":{"type":"Point","coordinates":[15.9519544,59.536454]},"properties":{"id":"976015906","road":"250","name":null,"highway":"primary"}},{"type":"Feature","geometry":{"type":"Point","coordinates":[15.9333565,59.542992]},"properties":{"id":"976016010","road":"250","name":null,"highway":"primary"}},{"type":"Feature","geometry":{"type":"Point","coordinates":[15.9898159,59.4769755]},"properties":{"id":"976092451","road":"250","name":null,"highway":"trunk"}},{"type":"Feature","geometry":{"type":"Point","coordinates":[15.9546092,59.5155905]},"properties":{"id":"976671282","road":"E 18","name":null,"highway":"motorway"}},{"type":"Feature","geometry":{"type":"Point","coordinates":[17.1025378,60.6673121]},"properties":{"id":"977924246","road":"E 4","name":null,"highway":"motorway"}},{"type":"Feature","geometry":{"type":"Point","coordinates":[12.3070613,58.3165221]},"properties":{"id":"978403901","road":"E 45","name":null,"highway":"trunk"}},{"type":"Feature","geometry":{"type":"Point","coordinates":[17.1876062,62.3905853]},"properties":{"id":"980853784","road":"E 14","name":null,"highway":"trunk"}},{"type":"Feature","geometry":{"type":"Point","coordinates":[14.0989518,59.3301672]},"properties":{"id":"981507448","road":"E 18","name":null,"highway":"trunk"}},{"type":"Feature","geometry":{"type":"Point","coordinates":[13.5462044,60.5622427]},"properties":{"id":"982157465","road":"E 45","name":"Inlandsvägen","highway":"trunk"}},{"type":"Feature","geometry":{"type":"Point","coordinates":[14.450582,62.5064252]},"properties":{"id":"983865095","road":"E 45","name":"Inlandsvägen","highway":"trunk"}},{"type":"Feature","geometry":{"type":"Point","coordinates":[15.7325729,62.5387475]},"properties":{"id":"984261604","road":"83","name":"Norra Borgsjövägen","highway":"primary"}},{"type":"Feature","geometry":{"type":"Point","coordinates":[20.24305,63.8128547]},"properties":{"id":"984753612","road":"E 12","name":null,"highway":"trunk"}},{"type":"Feature","geometry":{"type":"Point","coordinates":[15.5363298,59.7736838]},"properties":{"id":"986287519","road":"68","name":null,"highway":"primary"}},{"type":"Feature","geometry":{"type":"Point","coordinates":[17.1535506,66.302495]},"properties":{"id":"986584540","road":"95","name":null,"highway":"primary"}},{"type":"Feature","geometry":{"type":"Point","coordinates":[17.4450138,66.1156553]},"properties":{"id":"986584553","road":"95","name":null,"highway":"primary"}},{"type":"Feature","geometry":{"type":"Point","coordinates":[17.6148059,66.0701028]},"properties":{"id":"986584557","road":"95","name":null,"highway":"primary"}},{"type":"Feature","geometry":{"type":"Point","coordinates":[22.0278434,65.5905246]},"properties":{"id":"987339047","road":"E 4","name":"Gäddviksbron","highway":"trunk"}},{"type":"Feature","geometry":{"type":"Point","coordinates":[23.1294953,65.8523086]},"properties":{"id":"987418017","road":"E 4","name":null,"highway":"trunk"}},{"type":"Feature","geometry":{"type":"Point","coordinates":[16.891376,63.0778759]},"properties":{"id":"987432638","road":"87","name":null,"highway":"primary"}},{"type":"Feature","geometry":{"type":"Point","coordinates":[21.5947122,65.5974202]},"properties":{"id":"987800029","road":"94","name":"Älvsbyvägen","highway":"primary"}},{"type":"Feature","geometry":{"type":"Point","coordinates":[21.9965149,65.582997]},"properties":{"id":"987912311","road":"E 4","name":null,"highway":"trunk"}},{"type":"Feature","geometry":{"type":"Point","coordinates":[21.7332084,65.5751583]},"properties":{"id":"988251699","road":"94","name":"Älvsbyvägen","highway":"primary"}},{"type":"Feature","geometry":{"type":"Point","coordinates":[16.2388987,59.719147]},"properties":{"id":"989680218","road":"66","name":"Industrileden","highway":"primary"}},{"type":"Feature","geometry":{"type":"Point","coordinates":[16.2460621,59.7083106]},"properties":{"id":"989680221","road":"66","name":"Industrileden","highway":"primary"}},{"type":"Feature","geometry":{"type":"Point","coordinates":[16.267259,59.6843547]},"properties":{"id":"989680291","road":"66","name":"Industrileden","highway":"primary"}},{"type":"Feature","geometry":{"type":"Point","coordinates":[13.3779001,63.3254113]},"properties":{"id":"990973148","road":"E 14","name":null,"highway":"trunk"}},{"type":"Feature","geometry":{"type":"Point","coordinates":[15.7852597,60.017697]},"properties":{"id":"991664083","road":"68","name":null,"highway":"primary"}},{"type":"Feature","geometry":{"type":"Point","coordinates":[15.8023233,59.9990819]},"properties":{"id":"991664094","road":"68","name":null,"highway":"primary"}},{"type":"Feature","geometry":{"type":"Point","coordinates":[15.7923475,60.0011956]},"properties":{"id":"991664098","road":"68","name":null,"highway":"primary"}},{"type":"Feature","geometry":{"type":"Point","coordinates":[15.7889907,60.0041024]},"properties":{"id":"991664099","road":"68","name":null,"highway":"primary"}},{"type":"Feature","geometry":{"type":"Point","coordinates":[17.9795664,62.8414722]},"properties":{"id":"991707141","road":"E 4","name":null,"highway":"trunk"}},{"type":"Feature","geometry":{"type":"Point","coordinates":[18.0927775,62.8992468]},"properties":{"id":"991778057","road":"E 4","name":null,"highway":"trunk"}},{"type":"Feature","geometry":{"type":"Point","coordinates":[18.0853747,62.8839247]},"properties":{"id":"991853390","road":"E 4","name":null,"highway":"trunk"}},{"type":"Feature","geometry":{"type":"Point","coordinates":[18.0405602,62.8693651]},"properties":{"id":"991876793","road":"E 4","name":null,"highway":"trunk"}},{"type":"Feature","geometry":{"type":"Point","coordinates":[15.8148314,59.9877709]},"properties":{"id":"991922316","road":"68","name":"Köpingsvägen","highway":"primary"}},{"type":"Feature","geometry":{"type":"Point","coordinates":[17.0954205,62.5743439]},"properties":{"id":"992143643","road":"86","name":null,"highway":"primary"}},{"type":"Feature","geometry":{"type":"Point","coordinates":[22.2001782,65.8102797]},"properties":{"id":"992679033","road":"E 4","name":null,"highway":"trunk"}},{"type":"Feature","geometry":{"type":"Point","coordinates":[15.8466282,59.9540042]},"properties":{"id":"992712118","road":"66","name":null,"highway":"primary"}},{"type":"Feature","geometry":{"type":"Point","coordinates":[15.8833179,61.1566315]},"properties":{"id":"993680661","road":"50","name":null,"highway":"primary"}},{"type":"Feature","geometry":{"type":"Point","coordinates":[15.8817511,61.160386]},"properties":{"id":"993680663","road":"50","name":null,"highway":"primary"}},{"type":"Feature","geometry":{"type":"Point","coordinates":[15.8829673,61.1686876]},"properties":{"id":"993680665","road":"50","name":null,"highway":"primary"}},{"type":"Feature","geometry":{"type":"Point","coordinates":[13.5831286,60.6030213]},"properties":{"id":"994046440","road":"E 45","name":"Inlandsvägen","highway":"trunk"}},{"type":"Feature","geometry":{"type":"Point","coordinates":[15.8146666,60.0373176]},"properties":{"id":"994889355","road":"68","name":null,"highway":"primary"}},{"type":"Feature","geometry":{"type":"Point","coordinates":[14.1998415,55.5193177]},"properties":{"id":"994938935","road":"9","name":"Simrishamnsvägen","highway":"primary"}},{"type":"Feature","geometry":{"type":"Point","coordinates":[14.1350677,57.7555387]},"properties":{"id":"995208959","road":"40","name":null,"highway":"trunk"}},{"type":"Feature","geometry":{"type":"Point","coordinates":[15.9220029,60.0722995]},"properties":{"id":"996879314","road":"68","name":null,"highway":"primary"}},{"type":"Feature","geometry":{"type":"Point","coordinates":[21.8558442,65.6820397]},"properties":{"id":"997081214","road":"97","name":null,"highway":"primary"}},{"type":"Feature","geometry":{"type":"Point","coordinates":[15.6798127,58.1370358]},"properties":{"id":"997732964","road":"23","name":null,"highway":"primary"}},{"type":"Feature","geometry":{"type":"Point","coordinates":[19.4694434,65.8872573]},"properties":{"id":"998009962","road":"E 45","name":"Inlandsvägen","highway":"trunk"}},{"type":"Feature","geometry":{"type":"Point","coordinates":[18.656373,65.6072963]},"properties":{"id":"998214593","road":"E 45","name":"Inlandsvägen","highway":"trunk"}},{"type":"Feature","geometry":{"type":"Point","coordinates":[17.195762,62.3941538]},"properties":{"id":"998228570","road":"E 14","name":null,"highway":"trunk"}},{"type":"Feature","geometry":{"type":"Point","coordinates":[18.5923149,65.7457104]},"properties":{"id":"998326123","road":"95","name":null,"highway":"primary"}},{"type":"Feature","geometry":{"type":"Point","coordinates":[19.3692492,65.5785772]},"properties":{"id":"998565131","road":"94","name":null,"highway":"primary"}},{"type":"Feature","geometry":{"type":"Point","coordinates":[19.5349829,65.2476558]},"properties":{"id":"999268908","road":"365","name":null,"highway":"primary"}},{"type":"Feature","geometry":{"type":"Point","coordinates":[16.5250212,59.9259699]},"properties":{"id":"999535151","road":"70","name":null,"highway":"trunk"}},{"type":"Feature","geometry":{"type":"Point","coordinates":[16.502518,59.946617]},"properties":{"id":"999535152","road":"70","name":null,"highway":"trunk"}},{"type":"Feature","geometry":{"type":"Point","coordinates":[16.4909874,59.9517173]},"properties":{"id":"999535153","road":"70","name":null,"highway":"trunk"}},{"type":"Feature","geometry":{"type":"Point","coordinates":[16.4603061,59.9807816]},"properties":{"id":"1000538586","road":"70","name":null,"highway":"trunk"}},{"type":"Feature","geometry":{"type":"Point","coordinates":[16.7282471,59.9317677]},"properties":{"id":"1000538815","road":"56","name":null,"highway":"trunk"}},{"type":"Feature","geometry":{"type":"Point","coordinates":[16.7140519,59.9288106]},"properties":{"id":"1000538816","road":"56","name":null,"highway":"trunk"}},{"type":"Feature","geometry":{"type":"Point","coordinates":[20.294302,65.679466]},"properties":{"id":"1000752548","road":"94","name":null,"highway":"primary"}},{"type":"Feature","geometry":{"type":"Point","coordinates":[21.1609352,65.672619]},"properties":{"id":"1000905110","road":"94","name":"Älvsbyvägen","highway":"primary"}},{"type":"Feature","geometry":{"type":"Point","coordinates":[19.5697391,64.3174339]},"properties":{"id":"1001602756","road":"363","name":null,"highway":"primary"}},{"type":"Feature","geometry":{"type":"Point","coordinates":[19.4044535,64.9873835]},"properties":{"id":"1001842759","road":"370","name":null,"highway":"primary"}},{"type":"Feature","geometry":{"type":"Point","coordinates":[19.4074893,65.0270885]},"properties":{"id":"1001883868","road":"365","name":null,"highway":"primary"}},{"type":"Feature","geometry":{"type":"Point","coordinates":[15.7538156,60.5924227]},"properties":{"id":"1002052465","road":"E 16","name":null,"highway":"trunk"}},{"type":"Feature","geometry":{"type":"Point","coordinates":[15.7553092,60.5918023]},"properties":{"id":"1002052467","road":"E 16","name":null,"highway":"trunk"}},{"type":"Feature","geometry":{"type":"Point","coordinates":[15.7562239,60.5913069]},"properties":{"id":"1002052469","road":"E 16","name":null,"highway":"trunk"}},{"type":"Feature","geometry":{"type":"Point","coordinates":[13.6268921,60.6446014]},"properties":{"id":"1002184476","road":"E 45","name":"Inlandsvägen","highway":"trunk"}},{"type":"Feature","geometry":{"type":"Point","coordinates":[19.9557,66.5743008]},"properties":{"id":"1002472728","road":"97","name":null,"highway":"primary"}},{"type":"Feature","geometry":{"type":"Point","coordinates":[23.6821426,67.0471974]},"properties":{"id":"1002472747","road":"99","name":null,"highway":"primary"}},{"type":"Feature","geometry":{"type":"Point","coordinates":[19.863532,66.7660853]},"properties":{"id":"1002472758","road":"E 45","name":"Inlandsvägen","highway":"trunk"}},{"type":"Feature","geometry":{"type":"Point","coordinates":[16.5379524,59.8585513]},"properties":{"id":"1002793763","road":"56","name":null,"highway":"trunk"}},{"type":"Feature","geometry":{"type":"Point","coordinates":[13.1764451,56.3704923]},"properties":{"id":"1003399172","road":"24","name":null,"highway":"primary"}},{"type":"Feature","geometry":{"type":"Point","coordinates":[16.7178888,59.8328807]},"properties":{"id":"1003548485","road":"70","name":null,"highway":"trunk"}},{"type":"Feature","geometry":{"type":"Point","coordinates":[16.633573,59.8601884]},"properties":{"id":"1003548493","road":"70","name":null,"highway":"trunk"}},{"type":"Feature","geometry":{"type":"Point","coordinates":[14.1757194,64.4774913]},"properties":{"id":"1004704760","road":"342","name":null,"highway":"primary"}},{"type":"Feature","geometry":{"type":"Point","coordinates":[14.3141761,64.4324963]},"properties":{"id":"1004704772","road":"342","name":null,"highway":"primary"}},{"type":"Feature","geometry":{"type":"Point","coordinates":[14.940365,64.3424842]},"properties":{"id":"1004704779","road":"342","name":null,"highway":"primary"}},{"type":"Feature","geometry":{"type":"Point","coordinates":[14.5112007,64.3958022]},"properties":{"id":"1004704796","road":"342","name":null,"highway":"primary"}},{"type":"Feature","geometry":{"type":"Point","coordinates":[15.7211396,60.9113023]},"properties":{"id":"1004792418","road":"50","name":"Balungstrand","highway":"primary"}},{"type":"Feature","geometry":{"type":"Point","coordinates":[15.697847,60.9788037]},"properties":{"id":"1004792434","road":"50","name":null,"highway":"primary"}},{"type":"Feature","geometry":{"type":"Point","coordinates":[16.862598,63.4854556]},"properties":{"id":"1005242657","road":"90","name":null,"highway":"primary"}},{"type":"Feature","geometry":{"type":"Point","coordinates":[16.5759728,59.6971815]},"properties":{"id":"1005243503","road":"56","name":"Salavägen","highway":"trunk"}},{"type":"Feature","geometry":{"type":"Point","coordinates":[16.5759486,59.6953582]},"properties":{"id":"1005243504","road":"56","name":"Salavägen","highway":"trunk"}},{"type":"Feature","geometry":{"type":"Point","coordinates":[16.3526275,59.6633405]},"properties":{"id":"1006236964","road":"66","name":null,"highway":"primary"}},{"type":"Feature","geometry":{"type":"Point","coordinates":[12.6974427,58.3573583]},"properties":{"id":"1006792130","road":"47","name":null,"highway":"primary"}},{"type":"Feature","geometry":{"type":"Point","coordinates":[12.6901112,58.3576516]},"properties":{"id":"1006792139","road":"44","name":null,"highway":"primary"}},{"type":"Feature","geometry":{"type":"Point","coordinates":[15.1921968,56.2174802]},"properties":{"id":"1006854438","road":"E 22","name":null,"highway":"trunk"}},{"type":"Feature","geometry":{"type":"Point","coordinates":[13.0816785,58.3010814]},"properties":{"id":"1006863751","road":"E 20","name":null,"highway":"trunk"}},{"type":"Feature","geometry":{"type":"Point","coordinates":[16.3535095,59.5806216]},"properties":{"id":"1007114585","road":"56","name":null,"highway":"trunk"}},{"type":"Feature","geometry":{"type":"Point","coordinates":[17.0304387,62.3623051]},"properties":{"id":"1007229664","road":"E 14","name":null,"highway":"trunk"}},{"type":"Feature","geometry":{"type":"Point","coordinates":[17.0211347,62.3617127]},"properties":{"id":"1007229668","road":"E 14","name":null,"highway":"trunk"}},{"type":"Feature","geometry":{"type":"Point","coordinates":[16.9035286,62.3711855]},"properties":{"id":"1007229673","road":"E 14","name":null,"highway":"trunk"}},{"type":"Feature","geometry":{"type":"Point","coordinates":[16.3161276,59.4585672]},"properties":{"id":"1007801702","road":"56","name":null,"highway":"trunk"}},{"type":"Feature","geometry":{"type":"Point","coordinates":[13.8762888,58.2076797]},"properties":{"id":"1008032532","road":"26","name":null,"highway":"trunk"}},{"type":"Feature","geometry":{"type":"Point","coordinates":[15.0527724,56.2084766]},"properties":{"id":"1008744327","road":"E 22","name":null,"highway":"trunk"}},{"type":"Feature","geometry":{"type":"Point","coordinates":[14.6750491,56.167982]},"properties":{"id":"1008919461","road":"15","name":"Pukaviksvägen","highway":"primary"}},{"type":"Feature","geometry":{"type":"Point","coordinates":[14.6596292,56.1166068]},"properties":{"id":"1008984497","road":"E 22","name":null,"highway":"motorway"}},{"type":"Feature","geometry":{"type":"Point","coordinates":[16.44691,63.0926125]},"properties":{"id":"1009618016","road":"87","name":null,"highway":"primary"}},{"type":"Feature","geometry":{"type":"Point","coordinates":[15.4490828,64.2451841]},"properties":{"id":"1009722111","road":"342","name":null,"highway":"primary"}},{"type":"Feature","geometry":{"type":"Point","coordinates":[15.6827563,64.1434833]},"properties":{"id":"1009774016","road":"342","name":"Vildmarksvägen","highway":"primary"}},{"type":"Feature","geometry":{"type":"Point","coordinates":[16.4214789,59.592343]},"properties":{"id":"1010002554","road":"E 18","name":null,"highway":"motorway"}},{"type":"Feature","geometry":{"type":"Point","coordinates":[15.684363,63.1663374]},"properties":{"id":"1010228511","road":"87","name":null,"highway":"primary"}},{"type":"Feature","geometry":{"type":"Point","coordinates":[15.8093644,63.1681291]},"properties":{"id":"1010228533","road":"87","name":null,"highway":"primary"}},{"type":"Feature","geometry":{"type":"Point","coordinates":[15.8103921,63.1686425]},"properties":{"id":"1010228534","road":"87","name":null,"highway":"primary"}},{"type":"Feature","geometry":{"type":"Point","coordinates":[12.4308536,58.2016944]},"properties":{"id":"1010421388","road":"42","name":null,"highway":"primary"}},{"type":"Feature","geometry":{"type":"Point","coordinates":[11.2696224,58.9085488]},"properties":{"id":"1011021676","road":"E 6","name":null,"highway":"motorway"}},{"type":"Feature","geometry":{"type":"Point","coordinates":[16.2939006,63.1493181]},"properties":{"id":"1011089955","road":"87","name":null,"highway":"primary"}},{"type":"Feature","geometry":{"type":"Point","coordinates":[14.9984411,59.8323103]},"properties":{"id":"1011347126","road":"63","name":null,"highway":"primary"}},{"type":"Feature","geometry":{"type":"Point","coordinates":[15.0001192,59.8338004]},"properties":{"id":"1011441850","road":"63","name":null,"highway":"primary"}},{"type":"Feature","geometry":{"type":"Point","coordinates":[14.6978316,59.8067994]},"properties":{"id":"1011565517","road":"63","name":null,"highway":"primary"}},{"type":"Feature","geometry":{"type":"Point","coordinates":[16.5057936,59.6165527]},"properties":{"id":"1014337555","road":"E 18","name":null,"highway":"motorway"}},{"type":"Feature","geometry":{"type":"Point","coordinates":[16.0790642,56.4473661]},"properties":{"id":"1014631161","road":"E 22","name":null,"highway":"trunk"}},{"type":"Feature","geometry":{"type":"Point","coordinates":[17.5970443,64.2770646]},"properties":{"id":"1014982186","road":"365","name":null,"highway":"primary"}},{"type":"Feature","geometry":{"type":"Point","coordinates":[17.3368074,62.441634]},"properties":{"id":"1015090167","road":"E 4","name":null,"highway":"motorway"}},{"type":"Feature","geometry":{"type":"Point","coordinates":[12.865099,58.1465867]},"properties":{"id":"1015634373","road":"E 20","name":null,"highway":"trunk"}},{"type":"Feature","geometry":{"type":"Point","coordinates":[16.4836308,57.1264825]},"properties":{"id":"1017178752","road":"E 22","name":null,"highway":"trunk"}},{"type":"Feature","geometry":{"type":"Point","coordinates":[16.4427279,57.8326866]},"properties":{"id":"1017634702","road":"E 22","name":null,"highway":"trunk"}},{"type":"Feature","geometry":{"type":"Point","coordinates":[21.818515,65.7016488]},"properties":{"id":"1017969261","road":"97","name":null,"highway":"primary"}},{"type":"Feature","geometry":{"type":"Point","coordinates":[16.8307742,59.0792459]},"properties":{"id":"1017986957","road":"57","name":"Landsvägsgatan","highway":"primary"}},{"type":"Feature","geometry":{"type":"Point","coordinates":[16.5303935,59.6239754]},"properties":{"id":"1018551174","road":"E 18","name":null,"highway":"motorway"}},{"type":"Feature","geometry":{"type":"Point","coordinates":[15.3544298,63.599983]},"properties":{"id":"1019686339","road":"E 45","name":"Inlandsvägen","highway":"trunk"}},{"type":"Feature","geometry":{"type":"Point","coordinates":[16.005379,58.2013113]},"properties":{"id":"1020755941","road":"35","name":null,"highway":"primary"}},{"type":"Feature","geometry":{"type":"Point","coordinates":[11.9567259,57.7216078]},"properties":{"id":"1022919182","road":"E 6.21","name":"Lundbyleden","highway":"motorway"}},{"type":"Feature","geometry":{"type":"Point","coordinates":[11.8740331,57.7502741]},"properties":{"id":"1022940101","road":"E 6.20","name":"Hisingsleden","highway":"trunk"}},{"type":"Feature","geometry":{"type":"Point","coordinates":[11.998246,57.7239638]},"properties":{"id":"1023361688","road":"E 45","name":"Marieholmsleden","highway":"trunk"}},{"type":"Feature","geometry":{"type":"Point","coordinates":[12.0012199,57.7249965]},"properties":{"id":"1023361695","road":"E 45","name":"Partihallsförbindelsen","highway":"motorway"}},{"type":"Feature","geometry":{"type":"Point","coordinates":[12.0047157,57.7236944]},"properties":{"id":"1023361697","road":"E 6.21","name":"Partihallsförbindelsen","highway":"motorway"}},{"type":"Feature","geometry":{"type":"Point","coordinates":[11.9987789,57.6905387]},"properties":{"id":"1023578523","road":"40","name":null,"highway":"motorway"}},{"type":"Feature","geometry":{"type":"Point","coordinates":[16.6618999,59.620435]},"properties":{"id":"1025814496","road":"E 18","name":null,"highway":"motorway"}},{"type":"Feature","geometry":{"type":"Point","coordinates":[14.7660939,59.7928036]},"properties":{"id":"1026399274","road":"63","name":null,"highway":"primary"}},{"type":"Feature","geometry":{"type":"Point","coordinates":[17.9337137,58.9969346]},"properties":{"id":"1028510665","road":"73","name":"Nynäsvägen","highway":"motorway"}},{"type":"Feature","geometry":{"type":"Point","coordinates":[15.5734108,60.5513956]},"properties":{"id":"1030634777","road":"E 16","name":null,"highway":"trunk"}},{"type":"Feature","geometry":{"type":"Point","coordinates":[15.571401,60.5500524]},"properties":{"id":"1030634786","road":"E 16","name":null,"highway":"trunk"}},{"type":"Feature","geometry":{"type":"Point","coordinates":[15.1938175,59.6182538]},"properties":{"id":"1035285390","road":"68","name":null,"highway":"primary"}},{"type":"Feature","geometry":{"type":"Point","coordinates":[14.9168423,57.6390537]},"properties":{"id":"1035464699","road":"40","name":null,"highway":"trunk"}},{"type":"Feature","geometry":{"type":"Point","coordinates":[15.1416804,59.4430158]},"properties":{"id":"1038270268","road":"50","name":null,"highway":"trunk"}},{"type":"Feature","geometry":{"type":"Point","coordinates":[15.1777638,59.4227637]},"properties":{"id":"1038270311","road":"50","name":null,"highway":"trunk"}},{"type":"Feature","geometry":{"type":"Point","coordinates":[19.6839422,66.4290197]},"properties":{"id":"1038292309","road":"E 45","name":"Inlandsvägen","highway":"trunk"}},{"type":"Feature","geometry":{"type":"Point","coordinates":[15.5712637,59.3614604]},"properties":{"id":"1039990910","road":"E 18","name":null,"highway":"motorway"}},{"type":"Feature","geometry":{"type":"Point","coordinates":[15.5913785,59.3730233]},"properties":{"id":"1039991033","road":"E 18","name":null,"highway":"motorway"}},{"type":"Feature","geometry":{"type":"Point","coordinates":[15.4910746,59.3249823]},"properties":{"id":"1039991035","road":"E 18","name":null,"highway":"motorway"}},{"type":"Feature","geometry":{"type":"Point","coordinates":[15.5182932,59.3305658]},"properties":{"id":"1039991036","road":"E 18","name":null,"highway":"motorway"}},{"type":"Feature","geometry":{"type":"Point","coordinates":[15.5300117,59.3339431]},"properties":{"id":"1039991037","road":"E 18","name":null,"highway":"motorway"}},{"type":"Feature","geometry":{"type":"Point","coordinates":[20.1435103,63.8297679]},"properties":{"id":"1040344702","road":"E 12","name":"Baggbölebron","highway":"trunk"}},{"type":"Feature","geometry":{"type":"Point","coordinates":[15.4208413,59.3110133]},"properties":{"id":"1040588128","road":"E 18","name":null,"highway":"motorway"}},{"type":"Feature","geometry":{"type":"Point","coordinates":[15.2878928,59.3076605]},"properties":{"id":"1040588130","road":"E 18","name":null,"highway":"motorway"}},{"type":"Feature","geometry":{"type":"Point","coordinates":[17.373461,62.213662]},"properties":{"id":"1040737470","road":"E 4","name":null,"highway":"trunk"}},{"type":"Feature","geometry":{"type":"Point","coordinates":[15.2072724,59.3932267]},"properties":{"id":"1040813406","road":"50","name":null,"highway":"trunk"}},{"type":"Feature","geometry":{"type":"Point","coordinates":[15.2364455,59.3526662]},"properties":{"id":"1041167817","road":"50","name":null,"highway":"trunk"}},{"type":"Feature","geometry":{"type":"Point","coordinates":[15.2296886,59.3165573]},"properties":{"id":"1043398295","road":"50","name":"Faluvägen","highway":"trunk"}},{"type":"Feature","geometry":{"type":"Point","coordinates":[15.2292309,59.3001318]},"properties":{"id":"1043398297","road":"50","name":"Faluvägen","highway":"trunk"}},{"type":"Feature","geometry":{"type":"Point","coordinates":[15.228831,59.3120358]},"properties":{"id":"1043398298","road":"50","name":"Faluvägen","highway":"trunk"}},{"type":"Feature","geometry":{"type":"Point","coordinates":[15.2174053,59.2848652]},"properties":{"id":"1044355386","road":"E 20.5","name":"Östra Bangatan","highway":"primary"}},{"type":"Feature","geometry":{"type":"Point","coordinates":[15.223253,59.2888651]},"properties":{"id":"1044355387","road":"E 20.5","name":"Östra Bangatan","highway":"primary"}},{"type":"Feature","geometry":{"type":"Point","coordinates":[14.3347473,57.7290864]},"properties":{"id":"1044476243","road":"31","name":null,"highway":"trunk"}},{"type":"Feature","geometry":{"type":"Point","coordinates":[14.3659163,57.720723]},"properties":{"id":"1044476259","road":"31","name":null,"highway":"trunk"}},{"type":"Feature","geometry":{"type":"Point","coordinates":[15.2264236,59.2933191]},"properties":{"id":"1050509804","road":"E 20.5","name":"Östra Bangatan","highway":"primary"}},{"type":"Feature","geometry":{"type":"Point","coordinates":[15.2140695,59.2950822]},"properties":{"id":"1050509832","road":"E 18","name":"Västerleden","highway":"motorway"}},{"type":"Feature","geometry":{"type":"Point","coordinates":[15.2232566,59.2955538]},"properties":{"id":"1050509834","road":"E 18","name":"Västerleden","highway":"motorway"}},{"type":"Feature","geometry":{"type":"Point","coordinates":[11.8610707,57.7146261]},"properties":{"id":"1054061051","road":"E 6.20","name":"Hisingsleden","highway":"trunk"}},{"type":"Feature","geometry":{"type":"Point","coordinates":[11.8581238,57.7102495]},"properties":{"id":"1054061053","road":"E 6.22","name":"Halvors länk","highway":"trunk"}},{"type":"Feature","geometry":{"type":"Point","coordinates":[11.8590311,57.7053252]},"properties":{"id":"1054064617","road":"E 6.22","name":"Halvors länk","highway":"trunk"}},{"type":"Feature","geometry":{"type":"Point","coordinates":[15.1917445,59.2646488]},"properties":{"id":"1056369753","road":"E 20.5","name":"Södra Infartsleden","highway":"primary"}},{"type":"Feature","geometry":{"type":"Point","coordinates":[15.8765954,56.7327826]},"properties":{"id":"1056440903","road":"25","name":null,"highway":"trunk"}},{"type":"Feature","geometry":{"type":"Point","coordinates":[15.7515676,56.7075919]},"properties":{"id":"1056440928","road":"25","name":null,"highway":"trunk"}},{"type":"Feature","geometry":{"type":"Point","coordinates":[13.4742789,58.4592258]},"properties":{"id":"1064159290","road":"E 20","name":null,"highway":"trunk"}},{"type":"Feature","geometry":{"type":"Point","coordinates":[11.9804191,57.7267456]},"properties":{"id":"1067331099","road":"E 6.21","name":null,"highway":"motorway"}},{"type":"Feature","geometry":{"type":"Point","coordinates":[11.9845301,57.7278475]},"properties":{"id":"1067331147","road":"E 6.21","name":null,"highway":"motorway"}},{"type":"Feature","geometry":{"type":"Point","coordinates":[14.9423056,59.2463599]},"properties":{"id":"1067652433","road":"E 18","name":null,"highway":"motorway"}},{"type":"Feature","geometry":{"type":"Point","coordinates":[14.981505,59.2457811]},"properties":{"id":"1067652434","road":"E 18","name":null,"highway":"motorway"}},{"type":"Feature","geometry":{"type":"Point","coordinates":[15.084175,59.2465117]},"properties":{"id":"1068422633","road":"E 18","name":null,"highway":"motorway"}},{"type":"Feature","geometry":{"type":"Point","coordinates":[15.1202319,59.2394983]},"properties":{"id":"1068422636","road":"E 18","name":null,"highway":"trunk"}},{"type":"Feature","geometry":{"type":"Point","coordinates":[15.1408106,59.227629]},"properties":{"id":"1069386186","road":"E 20","name":null,"highway":"motorway"}},{"type":"Feature","geometry":{"type":"Point","coordinates":[21.762105,65.7620098]},"properties":{"id":"1070205893","road":"97","name":"Lulevägen","highway":"primary"}},{"type":"Feature","geometry":{"type":"Point","coordinates":[21.7649335,65.7526646]},"properties":{"id":"1070205916","road":"97","name":"Lulevägen","highway":"primary"}},{"type":"Feature","geometry":{"type":"Point","coordinates":[20.8354712,66.2629503]},"properties":{"id":"1071281471","road":"97","name":null,"highway":"primary"}},{"type":"Feature","geometry":{"type":"Point","coordinates":[14.6359853,58.6728928]},"properties":{"id":"1072549796","road":"49","name":null,"highway":"primary"}},{"type":"Feature","geometry":{"type":"Point","coordinates":[19.9011373,66.8115139]},"properties":{"id":"1074139061","road":"E 45","name":"Inlandsvägen","highway":"trunk"}},{"type":"Feature","geometry":{"type":"Point","coordinates":[19.8325347,66.3215304]},"properties":{"id":"1075860783","road":"E 45","name":null,"highway":"trunk"}},{"type":"Feature","geometry":{"type":"Point","coordinates":[18.3380969,63.0571173]},"properties":{"id":"1076980299","road":"E 4","name":null,"highway":"trunk"}},{"type":"Feature","geometry":{"type":"Point","coordinates":[15.0072092,58.9406026]},"properties":{"id":"1077769518","road":"50","name":null,"highway":"trunk"}},{"type":"Feature","geometry":{"type":"Point","coordinates":[15.0411925,58.9928442]},"properties":{"id":"1077769520","road":"50","name":null,"highway":"trunk"}},{"type":"Feature","geometry":{"type":"Point","coordinates":[15.042143,58.9970756]},"properties":{"id":"1077769548","road":"50","name":null,"highway":"trunk"}},{"type":"Feature","geometry":{"type":"Point","coordinates":[19.7357605,64.1755692]},"properties":{"id":"1078074220","road":"363","name":null,"highway":"primary"}},{"type":"Feature","geometry":{"type":"Point","coordinates":[14.8904847,58.8262823]},"properties":{"id":"1078765232","road":"49","name":null,"highway":"primary"}},{"type":"Feature","geometry":{"type":"Point","coordinates":[14.8546203,58.8133726]},"properties":{"id":"1078765236","road":"49","name":null,"highway":"primary"}},{"type":"Feature","geometry":{"type":"Point","coordinates":[14.8824263,58.8219995]},"properties":{"id":"1078765237","road":"49","name":null,"highway":"primary"}},{"type":"Feature","geometry":{"type":"Point","coordinates":[14.9132293,58.8511618]},"properties":{"id":"1079492666","road":"50","name":null,"highway":"trunk"}},{"type":"Feature","geometry":{"type":"Point","coordinates":[23.0414062,65.8700053]},"properties":{"id":"1080214946","road":"E 4","name":null,"highway":"trunk"}},{"type":"Feature","geometry":{"type":"Point","coordinates":[14.9871319,58.7880671]},"properties":{"id":"1080635516","road":"50","name":null,"highway":"trunk"}},{"type":"Feature","geometry":{"type":"Point","coordinates":[23.3138279,65.8248454]},"properties":{"id":"1080700251","road":"E 4","name":null,"highway":"trunk"}},{"type":"Feature","geometry":{"type":"Point","coordinates":[14.9844825,58.7340727]},"properties":{"id":"1081366977","road":"50","name":null,"highway":"trunk"}},{"type":"Feature","geometry":{"type":"Point","coordinates":[14.8151956,58.7900874]},"properties":{"id":"1081810558","road":"49","name":null,"highway":"primary"}},{"type":"Feature","geometry":{"type":"Point","coordinates":[17.0287991,63.7799792]},"properties":{"id":"1082580661","road":"90","name":null,"highway":"primary"}},{"type":"Feature","geometry":{"type":"Point","coordinates":[16.8370283,63.6829162]},"properties":{"id":"1082724195","road":"90","name":null,"highway":"primary"}},{"type":"Feature","geometry":{"type":"Point","coordinates":[16.9965961,63.377695]},"properties":{"id":"1086601701","road":"90","name":null,"highway":"primary"}},{"type":"Feature","geometry":{"type":"Point","coordinates":[17.2125805,63.2337115]},"properties":{"id":"1088257310","road":"90","name":null,"highway":"primary"}},{"type":"Feature","geometry":{"type":"Point","coordinates":[17.200817,63.1686783]},"properties":{"id":"1089801890","road":"87","name":null,"highway":"primary"}},{"type":"Feature","geometry":{"type":"Point","coordinates":[17.3027658,63.1593042]},"properties":{"id":"1090814479","road":"90","name":null,"highway":"primary"}},{"type":"Feature","geometry":{"type":"Point","coordinates":[17.2484797,63.1661529]},"properties":{"id":"1090814611","road":"90","name":null,"highway":"primary"}},{"type":"Feature","geometry":{"type":"Point","coordinates":[16.8706406,63.0681789]},"properties":{"id":"1091532454","road":"87","name":null,"highway":"primary"}},{"type":"Feature","geometry":{"type":"Point","coordinates":[16.8192264,63.0592666]},"properties":{"id":"1091532456","road":"87","name":null,"highway":"primary"}},{"type":"Feature","geometry":{"type":"Point","coordinates":[16.3853594,61.3917681]},"properties":{"id":"1093097095","road":"83","name":null,"highway":"primary"}},{"type":"Feature","geometry":{"type":"Point","coordinates":[16.319102,59.4531433]},"properties":{"id":"1093118020","road":"56","name":"Kvicksundsbron","highway":"trunk"}},{"type":"Feature","geometry":{"type":"Point","coordinates":[17.8049599,59.1160141]},"properties":{"id":"1096309522","road":"225","name":"Nynäsvägen","highway":"primary"}},{"type":"Feature","geometry":{"type":"Point","coordinates":[17.3380027,62.3944212]},"properties":{"id":"1096349299","road":"E 4","name":null,"highway":"motorway"}},{"type":"Feature","geometry":{"type":"Point","coordinates":[17.3383873,62.3932533]},"properties":{"id":"1096349302","road":"E 4","name":"Sundsvallsbron","highway":"motorway"}},{"type":"Feature","geometry":{"type":"Point","coordinates":[17.3384601,62.3926704]},"properties":{"id":"1096349303","road":"E 4","name":"Sundsvallsbron","highway":"motorway"}},{"type":"Feature","geometry":{"type":"Point","coordinates":[17.3455559,62.3853032]},"properties":{"id":"1096349304","road":"E 4","name":"Sundsvallsbron","highway":"motorway"}},{"type":"Feature","geometry":{"type":"Point","coordinates":[17.3467243,62.3843911]},"properties":{"id":"1096349305","road":"E 4","name":"Sundsvallsbron","highway":"motorway"}},{"type":"Feature","geometry":{"type":"Point","coordinates":[17.3480739,62.3836694]},"properties":{"id":"1096349310","road":"E 4","name":null,"highway":"motorway"}},{"type":"Feature","geometry":{"type":"Point","coordinates":[13.1338801,59.7252288]},"properties":{"id":"1098294589","road":"E 45","name":"Inlandsvägen","highway":"trunk"}},{"type":"Feature","geometry":{"type":"Point","coordinates":[13.4402975,59.773618]},"properties":{"id":"1098296199","road":"62","name":"Klarälvsvägen","highway":"primary"}},{"type":"Feature","geometry":{"type":"Point","coordinates":[17.7018776,62.9768506]},"properties":{"id":"1098350230","road":"90","name":"Södra Ådalsvägen","highway":"primary"}},{"type":"Feature","geometry":{"type":"Point","coordinates":[14.953016,58.0536477]},"properties":{"id":"1098557537","road":"32","name":null,"highway":"primary"}},{"type":"Feature","geometry":{"type":"Point","coordinates":[19.421627,63.9365898]},"properties":{"id":"1098735354","road":"92","name":"92","highway":"primary"}},{"type":"Feature","geometry":{"type":"Point","coordinates":[14.6649059,61.7600052]},"properties":{"id":"1098819641","road":"E 45","name":"Sjöändan Inlandsvägen","highway":"trunk"}},{"type":"Feature","geometry":{"type":"Point","coordinates":[23.1026139,65.8573602]},"properties":{"id":"1099221865","road":"E 4","name":null,"highway":"trunk"}},{"type":"Feature","geometry":{"type":"Point","coordinates":[16.9350479,64.208325]},"properties":{"id":"1099282650","road":"92","name":null,"highway":"primary"}},{"type":"Feature","geometry":{"type":"Point","coordinates":[23.0084341,65.8761083]},"properties":{"id":"1099399282","road":"E 4","name":"E4","highway":"trunk"}},{"type":"Feature","geometry":{"type":"Point","coordinates":[22.9623902,65.8833832]},"properties":{"id":"1099399287","road":"E 4","name":null,"highway":"trunk"}},{"type":"Feature","geometry":{"type":"Point","coordinates":[18.2221284,59.313772]},"properties":{"id":"1100708893","road":"222","name":"Skurubron","highway":"motorway"}},{"type":"Feature","geometry":{"type":"Point","coordinates":[18.2194861,59.3139046]},"properties":{"id":"1100715985","road":"222","name":"Skurubron","highway":"motorway"}},{"type":"Feature","geometry":{"type":"Point","coordinates":[17.9275233,62.7912185]},"properties":{"id":"1100889646","road":"E 4","name":"Högakustenbron","highway":"trunk"}},{"type":"Feature","geometry":{"type":"Point","coordinates":[17.881233,62.7095638]},"properties":{"id":"1100889835","road":"E 4","name":null,"highway":"trunk"}},{"type":"Feature","geometry":{"type":"Point","coordinates":[17.9223447,62.7245645]},"properties":{"id":"1100889836","road":"E 4","name":null,"highway":"trunk"}},{"type":"Feature","geometry":{"type":"Point","coordinates":[23.144679,65.8537861]},"properties":{"id":"1100905818","road":"E 4","name":null,"highway":"trunk"}},{"type":"Feature","geometry":{"type":"Point","coordinates":[22.8314558,66.357178]},"properties":{"id":"1102365738","road":"98","name":null,"highway":"primary"}},{"type":"Feature","geometry":{"type":"Point","coordinates":[21.5053661,65.142939]},"properties":{"id":"1105824625","road":"E 4","name":null,"highway":"trunk"}},{"type":"Feature","geometry":{"type":"Point","coordinates":[15.1055898,59.1594118]},"properties":{"id":"1106087700","road":"E 20","name":null,"highway":"motorway"}},{"type":"Feature","geometry":{"type":"Point","coordinates":[15.0869069,59.1417527]},"properties":{"id":"1106087701","road":"E 20","name":null,"highway":"motorway"}},{"type":"Feature","geometry":{"type":"Point","coordinates":[15.0793133,59.135251]},"properties":{"id":"1106087702","road":"E 20","name":null,"highway":"motorway"}},{"type":"Feature","geometry":{"type":"Point","coordinates":[15.6710851,58.1118771]},"properties":{"id":"1106090667","road":"23","name":null,"highway":"primary"}},{"type":"Feature","geometry":{"type":"Point","coordinates":[15.2603439,59.1344725]},"properties":{"id":"1106567233","road":"52","name":null,"highway":"primary"}},{"type":"Feature","geometry":{"type":"Point","coordinates":[15.3371312,59.1335061]},"properties":{"id":"1108134371","road":"52","name":null,"highway":"primary"}},{"type":"Feature","geometry":{"type":"Point","coordinates":[19.9481515,67.9784212]},"properties":{"id":"1110815033","road":"E 10","name":null,"highway":"trunk"}},{"type":"Feature","geometry":{"type":"Point","coordinates":[17.3527999,62.2655957]},"properties":{"id":"1111813329","road":"E 4","name":null,"highway":"trunk"}},{"type":"Feature","geometry":{"type":"Point","coordinates":[17.3486373,62.2675449]},"properties":{"id":"1111813335","road":"E 4","name":null,"highway":"motorway"}},{"type":"Feature","geometry":{"type":"Point","coordinates":[15.0181798,59.0462464]},"properties":{"id":"1112135172","road":"50","name":null,"highway":"trunk"}},{"type":"Feature","geometry":{"type":"Point","coordinates":[17.8762959,60.4035435]},"properties":{"id":"1113706979","road":"76","name":null,"highway":"primary"}},{"type":"Feature","geometry":{"type":"Point","coordinates":[15.5490586,62.5078258]},"properties":{"id":"1119608696","road":"83","name":null,"highway":"primary"}},{"type":"Feature","geometry":{"type":"Point","coordinates":[15.8532299,62.5552225]},"properties":{"id":"1120078432","road":"E 14","name":null,"highway":"trunk"}},{"type":"Feature","geometry":{"type":"Point","coordinates":[16.2680151,62.4904835]},"properties":{"id":"1121703566","road":"E 14","name":null,"highway":"trunk"}},{"type":"Feature","geometry":{"type":"Point","coordinates":[16.3377943,62.4793786]},"properties":{"id":"1122901057","road":"E 14","name":null,"highway":"trunk"}},{"type":"Feature","geometry":{"type":"Point","coordinates":[14.8236732,59.2528755]},"properties":{"id":"1124373878","road":"E 18","name":null,"highway":"trunk"}},{"type":"Feature","geometry":{"type":"Point","coordinates":[14.7949974,59.2662879]},"properties":{"id":"1124373885","road":"E 18","name":null,"highway":"trunk"}},{"type":"Feature","geometry":{"type":"Point","coordinates":[18.0756745,59.305914]},"properties":{"id":"1126741922","road":"E 4.25","name":"Johanneshovsbron","highway":"trunk"}},{"type":"Feature","geometry":{"type":"Point","coordinates":[13.0114978,59.1810231]},"properties":{"id":"1130887557","road":"E 45","name":"Brovägen","highway":"trunk"}},{"type":"Feature","geometry":{"type":"Point","coordinates":[18.5942333,59.9209175]},"properties":{"id":"1130916490","road":"76","name":"Hallstaviksvägen","highway":"primary"}},{"type":"Feature","geometry":{"type":"Point","coordinates":[14.9695197,57.5984889]},"properties":{"id":"1130918720","road":"32","name":null,"highway":"primary"}},{"type":"Feature","geometry":{"type":"Point","coordinates":[14.8178076,60.3674553]},"properties":{"id":"1130921927","road":"66","name":null,"highway":"primary"}},{"type":"Feature","geometry":{"type":"Point","coordinates":[16.1196755,59.279648]},"properties":{"id":"1132218089","road":"56","name":null,"highway":"trunk"}},{"type":"Feature","geometry":{"type":"Point","coordinates":[16.1189959,59.2653182]},"properties":{"id":"1132218245","road":"56","name":null,"highway":"trunk"}},{"type":"Feature","geometry":{"type":"Point","coordinates":[14.9508856,58.0336253]},"properties":{"id":"1134267331","road":"32","name":null,"highway":"primary"}},{"type":"Feature","geometry":{"type":"Point","coordinates":[14.9476118,58.0411326]},"properties":{"id":"1134267341","road":"32","name":null,"highway":"primary"}},{"type":"Feature","geometry":{"type":"Point","coordinates":[14.9449712,58.0228913]},"properties":{"id":"1139023320","road":"32","name":null,"highway":"primary"}},{"type":"Feature","geometry":{"type":"Point","coordinates":[14.9200084,57.9961533]},"properties":{"id":"1139023361","road":"32","name":null,"highway":"primary"}},{"type":"Feature","geometry":{"type":"Point","coordinates":[14.9159026,57.9878054]},"properties":{"id":"1139023382","road":"32","name":null,"highway":"primary"}},{"type":"Feature","geometry":{"type":"Point","coordinates":[16.4666705,59.3930243]},"properties":{"id":"1149619776","road":"E 20","name":null,"highway":"trunk"}},{"type":"Feature","geometry":{"type":"Point","coordinates":[16.0077145,58.2001183]},"properties":{"id":"1152245100","road":"35","name":null,"highway":"primary"}},{"type":"Feature","geometry":{"type":"Point","coordinates":[17.9202056,59.4288335]},"properties":{"id":"1156274843","road":"265","name":null,"highway":"motorway"}},{"type":"Feature","geometry":{"type":"Point","coordinates":[17.3453599,62.334039]},"properties":{"id":"1158158383","road":"E 4","name":null,"highway":"motorway"}},{"type":"Feature","geometry":{"type":"Point","coordinates":[17.3500573,62.2917918]},"properties":{"id":"1158158409","road":"E 4","name":null,"highway":"motorway"}},{"type":"Feature","geometry":{"type":"Point","coordinates":[20.3402197,63.8448361]},"properties":{"id":"1160230625","road":"E 4","name":"Kolbäcksvägen","highway":"trunk"}},{"type":"Feature","geometry":{"type":"Point","coordinates":[13.6078184,61.3266096]},"properties":{"id":"1162292234","road":"70","name":"Särnavägen","highway":"primary"}},{"type":"Feature","geometry":{"type":"Point","coordinates":[13.1872657,61.1690427]},"properties":{"id":"1165943147","road":"66","name":"Nya Fjällvägen","highway":"primary"}},{"type":"Feature","geometry":{"type":"Point","coordinates":[17.3392823,62.3909383]},"properties":{"id":"1167430198","road":"E 4","name":"Sundsvallsbron","highway":"motorway"}},{"type":"Feature","geometry":{"type":"Point","coordinates":[17.33894,62.3919306]},"properties":{"id":"1167430200","road":"E 4","name":"Sundsvallsbron","highway":"motorway"}},{"type":"Feature","geometry":{"type":"Point","coordinates":[16.5851648,59.2593139]},"properties":{"id":"1168117555","road":"53","name":null,"highway":"primary"}},{"type":"Feature","geometry":{"type":"Point","coordinates":[15.9793037,58.6708832]},"properties":{"id":"1179687602","road":"51","name":null,"highway":"primary"}},{"type":"Feature","geometry":{"type":"Point","coordinates":[12.0694355,58.331787]},"properties":{"id":"1180761248","road":"44","name":null,"highway":"motorway"}},{"type":"Feature","geometry":{"type":"Point","coordinates":[12.1127082,58.3349842]},"properties":{"id":"1180761258","road":"44","name":null,"highway":"motorway"}},{"type":"Feature","geometry":{"type":"Point","coordinates":[14.8661228,57.8229369]},"properties":{"id":"1182099756","road":"32","name":null,"highway":"primary"}},{"type":"Feature","geometry":{"type":"Point","coordinates":[22.1281435,67.448274]},"properties":{"id":"1184822710","road":"395","name":null,"highway":"primary"}},{"type":"Feature","geometry":{"type":"Point","coordinates":[13.4755753,59.7839389]},"properties":{"id":"1186081494","road":"62","name":"Klarälvsvägen","highway":"primary"}},{"type":"Feature","geometry":{"type":"Point","coordinates":[12.8333316,58.1080276]},"properties":{"id":"1187545625","road":"E 20","name":null,"highway":"trunk"}},{"type":"Feature","geometry":{"type":"Point","coordinates":[13.4478377,59.5212578]},"properties":{"id":"1188185456","road":"62","name":"Klarälvsvägen","highway":"primary"}},{"type":"Feature","geometry":{"type":"Point","coordinates":[16.1522857,58.6876123]},"properties":{"id":"1191354426","road":"55","name":null,"highway":"trunk"}},{"type":"Feature","geometry":{"type":"Point","coordinates":[16.151512,58.6753419]},"properties":{"id":"1191357589","road":"55","name":null,"highway":"trunk"}},{"type":"Feature","geometry":{"type":"Point","coordinates":[13.0705947,56.7084328]},"properties":{"id":"1191478970","road":"25","name":"Växjövägen","highway":"trunk"}},{"type":"Feature","geometry":{"type":"Point","coordinates":[20.2256887,67.8683778]},"properties":{"id":"1192920086","road":"E 10","name":null,"highway":"trunk"}},{"type":"Feature","geometry":{"type":"Point","coordinates":[16.1099246,59.1578298]},"properties":{"id":"1193091463","road":"56","name":null,"highway":"trunk"}},{"type":"Feature","geometry":{"type":"Point","coordinates":[12.8669169,62.402672]},"properties":{"id":"1193629423","road":"84","name":null,"highway":"primary"}},{"type":"Feature","geometry":{"type":"Point","coordinates":[12.7490505,62.4245897]},"properties":{"id":"1193629432","road":"84","name":null,"highway":"primary"}},{"type":"Feature","geometry":{"type":"Point","coordinates":[13.9434473,56.8578687]},"properties":{"id":"1193640860","road":"25","name":null,"highway":"trunk"}},{"type":"Feature","geometry":{"type":"Point","coordinates":[16.6643437,56.871809]},"properties":{"id":"1197280559","road":"136","name":null,"highway":"primary"}},{"type":"Feature","geometry":{"type":"Point","coordinates":[11.2492158,59.0767617]},"properties":{"id":"1202625539","road":"E 6","name":null,"highway":"motorway"}},{"type":"Feature","geometry":{"type":"Point","coordinates":[16.8698158,59.776402]},"properties":{"id":"1203057551","road":"70","name":null,"highway":"trunk"}},{"type":"Feature","geometry":{"type":"Point","coordinates":[16.5924777,59.8862386]},"properties":{"id":"1203869938","road":"56","name":null,"highway":"trunk"}},{"type":"Feature","geometry":{"type":"Point","coordinates":[18.3052109,64.0797346]},"properties":{"id":"1211582000","road":"92","name":null,"highway":"primary"}},{"type":"Feature","geometry":{"type":"Point","coordinates":[14.4689724,59.7402541]},"properties":{"id":"1219548535","road":"63","name":null,"highway":"primary"}},{"type":"Feature","geometry":{"type":"Point","coordinates":[16.201251,59.0072871]},"properties":{"id":"1223482323","road":"52","name":null,"highway":"primary"}},{"type":"Feature","geometry":{"type":"Point","coordinates":[16.916601,60.0838983]},"properties":{"id":"1225665101","road":"56","name":null,"highway":"trunk"}},{"type":"Feature","geometry":{"type":"Point","coordinates":[13.6050657,56.4758017]},"properties":{"id":"1228047221","road":"15","name":null,"highway":"primary"}},{"type":"Feature","geometry":{"type":"Point","coordinates":[15.2479356,59.1953269]},"properties":{"id":"1238872607","road":"51","name":null,"highway":"primary"}},{"type":"Feature","geometry":{"type":"Point","coordinates":[15.1326581,59.4692344]},"properties":{"id":"1242472475","road":"50","name":null,"highway":"trunk"}},{"type":"Feature","geometry":{"type":"Point","coordinates":[17.2725173,64.2756493]},"properties":{"id":"1244911809","road":"90","name":null,"highway":"primary"}},{"type":"Feature","geometry":{"type":"Point","coordinates":[15.5569906,60.6534951]},"properties":{"id":"1247270164","road":"69","name":null,"highway":"primary"}},{"type":"Feature","geometry":{"type":"Point","coordinates":[15.6462981,60.6621351]},"properties":{"id":"1251180321","road":"50","name":null,"highway":"primary"}},{"type":"Feature","geometry":{"type":"Point","coordinates":[16.9377792,61.2888673]},"properties":{"id":"1258371615","road":"50","name":null,"highway":"primary"}},{"type":"Feature","geometry":{"type":"Point","coordinates":[14.7006735,59.0032657]},"properties":{"id":"1265458149","road":"E 20","name":null,"highway":"trunk"}},{"type":"Feature","geometry":{"type":"Point","coordinates":[15.7081912,56.1893159]},"properties":{"id":"1266040972","road":"E 22","name":null,"highway":"trunk"}},{"type":"Feature","geometry":{"type":"Point","coordinates":[15.7012317,56.1923756]},"properties":{"id":"1266040974","road":"E 22","name":null,"highway":"trunk"}},{"type":"Feature","geometry":{"type":"Point","coordinates":[15.86228,56.2109625]},"properties":{"id":"1267222732","road":"E 22","name":null,"highway":"trunk"}},{"type":"Feature","geometry":{"type":"Point","coordinates":[14.5382824,58.968492]},"properties":{"id":"1268095194","road":"E 20","name":null,"highway":"trunk"}},{"type":"Feature","geometry":{"type":"Point","coordinates":[14.5670476,58.9757285]},"properties":{"id":"1268095223","road":"E 20","name":null,"highway":"trunk"}},{"type":"Feature","geometry":{"type":"Point","coordinates":[16.0076326,58.6674149]},"properties":{"id":"1270362331","road":"51","name":null,"highway":"primary"}},{"type":"Feature","geometry":{"type":"Point","coordinates":[12.8436421,56.1591975]},"properties":{"id":"1279729700","road":"E 6","name":null,"highway":"motorway"}},{"type":"Feature","geometry":{"type":"Point","coordinates":[17.5056386,60.3291047]},"properties":{"id":"1279929383","road":"E 4","name":null,"highway":"motorway"}},{"type":"Feature","geometry":{"type":"Point","coordinates":[17.5449763,60.1435731]},"properties":{"id":"1279929403","road":"E 4","name":null,"highway":"motorway"}},{"type":"Feature","geometry":{"type":"Point","coordinates":[20.2118144,64.8842603]},"properties":{"id":"1280496247","road":"370","name":null,"highway":"primary"}},{"type":"Feature","geometry":{"type":"Point","coordinates":[23.8266622,65.8178195]},"properties":{"id":"1280685517","road":"E 4","name":null,"highway":"trunk"}},{"type":"Feature","geometry":{"type":"Point","coordinates":[23.6684883,65.842843]},"properties":{"id":"1280685522","road":"E 4","name":null,"highway":"trunk"}},{"type":"Feature","geometry":{"type":"Point","coordinates":[24.060684,65.8229546]},"properties":{"id":"1281079756","road":"E 4","name":null,"highway":"trunk"}},{"type":"Feature","geometry":{"type":"Point","coordinates":[24.0564279,65.8224509]},"properties":{"id":"1281079758","road":"E 4","name":null,"highway":"trunk"}},{"type":"Feature","geometry":{"type":"Point","coordinates":[18.2949104,59.3229774]},"properties":{"id":"1282417640","road":"222","name":"Värmdöleden","highway":"motorway"}},{"type":"Feature","geometry":{"type":"Point","coordinates":[18.3034039,59.3264689]},"properties":{"id":"1282417642","road":"222","name":"Värmdöleden","highway":"motorway"}},{"type":"Feature","geometry":{"type":"Point","coordinates":[16.3315016,59.5474708]},"properties":{"id":"1303224933","road":"56","name":null,"highway":"trunk"}},{"type":"Feature","geometry":{"type":"Point","coordinates":[15.0141523,59.8920346]},"properties":{"id":"1305914283","road":"63","name":null,"highway":"primary"}},{"type":"Feature","geometry":{"type":"Point","coordinates":[15.0201673,59.9027519]},"properties":{"id":"1305914295","road":"50","name":null,"highway":"trunk"}},{"type":"Feature","geometry":{"type":"Point","coordinates":[15.0175987,59.8920753]},"properties":{"id":"1305914316","road":"50","name":null,"highway":"trunk"}},{"type":"Feature","geometry":{"type":"Point","coordinates":[13.7549477,56.1807736]},"properties":{"id":"1310690586","road":"21","name":null,"highway":"primary"}},{"type":"Feature","geometry":{"type":"Point","coordinates":[13.7590288,56.1816301]},"properties":{"id":"1310690589","road":"21","name":null,"highway":"primary"}},{"type":"Feature","geometry":{"type":"Point","coordinates":[13.1066971,56.1262067]},"properties":{"id":"1311001395","road":"13","name":null,"highway":"primary"}},{"type":"Feature","geometry":{"type":"Point","coordinates":[12.3918017,57.0208091]},"properties":{"id":"1322030244","road":"E 6","name":null,"highway":"motorway"}},{"type":"Feature","geometry":{"type":"Point","coordinates":[14.2250517,55.642446]},"properties":{"id":"1329411694","road":"9","name":"Rörums stora väg","highway":"primary"}},{"type":"Feature","geometry":{"type":"Point","coordinates":[13.1007044,55.724935]},"properties":{"id":"1330014951","road":"E 6.02","name":"Fjelievägen","highway":"primary"}},{"type":"Feature","geometry":{"type":"Point","coordinates":[13.0038125,56.1356079]},"properties":{"id":"1331732250","road":"21","name":null,"highway":"primary"}},{"type":"Feature","geometry":{"type":"Point","coordinates":[12.9373773,56.1441167]},"properties":{"id":"1331732270","road":"21","name":null,"highway":"primary"}},{"type":"Feature","geometry":{"type":"Point","coordinates":[12.9297913,56.1408733]},"properties":{"id":"1331732274","road":"E 4","name":null,"highway":"motorway"}},{"type":"Feature","geometry":{"type":"Point","coordinates":[20.2339933,63.8141071]},"properties":{"id":"1332497995","road":"E 12","name":null,"highway":"trunk"}},{"type":"Feature","geometry":{"type":"Point","coordinates":[15.1577033,56.3528769]},"properties":{"id":"1332913784","road":"27","name":null,"highway":"primary"}},{"type":"Feature","geometry":{"type":"Point","coordinates":[15.1633121,56.3463936]},"properties":{"id":"1332913786","road":"27","name":null,"highway":"primary"}},{"type":"Feature","geometry":{"type":"Point","coordinates":[17.074718,65.0011092]},"properties":{"id":"1333564424","road":"E 45","name":"Inlandsvägen","highway":"trunk"}},{"type":"Feature","geometry":{"type":"Point","coordinates":[16.9130787,64.8217129]},"properties":{"id":"1333564426","road":"E 45","name":"Inlandsvägen","highway":"trunk"}},{"type":"Feature","geometry":{"type":"Point","coordinates":[13.9659532,60.8232302]},"properties":{"id":"1333585842","road":"E 45","name":"Inlandsvägen","highway":"trunk"}},{"type":"Feature","geometry":{"type":"Point","coordinates":[12.2850418,58.3829614]},"properties":{"id":"1333682357","road":"E 45","name":null,"highway":"trunk"}},{"type":"Feature","geometry":{"type":"Point","coordinates":[12.9662825,56.8346595]},"properties":{"id":"1337589081","road":"26","name":null,"highway":"trunk"}},{"type":"Feature","geometry":{"type":"Point","coordinates":[13.0655405,56.9321941]},"properties":{"id":"1337838065","road":"26","name":"Nissastigen","highway":"trunk"}},{"type":"Feature","geometry":{"type":"Point","coordinates":[20.1420536,63.8328742]},"properties":{"id":"1337991000","road":"E 12","name":null,"highway":"trunk"}},{"type":"Feature","geometry":{"type":"Point","coordinates":[13.1645046,56.5351901]},"properties":{"id":"1339029270","road":"15","name":null,"highway":"primary"}},{"type":"Feature","geometry":{"type":"Point","coordinates":[21.3001059,64.9972798]},"properties":{"id":"1339541040","road":"E 4","name":null,"highway":"trunk"}},{"type":"Feature","geometry":{"type":"Point","coordinates":[15.1662334,56.3420107]},"properties":{"id":"1340638230","road":"27","name":null,"highway":"primary"}},{"type":"Feature","geometry":{"type":"Point","coordinates":[15.597472,56.1742054]},"properties":{"id":"1342114982","road":"28","name":"Österleden","highway":"motorway"}},{"type":"Feature","geometry":{"type":"Point","coordinates":[15.6077155,56.1780773]},"properties":{"id":"1342114989","road":"28","name":"Österleden","highway":"motorway"}},{"type":"Feature","geometry":{"type":"Point","coordinates":[14.5491234,59.3307933]},"properties":{"id":"1342701184","road":"E 18","name":"Örebrovägen","highway":"trunk"}},{"type":"Feature","geometry":{"type":"Point","coordinates":[13.0067453,56.251391]},"properties":{"id":"1343882457","road":"13","name":"Klippanvägen","highway":"primary"}},{"type":"Feature","geometry":{"type":"Point","coordinates":[16.3949877,61.3666534]},"properties":{"id":"1346241489","road":"83","name":"Arbråvägen","highway":"primary"}},{"type":"Feature","geometry":{"type":"Point","coordinates":[14.5059107,59.3238329]},"properties":{"id":"1348030420","road":"E 18","name":"Cpl Dalbackarna","highway":"trunk"}},{"type":"Feature","geometry":{"type":"Point","coordinates":[15.8388671,56.2080186]},"properties":{"id":"1350646920","road":"E 22","name":null,"highway":"trunk"}},{"type":"Feature","geometry":{"type":"Point","coordinates":[15.8432299,56.2089831]},"properties":{"id":"1350646922","road":"E 22","name":null,"highway":"trunk"}},{"type":"Feature","geometry":{"type":"Point","coordinates":[15.8542711,56.2104603]},"properties":{"id":"1354309267","road":"E 22","name":null,"highway":"trunk"}},{"type":"Feature","geometry":{"type":"Point","coordinates":[15.8263187,56.2044643]},"properties":{"id":"1354309279","road":"E 22","name":null,"highway":"trunk"}},{"type":"Feature","geometry":{"type":"Point","coordinates":[15.8187568,56.2021534]},"properties":{"id":"1354309287","road":"E 22","name":null,"highway":"trunk"}},{"type":"Feature","geometry":{"type":"Point","coordinates":[12.9046856,60.1278269]},"properties":{"id":"1370664557","road":"E 16","name":null,"highway":"trunk"}},{"type":"Feature","geometry":{"type":"Point","coordinates":[17.4403924,64.180559]},"properties":{"id":"1376099547","road":"92","name":null,"highway":"primary"}},{"type":"Feature","geometry":{"type":"Point","coordinates":[13.5621851,59.8574251]},"properties":{"id":"1380028891","road":"62","name":null,"highway":"primary"}},{"type":"Feature","geometry":{"type":"Point","coordinates":[18.6731434,59.8545298]},"properties":{"id":"1383644431","road":"76","name":"Norrtäljevägen","highway":"primary"}},{"type":"Feature","geometry":{"type":"Point","coordinates":[12.3118904,61.8211835]},"properties":{"id":"1411689477","road":"70","name":null,"highway":"primary"}},{"type":"Feature","geometry":{"type":"Point","coordinates":[14.880951,57.634687]},"properties":{"id":"1415707169","road":"40","name":null,"highway":"trunk"}},{"type":"Feature","geometry":{"type":"Point","coordinates":[14.8472374,57.6360528]},"properties":{"id":"1415707175","road":"40","name":"Nässjö - Eksjö mötesfri väg","highway":"trunk"}},{"type":"Feature","geometry":{"type":"Point","coordinates":[14.8261191,57.6364478]},"properties":{"id":"1415707178","road":"40","name":"Nässjö - Eksjö mötesfri väg","highway":"trunk"}},{"type":"Feature","geometry":{"type":"Point","coordinates":[14.3101891,60.5468658]},"properties":{"id":"1417567341","road":"E 16","name":null,"highway":"trunk"}},{"type":"Feature","geometry":{"type":"Point","coordinates":[14.4776701,56.9108567]},"properties":{"id":"1419168080","road":"25","name":null,"highway":"trunk"}},{"type":"Feature","geometry":{"type":"Point","coordinates":[14.4713307,56.9078073]},"properties":{"id":"1419168087","road":"25","name":null,"highway":"trunk"}},{"type":"Feature","geometry":{"type":"Point","coordinates":[13.663156,57.4795457]},"properties":{"id":"1420376405","road":"26","name":null,"highway":"trunk"}},{"type":"Feature","geometry":{"type":"Point","coordinates":[14.445839,56.9051326]},"properties":{"id":"1421741359","road":"25","name":null,"highway":"trunk"}},{"type":"Feature","geometry":{"type":"Point","coordinates":[15.9805152,58.4988395]},"properties":{"id":"1433607080","road":"E 4","name":null,"highway":"motorway"}},{"type":"Feature","geometry":{"type":"Point","coordinates":[14.0725054,56.2208512]},"properties":{"id":"1448122559","road":"19","name":null,"highway":"primary"}},{"type":"Feature","geometry":{"type":"Point","coordinates":[14.082037,56.1916722]},"properties":{"id":"1448122575","road":"19","name":null,"highway":"primary"}},{"type":"Feature","geometry":{"type":"Point","coordinates":[19.1720862,68.3213999]},"properties":{"id":"1451156983","road":"E 10","name":null,"highway":"trunk"}},{"type":"Feature","geometry":{"type":"Point","coordinates":[18.6965279,68.3979975]},"properties":{"id":"1451340421","road":"E 10","name":null,"highway":"trunk"}},{"type":"Feature","geometry":{"type":"Point","coordinates":[20.1262158,67.8965702]},"properties":{"id":"1451750583","road":"E 10","name":null,"highway":"trunk"}},{"type":"Feature","geometry":{"type":"Point","coordinates":[20.1941439,67.8756266]},"properties":{"id":"1451750592","road":"E 10","name":null,"highway":"trunk"}},{"type":"Feature","geometry":{"type":"Point","coordinates":[13.7138774,58.2639525]},"properties":{"id":"1453046658","road":"46","name":null,"highway":"primary"}},{"type":"Feature","geometry":{"type":"Point","coordinates":[14.9018632,56.7829382]},"properties":{"id":"1455235325","road":"27","name":null,"highway":"primary"}},{"type":"Feature","geometry":{"type":"Point","coordinates":[13.4199085,59.3940423]},"properties":{"id":"1455592772","road":"61","name":null,"highway":"primary"}},{"type":"Feature","geometry":{"type":"Point","coordinates":[16.8288587,61.1661077]},"properties":{"id":"1456417284","road":"83","name":null,"highway":"primary"}},{"type":"Feature","geometry":{"type":"Point","coordinates":[15.6023946,57.4101625]},"properties":{"id":"1460373985","road":"47","name":null,"highway":"primary"}},{"type":"Feature","geometry":{"type":"Point","coordinates":[15.9302979,56.7313329]},"properties":{"id":"1464374208","road":"25","name":"Södra vägen","highway":"trunk"}},{"type":"Feature","geometry":{"type":"Point","coordinates":[15.8608099,56.7337791]},"properties":{"id":"1465114777","road":"25","name":null,"highway":"trunk"}},{"type":"Feature","geometry":{"type":"Point","coordinates":[15.8463613,56.7333466]},"properties":{"id":"1465363028","road":"25","name":null,"highway":"trunk"}},{"type":"Feature","geometry":{"type":"Point","coordinates":[14.3679537,56.038316]},"properties":{"id":"1468421059","road":"E 22","name":"Sölvesborgsvägen","highway":"motorway"}},{"type":"Feature","geometry":{"type":"Point","coordinates":[17.8236823,59.4628951]},"properties":{"id":"1468839805","road":"E 18","name":null,"highway":"motorway"}},{"type":"Feature","geometry":{"type":"Point","coordinates":[21.2984834,64.3940497]},"properties":{"id":"1480733237","road":"E 4","name":null,"highway":"trunk"}},{"type":"Feature","geometry":{"type":"Point","coordinates":[13.2683843,56.3444609]},"properties":{"id":"1486440211","road":"24","name":null,"highway":"primary"}},{"type":"Feature","geometry":{"type":"Point","coordinates":[12.913561,56.3188002]},"properties":{"id":"1487298483","road":"E 6","name":null,"highway":"motorway"}},{"type":"Feature","geometry":{"type":"Point","coordinates":[23.9587387,66.03778]},"properties":{"id":"1490518431","road":"99","name":"Stationsvägen","highway":"primary"}},{"type":"Feature","geometry":{"type":"Point","coordinates":[13.6414558,58.6023663]},"properties":{"id":"1496656135","road":"E 20","name":null,"highway":"trunk"}},{"type":"Feature","geometry":{"type":"Point","coordinates":[13.5840026,58.5665223]},"properties":{"id":"1503939654","road":"E 20","name":null,"highway":"trunk"}}]}